doc_id,article_uri,author_name,author_order,author_slug
960337,http://idearq.org/resource/article/960337,Amelia del Carmen Rodríguez Rodríguez,1,amelia_del_carmen_rodriguez_rodriguez
960337,http://idearq.org/resource/article/960337,Riker Yll Aguirre,2,riker_yll_aguirre
958519,http://idearq.org/resource/article/958519,"Cabré Aguiló, Juan, Cerralbo, Enrique Aguilera y Gamboa",1,cabre_aguilo_juan_cerralbo_enrique_aguilera_y_gamboa
959461,http://idearq.org/resource/article/959461,Hugo Obermaier,1,hugo_obermaier
959461,http://idearq.org/resource/article/959461,Henri Breuil,2,henri_breuil
958846,http://idearq.org/resource/book/958846,Juan B. Porcar,1,juan_b_porcar
958846,http://idearq.org/resource/book/958846,Hugo Obermaier,2,hugo_obermaier
958846,http://idearq.org/resource/book/958846,Enrique Breuil,3,enrique_breuil
958846,http://idearq.org/resource/book/958846,Sección de Excavaciones Junta Superior del Tesoro Artístico,4,seccion_de_excavaciones_junta_superior_del_tesoro_artistico
960106,http://idearq.org/resource/article/960106,Salvador Vilaseca Anguera,1,salvador_vilaseca_anguera
960476,http://idearq.org/resource/article/960476,Hideki IMAI,1,hideki_imai
960134,http://idearq.org/resource/book/960134,Georg Klaus Leisner,1,georg_klaus_leisner
960134,http://idearq.org/resource/book/960134,Vera Leisner,2,vera_leisner
959757,http://idearq.org/resource/book/959757,"Corrêa, A. A. Mendes, b.",1,correa_a_a_mendes_b
959757,http://idearq.org/resource/book/959757,Carlos Teixeira,2,carlos_teixeira
959460,http://idearq.org/resource/article/959460,Martín Almagro Basch,1,martin_almagro_basch
959457,http://idearq.org/resource/article/959457,Juan Bautista Porcar Ripollés,1,juan_bautista_porcar_ripolles
960122,http://idearq.org/resource/article/960122,Francisco Jordá Cerdá,1,francisco_jorda_cerda
958830,http://idearq.org/resource/article/958830,René Van Compernolle,1,rene_van_compernolle
959673,http://idearq.org/resource/article/959673,W. S. Broecker,1,w_s_broecker
959673,http://idearq.org/resource/article/959673,J. L. Kulp,2,j_l_kulp
960110,http://idearq.org/resource/article/960110,Domingo Fletcher Valls,1,domingo_fletcher_valls
960110,http://idearq.org/resource/article/960110,José Alcacer Grau,2,jose_alcacer_grau
960346,http://idearq.org/resource/article/960346,Meyer Rubin,1,meyer_rubin
960346,http://idearq.org/resource/article/960346,Corrinne Alexander,2,corrinne_alexander
959579,http://idearq.org/resource/article/959579,Harold Barker,1,harold_barker
959579,http://idearq.org/resource/article/959579,John Mackey,2,john_mackey
959731,http://idearq.org/resource/article/959731,Juan de Mata Carriazo y Arroquia,1,juan_de_mata_carriazo_y_arroquia
959731,http://idearq.org/resource/article/959731,Klaus Raddatz,2,klaus_raddatz
960216,http://idearq.org/resource/article/960216,J. Menéndez Amor,1,j_menendez_amor
960216,http://idearq.org/resource/article/960216,F. Florschütz,2,f_florschutz
959762,http://idearq.org/resource/article/959762,H. R. Crane,1,h_r_crane
959762,http://idearq.org/resource/article/959762,James B. Griffin,2,james_b_griffin
959493,http://idearq.org/resource/book/959493,Martín Almagro,1,martin_almagro
959493,http://idearq.org/resource/book/959493,Antonio Arribas,2,antonio_arribas
960351,http://idearq.org/resource/article/960351,Vicente Pascual Pérez,1,vicente_pascual_perez
959776,http://idearq.org/resource/article/959776,G. Delibrias,1,g_delibrias
959776,http://idearq.org/resource/article/959776,M. T. Guillier,2,m_t_guillier
959776,http://idearq.org/resource/article/959776,J. Labeyrie,3,j_labeyrie
959690,http://idearq.org/resource/article/959690,W. J. Callow,1,w_j_callow
959690,http://idearq.org/resource/article/959690,M. J. Baker,2,m_j_baker
959690,http://idearq.org/resource/article/959690,Geraldine I. Hassall,3,geraldine_i_hassall
959777,http://idearq.org/resource/article/959777,G. Delibrias,1,g_delibrias
959777,http://idearq.org/resource/article/959777,M. T. Guillier,2,m_t_guillier
959777,http://idearq.org/resource/article/959777,J. Labeyrie,3,j_labeyrie
959496,http://idearq.org/resource/article/959496,H. R. Crane,1,h_r_crane
959496,http://idearq.org/resource/article/959496,James B. Griffin,2,james_b_griffin
960037,http://idearq.org/resource/article/960037,William Graves,1,william_graves
960037,http://idearq.org/resource/article/960037,William H. Waldren,2,william_h_waldren
959632,http://idearq.org/resource/article/959632,G. Delibrias,1,g_delibrias
959632,http://idearq.org/resource/article/959632,M. T. Guillier,2,m_t_guillier
959632,http://idearq.org/resource/article/959632,J. Labeyrie,3,j_labeyrie
958615,http://idearq.org/resource/article/958615,J.M. García Caraves,1,j_m_garcia_caraves
958615,http://idearq.org/resource/article/958615,A. Begines,2,a_begines
960359,http://idearq.org/resource/article/960359,H. Schwabedissen,1,h_schwabedissen
960359,http://idearq.org/resource/article/960359,J. Freundlich,2,j_freundlich
960075,http://idearq.org/resource/article/960075,William H. Waldren,1,william_h_waldren
959949,http://idearq.org/resource/article/959949,Juan María Apellániz Castroviejo,1,juan_maria_apellaniz_castroviejo
959949,http://idearq.org/resource/article/959949,Armando Llanos Ortiz de Landaluze,2,armando_llanos_ortiz_de_landaluze
959949,http://idearq.org/resource/article/959949,Jaime Fariña,3,jaime_farina
958822,http://idearq.org/resource/article/958822,J. C. Vogel,1,j_c_vogel
958822,http://idearq.org/resource/article/958822,H. T. Waterbolk,2,h_t_waterbolk
958818,http://idearq.org/resource/article/958818,William H. Waldren,1,william_h_waldren
958818,http://idearq.org/resource/article/958818,J. S. Kopper,2,j_s_kopper
960135,http://idearq.org/resource/article/960135,Vera Leisner,1,vera_leisner
960135,http://idearq.org/resource/article/960135,Leonel Ribeiro,2,leonel_ribeiro
959615,http://idearq.org/resource/article/959615,James D. Buckley,1,james_d_buckley
959615,http://idearq.org/resource/article/959615,Milton A. Trautman,2,milton_a_trautman
959615,http://idearq.org/resource/article/959615,Eric H. Willis,3,eric_h_willis
958573,http://idearq.org/resource/article/958573,Juan María Apellániz Castroviejo,1,juan_maria_apellaniz_castroviejo
960157,http://idearq.org/resource/article/960157,Hans Georg Niemeyer,1,hans_georg_niemeyer
960157,http://idearq.org/resource/article/960157,Hermanfrid Schubart,2,hermanfrid_schubart
958394,http://idearq.org/resource/article/958394,Francisco Esteve Gálvez,1,francisco_esteve_galvez
959568,http://idearq.org/resource/article/959568,James D. Buckley,1,james_d_buckley
959568,http://idearq.org/resource/article/959568,Eric H. Willis,2,eric_h_willis
960068,http://idearq.org/resource/article/960068,Robert Stuckenrath,1,robert_stuckenrath
960068,http://idearq.org/resource/article/960068,Barbara Lawn,2,barbara_lawn
959456,http://idearq.org/resource/article/959456,Minze Stuiver,1,minze_stuiver
959723,http://idearq.org/resource/article/959723,Mário Cardozo,1,mario_cardozo
959610,http://idearq.org/resource/article/959610,James D. Buckley,1,james_d_buckley
959610,http://idearq.org/resource/article/959610,Eric H. Willis,2,eric_h_willis
959495,http://idearq.org/resource/article/959495,Martín Almagro Gorbea,1,martin_almagro_gorbea
959495,http://idearq.org/resource/article/959495,Martín Almagro Gorbea,1,martin_almagro_gorbea
959940,http://idearq.org/resource/article/959940,Maria Hopf,1,maria_hopf
959940,http://idearq.org/resource/article/959940,Pellicer Catalán,2,pellicer_catalan
960376,http://idearq.org/resource/article/960376,F. W. Shotton,1,f_w_shotton
960376,http://idearq.org/resource/article/960376,R. E. G. Williams,2,r_e_g_williams
959932,http://idearq.org/resource/article/959932,Maria Hopf,1,maria_hopf
958530,http://idearq.org/resource/article/958530,G. Delibrias,1,g_delibrias
958530,http://idearq.org/resource/article/958530,M. T. Guillier,2,m_t_guillier
958530,http://idearq.org/resource/article/958530,J. Labeyrie,3,j_labeyrie
960076,http://idearq.org/resource/article/960076,William H. Waldren,1,william_h_waldren
960434,http://idearq.org/resource/article/960434,J. C. Vogel,1,j_c_vogel
960434,http://idearq.org/resource/article/960434,H. T. Waterbolk,2,h_t_waterbolk
959943,http://idearq.org/resource/article/959943,Guillem Rosselló Bordoy,1,guillem_rossello_bordoy
960070,http://idearq.org/resource/article/960070,Robert Stuckenrath,1,robert_stuckenrath
960070,http://idearq.org/resource/article/960070,James E. Mielke,2,james_e_mielke
959479,http://idearq.org/resource/article/959479,Victor S. Gonçalves,1,victor_s_goncalves
958850,http://idearq.org/resource/article/958850,Juan María Apellániz Castroviejo,1,juan_maria_apellaniz_castroviejo
960067,http://idearq.org/resource/article/960067,Roy A. Schroeder,1,roy_a_schroeder
960067,http://idearq.org/resource/article/960067,Jeffrey L. Bada,2,jeffrey_l_bada
960058,http://idearq.org/resource/article/960058,C. Cantalleras,1,c_cantalleras
960058,http://idearq.org/resource/article/960058,L. Plantamayor,2,l_plantamayor
960063,http://idearq.org/resource/article/960063,J. Camps,1,j_camps
960063,http://idearq.org/resource/article/960063,Guillem Rosselló Bordoy,2,guillem_rossello_bordoy
959847,http://idearq.org/resource/article/959847,C. Gaibar-Puertas,1,c_gaibar_puertas
958851,http://idearq.org/resource/article/958851,Juan María Apellániz Castroviejo,1,juan_maria_apellaniz_castroviejo
960176,http://idearq.org/resource/article/960176,Ana María Muñoz Amilibia,1,ana_maria_munoz_amilibia
959698,http://idearq.org/resource/article/959698,G Delibrias,1,g_delibrias
959698,http://idearq.org/resource/article/959698,M T Guillier,2,m_t_guillier
959698,http://idearq.org/resource/article/959698,J Labeyrie,3,j_labeyrie
960283,http://idearq.org/resource/article/960283,R L Otlet,1,r_l_otlet
960283,http://idearq.org/resource/article/960283,B S Slade,2,b_s_slade
959681,http://idearq.org/resource/article/959681,Mariano García Rollán,1,mariano_garcia_rollan
448541,http://idearq.org/resource/article/448541,"Veny Melià, Cristóbal",1,veny_melia_cristobal
960071,http://idearq.org/resource/article/960071,MINZE STUIVER,1,minze_stuiver
960071,http://idearq.org/resource/article/960071,WILLIAM H. WALDREN,2,william_h_waldren
960164,http://idearq.org/resource/article/960164,Gerta Maass-Lndemann,1,gerta_maass_lndemann
960164,http://idearq.org/resource/article/960164,Hermanfrid Schubart,2,hermanfrid_schubart
960427,http://idearq.org/resource/article/960427,E. H. WHITTLE,1,e_h_whittle
960427,http://idearq.org/resource/article/960427,J. M. ARNAUD,2,j_m_arnaud
959875,http://idearq.org/resource/article/959875,Felipe Ruiz Fernández,1,felipe_ruiz_fernandez
959803,http://idearq.org/resource/article/959803,Alonso Zamora Canellada,1,alonso_zamora_canellada
960056,http://idearq.org/resource/article/960056,Lluís Plantalamor Massanet,1,lluis_plantalamor_massanet
959693,http://idearq.org/resource/article/959693,Alonso Zamora Canellada,1,alonso_zamora_canellada
959486,http://idearq.org/resource/article/959486,Geoffrey A. Clark,1,geoffrey_a_clark
960235,http://idearq.org/resource/article/960235,Luis de Mora-Figueroa Dingwall-Williams,1,luis_de_mora_figueroa_dingwall_williams
960064,http://idearq.org/resource/article/960064,J. Camps Coll,1,j_camps_coll
960064,http://idearq.org/resource/article/960064,Guillem Rosselló Bordoy,2,guillem_rossello_bordoy
960486,http://idearq.org/resource/article/960486,Carlos Alonso del Real y Ramos,1,carlos_alonso_del_real_y_ramos
960486,http://idearq.org/resource/article/960486,José Manuel Vázquez Varela,2,jose_manuel_vazquez_varela
958544,http://idearq.org/resource/article/958544,Martín Almagro Gorbea,1,martin_almagro_gorbea
960266,http://idearq.org/resource/article/960266,Carmen Rosa Olaria Puyoles,1,carmen_rosa_olaria_puyoles
960266,http://idearq.org/resource/article/960266,Francesc Gusi i Jener,2,francesc_gusi_i_jener
448565,http://idearq.org/resource/article/448565,"Veny Melià, Cristóbal",1,veny_melia_cristobal
960057,http://idearq.org/resource/article/960057,J. Anglada,1,j_anglada
960057,http://idearq.org/resource/article/960057,Lluís Plantalamor Massanet,2,lluis_plantalamor_massanet
960057,http://idearq.org/resource/article/960057,C.R. Larrucea,3,c_r_larrucea
448564,http://idearq.org/resource/article/448564,"López García, Pilar",4,lopez_garcia_pilar
448564,http://idearq.org/resource/article/448564,"Moure Romanillo, José Alfonso",1,moure_romanillo_jose_alfonso
448564,http://idearq.org/resource/article/448564,"Fernández-Miranda Fernández, Manuel",2,fernandez_miranda_fernandez_manuel
448564,http://idearq.org/resource/article/448564,"Morales Muñiz, Arturo",3,morales_muniz_arturo
959916,http://idearq.org/resource/article/959916,Carmen Rosa Olaria Puyoles,1,carmen_rosa_olaria_puyoles
959916,http://idearq.org/resource/article/959916,Francesc Gusi i Jener,2,francesc_gusi_i_jener
959572,http://idearq.org/resource/article/959572,Ignacio Barandiarán Maestu,1,ignacio_barandiaran_maestu
958823,http://idearq.org/resource/article/958823,Jose Aparicio Perez,1,jose_aparicio_perez
958823,http://idearq.org/resource/article/958823,Jose Vicente Martinez Perona,2,jose_vicente_martinez_perona
958823,http://idearq.org/resource/article/958823,Julian San Valero Aparisi,3,julian_san_valero_aparisi
958823,http://idearq.org/resource/article/958823,Jose Aparicio Perez,1,jose_aparicio_perez
958823,http://idearq.org/resource/article/958823,Jose Vicente Martinez Perona,2,jose_vicente_martinez_perona
958823,http://idearq.org/resource/article/958823,Julian San Valero Aparisi,3,julian_san_valero_aparisi
959494,http://idearq.org/resource/article/959494,María Josefa Almagro Gorbea,1,maria_josefa_almagro_gorbea
960260,http://idearq.org/resource/article/960260,Carmen Rosa Olaria Puyoles,1,carmen_rosa_olaria_puyoles
960282,http://idearq.org/resource/article/960282,R L Otlet,1,r_l_otlet
959814,http://idearq.org/resource/article/959814,Carmen Rosa Olaria Puyoles,1,carmen_rosa_olaria_puyoles
959919,http://idearq.org/resource/book/959919,Richard J. Harrison,1,richard_j_harrison
960097,http://idearq.org/resource/article/960097,Fernando Fernández Gómez,1,fernando_fernandez_gomez
960097,http://idearq.org/resource/article/960097,Diego Ruiz Mata,2,diego_ruiz_mata
960143,http://idearq.org/resource/article/960143,Armando Llanos Ortiz de Landaluze,1,armando_llanos_ortiz_de_landaluze
960042,http://idearq.org/resource/article/960042,Juan Llabrés Ramis,1,juan_llabres_ramis
959573,http://idearq.org/resource/article/959573,Ignacio Barandiarán Maestu,1,ignacio_barandiaran_maestu
959808,http://idearq.org/resource/article/959808,J Evin,1,j_evin
959808,http://idearq.org/resource/article/959808,G Marien,2,g_marien
959808,http://idearq.org/resource/article/959808,Ch Pachiaudi,3,ch_pachiaudi
960034,http://idearq.org/resource/article/960034,Manuel Fernández-Miranda,1,manuel_fernandez_miranda
959764,http://idearq.org/resource/article/959764,Germán Delibes de Castro,1,german_delibes_de_castro
959896,http://idearq.org/resource/article/959896,Joaquín González Echegaray,1,joaquin_gonzalez_echegaray
959896,http://idearq.org/resource/article/959896,Leslie G. Freeman,2,leslie_g_freeman
959469,http://idearq.org/resource/article/959469,Teresa Aguado Mancha,1,teresa_aguado_mancha
959469,http://idearq.org/resource/article/959469,Ana Baldomero Navarro,2,ana_baldomero_navarro
959900,http://idearq.org/resource/article/959900,William H. Waldren,1,william_h_waldren
959554,http://idearq.org/resource/article/959554,María Dolores Asquerino Fernández-Ridruejo,1,maria_dolores_asquerino_fernandez_ridruejo
960043,http://idearq.org/resource/article/960043,Víctor M. Guerrero Ayuso,1,victor_m_guerrero_ayuso
959829,http://idearq.org/resource/article/959829,María Dolores Fernández-Posse,1,maria_dolores_fernandez_posse
959809,http://idearq.org/resource/article/959809,J Evin,1,j_evin
959809,http://idearq.org/resource/article/959809,G Marien,2,g_marien
959809,http://idearq.org/resource/article/959809,C Pachiaudi,3,c_pachiaudi
958746,http://idearq.org/resource/article/958746,José Clemente Martín de la Cruz,1,jose_clemente_martin_de_la_cruz
960031,http://idearq.org/resource/article/960031,Manuel Fernández-Miranda,1,manuel_fernandez_miranda
960031,http://idearq.org/resource/article/960031,William H. Waldren,2,william_h_waldren
960011,http://idearq.org/resource/article/960011,Cosme Aguiló Adrover,1,cosme_aguilo_adrover
960011,http://idearq.org/resource/article/960011,Joan Covas Tomàs,2,joan_covas_tomas
960011,http://idearq.org/resource/article/960011,Joan Carreras Escalas,3,joan_carreras_escalas
959908,http://idearq.org/resource/article/959908,J. González Navarrete,1,j_gonzalez_navarrete
959908,http://idearq.org/resource/article/959908,C. Unguetti Alamo,2,c_unguetti_alamo
959908,http://idearq.org/resource/article/959908,Oswaldo Arteaga Matute,3,oswaldo_arteaga_matute
960182,http://idearq.org/resource/article/960182,Bernat Martí Oliver,1,bernat_marti_oliver
960182,http://idearq.org/resource/article/960182,Vicente Pascual Pérez,2,vicente_pascual_perez
960182,http://idearq.org/resource/article/960182,María Dolores Gallart Martí,3,maria_dolores_gallart_marti
960182,http://idearq.org/resource/article/960182,Pilar López García,4,pilar_lopez_garcia
960182,http://idearq.org/resource/article/960182,Manuel Pérez Ripoll,5,manuel_perez_ripoll
960182,http://idearq.org/resource/article/960182,José D. Acuña Hernández,6,jose_d_acuna_hernandez
960182,http://idearq.org/resource/article/960182,Fernando Robles Cuenca,7,fernando_robles_cuenca
959920,http://idearq.org/resource/article/959920,Gratiniano Nieto Gallo,1,gratiniano_nieto_gallo
959920,http://idearq.org/resource/article/959920,José Sánchez Meseguer,2,jose_sanchez_meseguer
959906,http://idearq.org/resource/article/959906,Manuel Ramón González Morales,1,manuel_ramon_gonzalez_morales
959906,http://idearq.org/resource/article/959906,Jesús Ángel Ortea Rato,2,jesus_angel_ortea_rato
959906,http://idearq.org/resource/article/959906,Tomás Emilio Díaz González,3,tomas_emilio_diaz_gonzalez
959906,http://idearq.org/resource/article/959906,M.C. Márquez Uría,4,m_c_marquez_uria
959906,http://idearq.org/resource/article/959906,K.C. Volman,5,k_c_volman
960523,http://idearq.org/resource/article/960523,Catalina Martínez Padilla,1,catalina_martinez_padilla
960523,http://idearq.org/resource/article/960523,Miguel Cecilio Botella López,2,miguel_cecilio_botella_lopez
959500,http://idearq.org/resource/article/959500,Martín Almagro Gorbea,1,martin_almagro_gorbea
959500,http://idearq.org/resource/article/959500,Dimas Fernández-Galiano,2,dimas_fernandez_galiano
959850,http://idearq.org/resource/article/959850,María Dolores Gallart Martí,1,maria_dolores_gallart_marti
959850,http://idearq.org/resource/article/959850,Bernat Martí Oliver,2,bernat_marti_oliver
959881,http://idearq.org/resource/article/959881,Antonio J. Gavelas,1,antonio_j_gavelas
960018,http://idearq.org/resource/article/960018,Richard Burleigh,1,richard_burleigh
960018,http://idearq.org/resource/article/960018,Juliet Clutton-Brock,2,juliet_clutton_brock
960214,http://idearq.org/resource/article/960214,Antonio de Mendoza,1,antonio_de_mendoza
960214,http://idearq.org/resource/article/960214,Fernando Molina,2,fernando_molina
960214,http://idearq.org/resource/article/960214,Oswaldo Arteaga,3,oswaldo_arteaga
960214,http://idearq.org/resource/article/960214,Pedro Aguayo,4,pedro_aguayo
958386,http://idearq.org/resource/article/958386,Joaquín González Echegaray,1,joaquin_gonzalez_echegaray
958386,http://idearq.org/resource/article/958386,Ignacio Barandiarán Maestu,2,ignacio_barandiaran_maestu
959956,http://idearq.org/resource/article/959956,M. Llongueras Campañà,1,m_llongueras_campana
959956,http://idearq.org/resource/article/959956,Pere Ferrer,2,pere_ferrer
959956,http://idearq.org/resource/article/959956,Campillo Domènec,3,campillo_domenec
959956,http://idearq.org/resource/article/959956,Araceli Martín Cólliga,4,araceli_martin_colliga
958395,http://idearq.org/resource/article/958395,Víctor Hurtado Pérez,1,victor_hurtado_perez
960036,http://idearq.org/resource/article/960036,Pepa Gasull Vilella,1,pepa_gasull_vilella
960036,http://idearq.org/resource/article/960036,Vicente Llull,2,vicente_llull
960036,http://idearq.org/resource/article/960036,María Encarna Sanahuja Yll,3,maria_encarna_sanahuja_yll
960423,http://idearq.org/resource/article/960423,José Ignacio Vegas Aramburu,1,jose_ignacio_vegas_aramburu
960053,http://idearq.org/resource/article/960053,Anne Meulengracht,1,anne_meulengracht
960053,http://idearq.org/resource/article/960053,Patrick McGovern,2,patrick_mcgovern
960053,http://idearq.org/resource/article/960053,Barbara Lawn,3,barbara_lawn
959672,http://idearq.org/resource/article/959672,Philine Kalb,1,philine_kalb
960412,http://idearq.org/resource/article/960412,Santiago Valiente Cánovas,1,santiago_valiente_canovas
960412,http://idearq.org/resource/article/960412,Isabel Rubio de Miguel,2,isabel_rubio_de_miguel
960078,http://idearq.org/resource/book/960078,William H. Waldren,1,william_h_waldren
960019,http://idearq.org/resource/article/960019,Richard Burleigh,1,richard_burleigh
960019,http://idearq.org/resource/article/960019,Keith Matthews,2,keith_matthews
960019,http://idearq.org/resource/article/960019,Janet Ambers,3,janet_ambers
958689,http://idearq.org/resource/article/958689,Richard Burleigh,1,richard_burleigh
958689,http://idearq.org/resource/article/958689,Janet Ambers,2,janet_ambers
958689,http://idearq.org/resource/article/958689,Keith Matthews,3,keith_matthews
958689,http://idearq.org/resource/article/958689,Richard Burleigh,1,richard_burleigh
958689,http://idearq.org/resource/article/958689,Janet Ambers,2,janet_ambers
958689,http://idearq.org/resource/article/958689,Keith Matthews,3,keith_matthews
959903,http://idearq.org/resource/article/959903,Manuel Ramón González Morales,1,manuel_ramon_gonzalez_morales
452725,http://idearq.org/resource/article/452725,"Veny Melià, Cristóbal",1,veny_melia_cristobal
958756,http://idearq.org/resource/article/958756,Cristóbal Veny Melía,1,cristobal_veny_melia
959898,http://idearq.org/resource/article/959898,Cecilio González-Gómez,1,cecilio_gonzalez_gomez
959898,http://idearq.org/resource/article/959898,Juan de D López-González,2,juan_de_d_lopez_gonzalez
959898,http://idearq.org/resource/article/959898,María Domingo-García,3,maria_domingo_garcia
959562,http://idearq.org/resource/article/959562,Amelia Baldeón Iñigo,1,amelia_baldeon_inigo
959562,http://idearq.org/resource/article/959562,Eduardo Berganza Gochi,2,eduardo_berganza_gochi
959562,http://idearq.org/resource/article/959562,Elisa García,3,elisa_garcia
960171,http://idearq.org/resource/article/960171,Hermanfrid Schubart,1,hermanfrid_schubart
960171,http://idearq.org/resource/article/960171,Oswaldo Arteaga Matute,2,oswaldo_arteaga_matute
959982,http://idearq.org/resource/article/959982,Guillem Rosselló Bordoy,1,guillem_rossello_bordoy
958849,http://idearq.org/resource/article/958849,José Aparicio Pérez,1,jose_aparicio_perez
958849,http://idearq.org/resource/article/958849,Vicente Gurrea Crespo,2,vicente_gurrea_crespo
958849,http://idearq.org/resource/article/958849,S. Climent Mañó,3,s_climent_mano
960252,http://idearq.org/resource/article/960252,G. Nieto,1,g_nieto
960252,http://idearq.org/resource/article/960252,J. Clemente Martín,2,j_clemente_martin
958797,http://idearq.org/resource/article/958797,Michael J. Walker,1,michael_j_walker
958797,http://idearq.org/resource/article/958797,Pedro Antonio Lillo Carpio,2,pedro_antonio_lillo_carpio
959848,http://idearq.org/resource/article/959848,Catalina Galán Saulnier,1,catalina_galan_saulnier
959848,http://idearq.org/resource/article/959848,Ana Fernádez Vega,2,ana_fernadez_vega
958574,http://idearq.org/resource/article/958574,Gérard Nicolini,1,gerard_nicolini
958572,http://idearq.org/resource/article/958572,M. González-Ríos,1,m_gonzalez_rios
958572,http://idearq.org/resource/article/958572,Rafael Quirós Sánchez,2,rafael_quiros_sanchez
960177,http://idearq.org/resource/article/960177,Bernat Martí Oliver,1,bernat_marti_oliver
959637,http://idearq.org/resource/book/959637,Miguel Ángel de Blas Cortina,1,miguel_angel_de_blas_cortina
960059,http://idearq.org/resource/article/960059,Lluís Plantalamor Massanet,1,lluis_plantalamor_massanet
960059,http://idearq.org/resource/article/960059,Antoni López Pons,2,antoni_lopez_pons
960065,http://idearq.org/resource/article/960065,Guillem Rosselló Bordoy,1,guillem_rossello_bordoy
960065,http://idearq.org/resource/article/960065,Víctor M. Guerrero Ayuso,2,victor_m_guerrero_ayuso
958566,http://idearq.org/resource/article/958566,J. V. Pérez,1,j_v_perez
958566,http://idearq.org/resource/article/958566,J. Álvarez,2,j_alvarez
958566,http://idearq.org/resource/article/958566,A. Carrasco,3,a_carrasco
958566,http://idearq.org/resource/article/958566,B. Bernal,4,b_bernal
960017,http://idearq.org/resource/article/960017,Richard Burleigh,1,richard_burleigh
960017,http://idearq.org/resource/article/960017,Janet Ambers,2,janet_ambers
960017,http://idearq.org/resource/article/960017,Keith Matthews,3,keith_matthews
454740,http://idearq.org/resource/article/454740,"Veny Melià, Cristóbal",1,veny_melia_cristobal
958737,http://idearq.org/resource/article/958737,Vítor Oliveira Jorge,1,vitor_oliveira_jorge
958808,http://idearq.org/resource/article/958808,Jesús Altuna Etxabe,1,jesus_altuna_etxabe
958808,http://idearq.org/resource/article/958808,José María Merino,2,jose_maria_merino
958808,http://idearq.org/resource/article/958808,Jesús Altuna Etxabe,1,jesus_altuna_etxabe
958808,http://idearq.org/resource/article/958808,José María Merino,2,jose_maria_merino
959547,http://idearq.org/resource/article/959547,Antonio Arribas Palau,1,antonio_arribas_palau
959547,http://idearq.org/resource/article/959547,Fernando Ricardo Molina González,2,fernando_ricardo_molina_gonzalez
960311,http://idearq.org/resource/article/960311,Enriqueta Pons i Brun,1,enriqueta_pons_i_brun
959522,http://idearq.org/resource/article/959522,Janet Ambers,1,janet_ambers
959522,http://idearq.org/resource/article/959522,Keith Matthews,2,keith_matthews
959522,http://idearq.org/resource/article/959522,Richard Burleigh,3,richard_burleigh
959522,http://idearq.org/resource/article/959522,Janet Ambers,1,janet_ambers
959522,http://idearq.org/resource/article/959522,Keith Matthews,2,keith_matthews
959522,http://idearq.org/resource/article/959522,Richard Burleigh,3,richard_burleigh
959930,http://idearq.org/resource/article/959930,Ana Isabel Herce San Miguel,1,ana_isabel_herce_san_miguel
960293,http://idearq.org/resource/article/960293,Carlos L. Pérez Arrondo,1,carlos_l_perez_arrondo
959800,http://idearq.org/resource/article/959800,José Luis Escacena Carrasco,1,jose_luis_escacena_carrasco
959800,http://idearq.org/resource/article/959800,Gregorio de Frutos Reyes,2,gregorio_de_frutos_reyes
960088,http://idearq.org/resource/article/960088,Martínez Navarrete,1,martinez_navarrete
960088,http://idearq.org/resource/article/960088,María Isabel,2,maria_isabel
959807,http://idearq.org/resource/article/959807,Jacques Evin,1,jacques_evin
959807,http://idearq.org/resource/article/959807,Joelle Marechal,2,joelle_marechal
959807,http://idearq.org/resource/article/959807,Gerard Marien,3,gerard_marien
959567,http://idearq.org/resource/article/959567,María del Pilar Utrilla Miranda,1,maria_del_pilar_utrilla_miranda
959567,http://idearq.org/resource/article/959567,Vicente Baldellou Martínez,2,vicente_baldellou_martinez
960193,http://idearq.org/resource/article/960193,José Clemente Martín de la Cruz,1,jose_clemente_martin_de_la_cruz
959823,http://idearq.org/resource/article/959823,Fernando Fernández Gómez,1,fernando_fernandez_gomez
959823,http://idearq.org/resource/article/959823,J. Alonso de la Sierra Fernández,2,j_alonso_de_la_sierra_fernandez
960307,http://idearq.org/resource/article/960307,María del Carmen Priego Fernández del Campo,1,maria_del_carmen_priego_fernandez_del_campo
959517,http://idearq.org/resource/article/959517,Antonio Alvarez Núñez,1,antonio_alvarez_nunez
959889,http://idearq.org/resource/article/959889,Adriano Gómez Ruiz,1,adriano_gomez_ruiz
959569,http://idearq.org/resource/article/959569,G. Rosselló Bordoy,1,g_rossello_bordoy
959822,http://idearq.org/resource/article/959822,Fernando Fernández Gómez,1,fernando_fernandez_gomez
959707,http://idearq.org/resource/article/959707,Georgette Delibrias,1,georgette_delibrias
959707,http://idearq.org/resource/article/959707,M-T Guillier,2,m_t_guillier
959707,http://idearq.org/resource/article/959707,Jacques Labeyrie,3,jacques_labeyrie
959618,http://idearq.org/resource/article/959618,Michele Dauchot-Dehon,1,michele_dauchot_dehon
959618,http://idearq.org/resource/article/959618,Mark Van Strydonck,2,mark_van_strydonck
959618,http://idearq.org/resource/article/959618,Jos Heylen,3,jos_heylen
959727,http://idearq.org/resource/article/959727,Javier Luis Carrasco Rus,1,javier_luis_carrasco_rus
959727,http://idearq.org/resource/article/959727,Mauricio Pastor Muñoz,2,mauricio_pastor_munoz
959727,http://idearq.org/resource/article/959727,Juan Antonio Pachón Romero,3,juan_antonio_pachon_romero
958735,http://idearq.org/resource/article/958735,Jesús Francisco Jordá Pardo,1,jesus_francisco_jorda_pardo
958735,http://idearq.org/resource/article/958735,Patronato de la Cueva de Nerja,2,patronato_de_la_cueva_de_nerja
958568,http://idearq.org/resource/article/958568,María Soledad Navarrete Enciso,1,maria_soledad_navarrete_enciso
958568,http://idearq.org/resource/article/958568,Javier Carrasco Rus,2,javier_carrasco_rus
958568,http://idearq.org/resource/article/958568,María Salud Teruel Berbell,3,maria_salud_teruel_berbell
958568,http://idearq.org/resource/article/958568,Jesús Gámiz Jiménez,4,jesus_gamiz_jimenez
959471,http://idearq.org/resource/article/959471,Pedro Aguayo de Hoyos,1,pedro_aguayo_de_hoyos
960194,http://idearq.org/resource/article/960194,José Clemente Martín de la Cruz,1,jose_clemente_martin_de_la_cruz
959686,http://idearq.org/resource/article/959686,Carmen Cacho Quesada,1,carmen_cacho_quesada
501561,http://idearq.org/resource/article/501561,"GONZALEZGOMEZ, C",1,gonzalezgomez_c
501561,http://idearq.org/resource/article/501561,"SANCHEZSANCHEZ, P",2,sanchezsanchez_p
501561,http://idearq.org/resource/article/501561,"VILLAFRANCASANCHEZ, E",3,villafrancasanchez_e
959559,http://idearq.org/resource/article/959559,José Félix Idáñez Sánchez,1,jose_felix_idanez_sanchez
959559,http://idearq.org/resource/article/959559,María Manuela Ayala Juan,2,maria_manuela_ayala_juan
959518,http://idearq.org/resource/article/959518,Janet Ambers,1,janet_ambers
959518,http://idearq.org/resource/article/959518,Richard Burleigh,2,richard_burleigh
959518,http://idearq.org/resource/article/959518,Keith Matthews,3,keith_matthews
959518,http://idearq.org/resource/article/959518,Janet Ambers,1,janet_ambers
959518,http://idearq.org/resource/article/959518,Richard Burleigh,2,richard_burleigh
959518,http://idearq.org/resource/article/959518,Keith Matthews,3,keith_matthews
959519,http://idearq.org/resource/article/959519,Janet Ambers,1,janet_ambers
959519,http://idearq.org/resource/article/959519,Keith Matthews,2,keith_matthews
959519,http://idearq.org/resource/article/959519,Sheridan Bowman,3,sheridan_bowman
959939,http://idearq.org/resource/article/959939,José Manuel Hidalgo Cuñarro,1,jose_manuel_hidalgo_cunarro
959939,http://idearq.org/resource/article/959939,Eugenio Rodríguez Puentes,2,eugenio_rodriguez_puentes
960294,http://idearq.org/resource/article/960294,Carlos L. Pérez Arrondo,1,carlos_l_perez_arrondo
959860,http://idearq.org/resource/article/959860,Javier R. García del Toro,1,javier_r_garcia_del_toro
460898,http://idearq.org/resource/article/460898,"Galván García, Jesús",1,galvan_garcia_jesus
460898,http://idearq.org/resource/article/460898,"Galván Martínez, Virginia",2,galvan_martinez_virginia
959942,http://idearq.org/resource/article/959942,Víctor Hurtado Pérez,1,victor_hurtado_perez
960430,http://idearq.org/resource/article/960430,Raquel Vilaça,1,raquel_vilaca
960430,http://idearq.org/resource/article/960430,João Pedro Cunha Ribeiro,2,joao_pedro_cunha_ribeiro
960390,http://idearq.org/resource/book/960390,Soler García,1,soler_garcia
960390,http://idearq.org/resource/book/960390,José María,2,jose_maria
959553,http://idearq.org/resource/article/959553,O. Arteaga,1,o_arteaga
959553,http://idearq.org/resource/article/959553,Francisco Nocete Calvo,2,francisco_nocete_calvo
959553,http://idearq.org/resource/article/959553,José Ramos Muñoz,3,jose_ramos_munoz
959553,http://idearq.org/resource/article/959553,Antonio Recuerda Burgos,4,antonio_recuerda_burgos
959553,http://idearq.org/resource/article/959553,Anna Maria Roos,5,anna_maria_roos
959541,http://idearq.org/resource/article/959541,Angel Armendáriz Gutiérrez,1,angel_armendariz_gutierrez
958620,http://idearq.org/resource/article/958620,Rosario Cabrero García,1,rosario_cabrero_garcia
960480,http://idearq.org/resource/article/960480,Margarida Genera i Monells,1,margarida_genera_i_monells
958559,http://idearq.org/resource/article/958559,Pedro Alvarez Clavijo,1,pedro_alvarez_clavijo
958559,http://idearq.org/resource/article/958559,Carlos L. Pérez Arrondo,2,carlos_l_perez_arrondo
960414,http://idearq.org/resource/article/960414,Jesús Valiente Malla,1,jesus_valiente_malla
959616,http://idearq.org/resource/article/959616,Emeterio Cuadrado Díaz,1,emeterio_cuadrado_diaz
960278,http://idearq.org/resource/article/960278,Anna M. Rauret,1,anna_m_rauret
958738,http://idearq.org/resource/article/958738,Vítor Oliveira Jorge,1,vitor_oliveira_jorge
959926,http://idearq.org/resource/article/959926,R. E. M. HEDGES,1,r_e_m_hedges
959926,http://idearq.org/resource/article/959926,R. A. HOUSLEY,2,r_a_housley
959926,http://idearq.org/resource/article/959926,I. A. LAW,3,i_a_law
959926,http://idearq.org/resource/article/959926,C. PERRY,4,c_perry
959926,http://idearq.org/resource/article/959926,J. A. J. GOWLETT,5,j_a_j_gowlett
502246,http://idearq.org/resource/article/502246,"GONZALEZGOMEZ, C",1,gonzalezgomez_c
502246,http://idearq.org/resource/article/502246,"SANCHEZSANCHEZ, P",2,sanchezsanchez_p
502246,http://idearq.org/resource/article/502246,"VILLAFRANCASANCHEZ, E",3,villafrancasanchez_e
960288,http://idearq.org/resource/article/960288,Josefa Pastor Cerezo,1,josefa_pastor_cerezo
960288,http://idearq.org/resource/article/960288,María Luz Sánchez-Capilla Arroyo,2,maria_luz_sanchez_capilla_arroyo
960288,http://idearq.org/resource/article/960288,Jesús López Requena,3,jesus_lopez_requena
959574,http://idearq.org/resource/article/959574,Ignacio Barandiarán Maestu,1,ignacio_barandiaran_maestu
959918,http://idearq.org/resource/article/959918,Richard J. Harrison,1,richard_j_harrison
960418,http://idearq.org/resource/article/960418,José Manuel Vázquez Varela,1,jose_manuel_vazquez_varela
877602,http://idearq.org/resource/article/877602,Antonio González Cordero,1,antonio_gonzalez_cordero
877602,http://idearq.org/resource/article/877602,Manuel De Alvarado Gonzalo,2,manuel_de_alvarado_gonzalo
877602,http://idearq.org/resource/article/877602,Luciano Municio González,3,luciano_municio_gonzalez
877602,http://idearq.org/resource/article/877602,Fernando Piñón Varela,4,fernando_pinon_varela
959772,http://idearq.org/resource/article/959772,Rafael Martínez Valle,1,rafael_martinez_valle
959772,http://idearq.org/resource/article/959772,Joaquim Juan Cabanilles,2,joaquim_juan_cabanilles
461641,http://idearq.org/resource/article/461641,"Gómez Bellard, Carlos",1,gomez_bellard_carlos
461641,http://idearq.org/resource/article/461641,"San Nicolás Pedraz, María Pilar",2,san_nicolas_pedraz_maria_pilar
960185,http://idearq.org/resource/article/960185,José Clemente Martín de la Cruz,1,jose_clemente_martin_de_la_cruz
959580,http://idearq.org/resource/article/959580,Amparo M. Barrachina Ibáñez,1,amparo_m_barrachina_ibanez
959520,http://idearq.org/resource/article/959520,Janet Ambers,1,janet_ambers
959520,http://idearq.org/resource/article/959520,Keith Matthews,2,keith_matthews
959520,http://idearq.org/resource/article/959520,Sheridan Bowman,3,sheridan_bowman
958558,http://idearq.org/resource/article/958558,C. de la Rueda,1,c_de_la_rueda
958558,http://idearq.org/resource/article/958558,Jesús Altuna Etxabe,2,jesus_altuna_etxabe
959549,http://idearq.org/resource/article/959549,J. G. Arribas,1,j_g_arribas
959549,http://idearq.org/resource/article/959549,T. Calderón,2,t_calderon
959549,http://idearq.org/resource/article/959549,C. Blasco,3,c_blasco
960253,http://idearq.org/resource/book/960253,Francisco Nocete,1,francisco_nocete
959600,http://idearq.org/resource/article/959600,María Teresa Andrés Rupérez,1,maria_teresa_andres_ruperez
959600,http://idearq.org/resource/article/959600,José Antonio Benavente Serrano,2,jose_antonio_benavente_serrano
959464,http://idearq.org/resource/article/959464,Arturo Balado Pachón,1,arturo_balado_pachon
958731,http://idearq.org/resource/article/958731,Alonso Rodríguez Díaz,1,alonso_rodriguez_diaz
959991,http://idearq.org/resource/article/959991,Michele Dauchot-Dehon,1,michele_dauchot_dehon
959991,http://idearq.org/resource/article/959991,Mark Van Strydonck,2,mark_van_strydonck
959576,http://idearq.org/resource/article/959576,Ignacio Barandiarán Maestu,1,ignacio_barandiaran_maestu
959576,http://idearq.org/resource/article/959576,Ana Cava Almuzara,2,ana_cava_almuzara
959597,http://idearq.org/resource/article/959597,Joan Bernabeu,1,joan_bernabeu
959828,http://idearq.org/resource/article/959828,Manuel Fernández-Miranda,1,manuel_fernandez_miranda
959828,http://idearq.org/resource/article/959828,Concepción Martín,2,concepcion_martin
959828,http://idearq.org/resource/article/959828,María Dolores Fernández-Posse,3,maria_dolores_fernandez_posse
958854,http://idearq.org/resource/article/958854,C. Mariezkurrena,1,c_mariezkurrena
959795,http://idearq.org/resource/article/959795,Jorge Juan Eiroa García,1,jorge_juan_eiroa_garcia
959590,http://idearq.org/resource/article/959590,C. MICHAEL BARTON,1,c_michael_barton
959590,http://idearq.org/resource/article/959590,FEDERICO RUBIO GOMIS,2,federico_rubio_gomis
959590,http://idearq.org/resource/article/959590,CHARLES A. MIKSICEK,3,charles_a_miksicek
959590,http://idearq.org/resource/article/959590,DOUGLAS J. DONAHUE,4,douglas_j_donahue
960265,http://idearq.org/resource/article/960265,Carlos Olaetxea,1,carlos_olaetxea
960265,http://idearq.org/resource/article/960265,Xabier Peñalver,2,xabier_penalver
960265,http://idearq.org/resource/article/960265,Luis Valdes,3,luis_valdes
959492,http://idearq.org/resource/article/959492,Enrique de Alvaro Reguera,1,enrique_de_alvaro_reguera
959492,http://idearq.org/resource/article/959492,Juan Pereira Sieso,2,juan_pereira_sieso
960127,http://idearq.org/resource/article/960127,Jesús Francisco Jordá Pardo,1,jesus_francisco_jorda_pardo
960127,http://idearq.org/resource/article/960127,J. Emili Aura Tortosa,2,j_emili_aura_tortosa
960127,http://idearq.org/resource/article/960127,Francisco Jordá Cerdá,3,francisco_jorda_cerda
958623,http://idearq.org/resource/article/958623,María Dolores Cámalich Massieu,1,maria_dolores_camalich_massieu
958623,http://idearq.org/resource/article/958623,Dimas Martín Socas,2,dimas_martin_socas
958623,http://idearq.org/resource/article/958623,María Dolores Meneses Fernández,3,maria_dolores_meneses_fernandez
958623,http://idearq.org/resource/article/958623,Pedro González Quintero,4,pedro_gonzalez_quintero
958623,http://idearq.org/resource/article/958623,Alfredo Mederos Martín,5,alfredo_mederos_martin
959539,http://idearq.org/resource/article/959539,Pablo Arias Cabal,1,pablo_arias_cabal
959539,http://idearq.org/resource/article/959539,Carlos Pérez Suárez,2,carlos_perez_suarez
959669,http://idearq.org/resource/article/959669,Angel Bosch Lloret,1,angel_bosch_lloret
959669,http://idearq.org/resource/article/959669,Josep Tarrús i Galter,2,josep_tarrus_i_galter
958711,http://idearq.org/resource/article/958711,Juan A. Fernández-Tresguerres Velasco,1,juan_a_fernandez_tresguerres_velasco
958711,http://idearq.org/resource/article/958711,Juan J. Rodríguez Fernández,2,juan_j_rodriguez_fernandez
960226,http://idearq.org/resource/article/960226,María Concepción Molina Grande,1,maria_concepcion_molina_grande
959661,http://idearq.org/resource/article/959661,Francisco Burillo Mozota,1,francisco_burillo_mozota
958767,http://idearq.org/resource/article/958767,Jesús Angel Pérez Casas,1,jesus_angel_perez_casas
878269,http://idearq.org/resource/article/878269,Pablo Arias Cabal,1,pablo_arias_cabal
878269,http://idearq.org/resource/article/878269,Carlos Pérez Suárez,2,carlos_perez_suarez
959921,http://idearq.org/resource/article/959921,R. E. M. HEDGES,1,r_e_m_hedges
959921,http://idearq.org/resource/article/959921,R. A. HOUSLEY,2,r_a_housley
959921,http://idearq.org/resource/article/959921,I. A. LAW,3,i_a_law
959921,http://idearq.org/resource/article/959921,C. R. BRONK,4,c_r_bronk
959922,http://idearq.org/resource/article/959922,R. E. M. HEDGES,1,r_e_m_hedges
959922,http://idearq.org/resource/article/959922,R. A. HOUSLEY,2,r_a_housley
959922,http://idearq.org/resource/article/959922,C. R. BRONK,3,c_r_bronk
959922,http://idearq.org/resource/article/959922,G. J. VAN KLINKEN,4,g_j_van_klinken
960009,http://idearq.org/resource/article/960009,T. H. Loy,1,t_h_loy
960009,http://idearq.org/resource/article/960009,Rhys Jones,2,rhys_jones
960009,http://idearq.org/resource/article/960009,D. E. Nelson,3,d_e_nelson
960009,http://idearq.org/resource/article/960009,Betty Meehan,4,betty_meehan
960009,http://idearq.org/resource/article/960009,John Vogel,5,john_vogel
960009,http://idearq.org/resource/article/960009,John Southon,6,john_southon
960009,http://idearq.org/resource/article/960009,Richard Cosgrove,7,richard_cosgrove
959670,http://idearq.org/resource/article/959670,S G E Bowman,1,s_g_e_bowman
959670,http://idearq.org/resource/article/959670,J C Ambers,2,j_c_ambers
959670,http://idearq.org/resource/article/959670,M N Leese,3,m_n_leese
960012,http://idearq.org/resource/article/960012,John Head,1,john_head
960372,http://idearq.org/resource/article/960372,Raymond L Steventon,1,raymond_l_steventon
960372,http://idearq.org/resource/article/960372,John E Kutzbach,2,john_e_kutzbach
959620,http://idearq.org/resource/article/959620,Michael Kunst,1,michael_kunst
959620,http://idearq.org/resource/article/959620,Leonel Joaquim Trinidade,2,leonel_joaquim_trinidade
960368,http://idearq.org/resource/article/960368,María Isabel Sauceda Pizarro,1,maria_isabel_sauceda_pizarro
959654,http://idearq.org/resource/article/959654,Francisco Blasco Rodríguez,1,francisco_blasco_rodriguez
959654,http://idearq.org/resource/article/959654,Manuel Ortiz Alesón,2,manuel_ortiz_aleson
958828,http://idearq.org/resource/article/958828,Caetano de Mello Beirão,1,caetano_de_mello_beirao
958828,http://idearq.org/resource/article/958828,Virgílio Hipólito Correia,2,virgilio_hipolito_correia
958794,http://idearq.org/resource/article/958794,José Ignacio Vegas Aramburu,1,jose_ignacio_vegas_aramburu
959521,http://idearq.org/resource/article/959521,Janet Ambers,1,janet_ambers
959521,http://idearq.org/resource/article/959521,Keith Matthews,2,keith_matthews
959521,http://idearq.org/resource/article/959521,Sheridan Bowman,3,sheridan_bowman
880613,http://idearq.org/resource/article/880613,Francisco Fariña Busto,1,francisco_farina_busto
958581,http://idearq.org/resource/article/958581,Pablo Arias Cabal,1,pablo_arias_cabal
959558,http://idearq.org/resource/article/959558,María Manuela Ayala Juan,1,maria_manuela_ayala_juan
959947,http://idearq.org/resource/article/959947,Víctor Hurtado Pérez,1,victor_hurtado_perez
959947,http://idearq.org/resource/article/959947,Juan Javier Enríquez Navascués,2,juan_javier_enriquez_navascues
960329,http://idearq.org/resource/article/960329,Diego Rivera Núñe?,1,diego_rivera_nune
960329,http://idearq.org/resource/article/960329,Michael J. Walker,2,michael_j_walker
959497,http://idearq.org/resource/article/959497,Martín Almagro Gorbea,1,martin_almagro_gorbea
959899,http://idearq.org/resource/article/959899,Jesús Castillo Castillo,1,jesus_castillo_castillo
959899,http://idearq.org/resource/article/959899,Miguel Hernández López,2,miguel_hernandez_lopez
959899,http://idearq.org/resource/article/959899,Antonio González Cordero,3,antonio_gonzalez_cordero
960035,http://idearq.org/resource/article/960035,Manuel Fernández-Miranda,1,manuel_fernandez_miranda
960102,http://idearq.org/resource/article/960102,Consuelo Mata Parreño,1,consuelo_mata_parreno
960337,http://idearq.org/resource/article/960337,Amelia del Carmen Rodríguez Rodríguez,1,amelia_del_carmen_rodriguez_rodriguez
960337,http://idearq.org/resource/article/960337,Riker Yll Aguirre,2,riker_yll_aguirre
959883,http://idearq.org/resource/article/959883,R. E. M. HEDGES,1,r_e_m_hedges
959883,http://idearq.org/resource/article/959883,R. A. HOUSLEY,2,r_a_housley
959883,http://idearq.org/resource/article/959883,C. R. BRONK,3,c_r_bronk
959883,http://idearq.org/resource/article/959883,G. J. VAN KLINKEN,4,g_j_van_klinken
960222,http://idearq.org/resource/article/960222,J S Mestres,1,j_s_mestres
960222,http://idearq.org/resource/article/960222,J F García,2,j_f_garcia
960222,http://idearq.org/resource/article/960222,Gemma Rauret,3,gemma_rauret
960221,http://idearq.org/resource/article/960221,J. S. Mestres,1,j_s_mestres
960221,http://idearq.org/resource/article/960221,Gemma Rauret,2,gemma_rauret
960221,http://idearq.org/resource/article/960221,J. F. Garcia,3,j_f_garcia
470236,http://idearq.org/resource/article/470236,"SANCHEZSANCHEZ, P",2,sanchezsanchez_p
470236,http://idearq.org/resource/article/470236,"GONZALEZGOMEZ, C",1,gonzalezgomez_c
959944,http://idearq.org/resource/article/959944,Vicente Lull Santiago,1,vicente_lull_santiago
959944,http://idearq.org/resource/article/959944,Robert Risch,2,robert_risch
959944,http://idearq.org/resource/article/959944,Paloma González Marcén,3,paloma_gonzalez_marcen
960207,http://idearq.org/resource/article/960207,José Luis Maya,1,jose_luis_maya
959944,http://idearq.org/resource/article/959944,Vicente Lull Santiago,1,vicente_lull_santiago
959944,http://idearq.org/resource/article/959944,Robert Risch,2,robert_risch
959944,http://idearq.org/resource/article/959944,Paloma González Marcén,3,paloma_gonzalez_marcen
960291,http://idearq.org/resource/article/960291,Antonio de la Peña Santos,1,antonio_de_la_pena_santos
959604,http://idearq.org/resource/article/959604,Joan Bernabeu,1,joan_bernabeu
959604,http://idearq.org/resource/article/959604,Bernat Martí Oliver,2,bernat_marti_oliver
958769,http://idearq.org/resource/article/958769,María del Carmen Priego Fernández del Campo,1,maria_del_carmen_priego_fernandez_del_campo
958769,http://idearq.org/resource/article/958769,Salvador Quero Castro,2,salvador_quero_castro
959527,http://idearq.org/resource/article/959527,Pablo Arias Cabal,1,pablo_arias_cabal
467060,http://idearq.org/resource/article/467060,"Ramil Rego, Pablo",1,ramil_rego_pablo
467060,http://idearq.org/resource/article/467060,"RAMIL SONEIRA, JOSE MARIA",2,ramil_soneira_jose_maria
959472,http://idearq.org/resource/article/959472,P. Aguayo,1,p_aguayo
959472,http://idearq.org/resource/article/959472,Manuel Carrilero Millán,2,manuel_carrilero_millan
959472,http://idearq.org/resource/article/959472,O. Garrido,3,o_garrido
959472,http://idearq.org/resource/article/959472,R. Morales,4,r_morales
959472,http://idearq.org/resource/article/959472,Félix Moreno,5,felix_moreno
959472,http://idearq.org/resource/article/959472,Bernardina Padial Robles,6,bernardina_padial_robles
959472,http://idearq.org/resource/article/959472,L. Sanz,7,l_sanz
960333,http://idearq.org/resource/article/960333,Maria Oliva Rodriguez Ariza,1,maria_oliva_rodriguez_ariza
958405,http://idearq.org/resource/article/958405,Vicente Rodríguez Otero,1,vicente_rodriguez_otero
960026,http://idearq.org/resource/article/960026,Michele Dauchot-Dehon,1,michele_dauchot_dehon
960026,http://idearq.org/resource/article/960026,Mark Van Strydonck,2,mark_van_strydonck
959845,http://idearq.org/resource/article/959845,Josep M. Fullola i Pericot,1,josep_m_fullola_i_pericot
959845,http://idearq.org/resource/article/959845,M. Mercè Berguedà i Zapata,2,m_merce_bergueda_i_zapata
959845,http://idearq.org/resource/article/959845,Raül Bartrolí i Isanta,3,raul_bartroli_i_isanta
960250,http://idearq.org/resource/article/960250,María Soledad Navarrete Enciso,1,maria_soledad_navarrete_enciso
960250,http://idearq.org/resource/article/960250,Javier Luis Carrasco Rus,2,javier_luis_carrasco_rus
960250,http://idearq.org/resource/article/960250,Jesús Gámiz Jiménez,3,jesus_gamiz_jimenez
958750,http://idearq.org/resource/article/958750,Carlos Mazo Pérez,1,carlos_mazo_perez
958750,http://idearq.org/resource/article/958750,Lourdes Montes Ramírez,2,lourdes_montes_ramirez
959538,http://idearq.org/resource/article/959538,Pablo Arias Cabal,1,pablo_arias_cabal
959538,http://idearq.org/resource/article/959538,Carlos Pérez Suárez,2,carlos_perez_suarez
959599,http://idearq.org/resource/article/959599,José Antonio Benavente Serrano,1,jose_antonio_benavente_serrano
958565,http://idearq.org/resource/article/958565,José Aparicio Pérez,1,jose_aparicio_perez
960039,http://idearq.org/resource/article/960039,José Simón Gornés Hachero,1,jose_simon_gornes_hachero
960039,http://idearq.org/resource/article/960039,J. M. Gual Cerdó,2,j_m_gual_cerdo
960039,http://idearq.org/resource/article/960039,Antoni López Pons,3,antoni_lopez_pons
960039,http://idearq.org/resource/article/960039,Joan C. De Nicolás Mascaró,4,joan_c_de_nicolas_mascaro
959910,http://idearq.org/resource/article/959910,R. E. M. HEDGES,1,r_e_m_hedges
959910,http://idearq.org/resource/article/959910,R. A. HOUSLEY,2,r_a_housley
959910,http://idearq.org/resource/article/959910,C. R. BRONK,3,c_r_bronk
959910,http://idearq.org/resource/article/959910,G. J. VAN KLINKEN,4,g_j_van_klinken
960297,http://idearq.org/resource/article/960297,Manuel Pérez Pérez,1,manuel_perez_perez
469135,http://idearq.org/resource/article/469135,"Gonzalez-Gomez, C.",1,gonzalez_gomez_c
958858,http://idearq.org/resource/article/958858,Ana Cristina Araújo,1,ana_cristina_araujo
959839,http://idearq.org/resource/article/959839,Katina T. Lillios,1,katina_t_lillios
960028,http://idearq.org/resource/article/960028,Jaume Coll Conesa,1,jaume_coll_conesa
958789,http://idearq.org/resource/article/958789,Joao M. Peixoto Cabral,1,joao_m_peixoto_cabral
958789,http://idearq.org/resource/article/958789,Antonio M. Monge Soares,2,antonio_m_monge_soares
959774,http://idearq.org/resource/article/959774,Germán Delibes de Castro,1,german_delibes_de_castro
959774,http://idearq.org/resource/article/959774,Manuel Á. Rojo Guerra,2,manuel_a_rojo_guerra
959774,http://idearq.org/resource/article/959774,Ignacio Represa Bermejo,3,ignacio_represa_bermejo
959643,http://idearq.org/resource/article/959643,María Concepción Blasco Bosqued,1,maria_concepcion_blasco_bosqued
959643,http://idearq.org/resource/article/959643,Javier Baena Preysler,2,javier_baena_preysler
959643,http://idearq.org/resource/article/959643,Asunción Millán,3,asuncion_millan
959643,http://idearq.org/resource/article/959643,Pedro Beneitez,4,pedro_beneitez
959643,http://idearq.org/resource/article/959643,Esperanza España,5,esperanza_espana
959643,http://idearq.org/resource/article/959643,Tomás Calderón,6,tomas_calderon
958557,http://idearq.org/resource/article/958557,M. Elorza,1,m_elorza
958557,http://idearq.org/resource/article/958557,Félix María Ugarte,2,felix_maria_ugarte
958557,http://idearq.org/resource/article/958557,Koro Mariezkurrena,3,koro_mariezkurrena
958557,http://idearq.org/resource/article/958557,Alejandro Cearreta Bilbao,4,alejandro_cearreta_bilbao
958557,http://idearq.org/resource/article/958557,J. Altuna,5,j_altuna
958557,http://idearq.org/resource/article/958557,José Antonio Mujika Alustiza,6,jose_antonio_mujika_alustiza
958557,http://idearq.org/resource/article/958557,José Miguel Edeso Fito,7,jose_miguel_edeso_fito
958557,http://idearq.org/resource/article/958557,María José Isturiz Aguinaga,8,maria_jose_isturiz_aguinaga
959586,http://idearq.org/resource/article/959586,Luís de Barros,1,luis_de_barros
959586,http://idearq.org/resource/article/959586,João Luís Cardoso,2,joao_luis_cardoso
959586,http://idearq.org/resource/article/959586,Armando Sabrosa,3,armando_sabrosa
958365,http://idearq.org/resource/article/958365,Francisco Treceño Losada,1,francisco_treceno_losada
958365,http://idearq.org/resource/article/958365,Montserrat Seco Villar,2,montserrat_seco_villar
958787,http://idearq.org/resource/article/958787,Francisco Treceño Losada,1,francisco_treceno_losada
958787,http://idearq.org/resource/article/958787,Montserrat Seco Villar,2,montserrat_seco_villar
960248,http://idearq.org/resource/article/960248,Ana María Muñoz Amilibia,1,ana_maria_munoz_amilibia
960130,http://idearq.org/resource/article/960130,Vítor Oliveira Jorge,1,vitor_oliveira_jorge
959915,http://idearq.org/resource/article/959915,R. E. M. HEDGES,1,r_e_m_hedges
959915,http://idearq.org/resource/article/959915,R. A. HOUSLEY,2,r_a_housley
959915,http://idearq.org/resource/article/959915,C. BRONK RAMSEY,3,c_bronk_ramsey
959915,http://idearq.org/resource/article/959915,G. J. VAN KLINKEN,4,g_j_van_klinken
960033,http://idearq.org/resource/article/960033,Robert Chapman,1,robert_chapman
960033,http://idearq.org/resource/article/960033,Mark Van Strydonck,2,mark_van_strydonck
960033,http://idearq.org/resource/article/960033,William Waldren,3,william_waldren
960318,http://idearq.org/resource/article/960318,Javier Quintana López,1,javier_quintana_lopez
960196,http://idearq.org/resource/article/960196,Concepción Martín,1,concepcion_martin
960196,http://idearq.org/resource/article/960196,Manuel Fernández-Miranda,2,manuel_fernandez_miranda
960196,http://idearq.org/resource/article/960196,María Dolores Fernández-Posse,3,maria_dolores_fernandez_posse
960196,http://idearq.org/resource/article/960196,Antonio Gilman,4,antonio_gilman
960049,http://idearq.org/resource/book/960049,Christopher Ray Hoffman,1,christopher_ray_hoffman
959812,http://idearq.org/resource/article/959812,Ramón Fábregas Valcarce,1,ramon_fabregas_valcarce
959886,http://idearq.org/resource/article/959886,Mário Varela Gomes,1,mario_varela_gomes
959886,http://idearq.org/resource/article/959886,João Luís Cardoso,2,joao_luis_cardoso
959886,http://idearq.org/resource/article/959886,Armando Santinho Cunha,3,armando_santinho_cunha
959936,http://idearq.org/resource/article/959936,Mauro S. Hernández Pérez,1,mauro_s_hernandez_perez
959936,http://idearq.org/resource/article/959936,José Antonio López,2,jose_antonio_lopez
959936,http://idearq.org/resource/article/959936,José Luis Simón García,3,jose_luis_simon_garcia
959901,http://idearq.org/resource/article/959901,Paloma González,1,paloma_gonzalez
960016,http://idearq.org/resource/article/960016,Ramón Pérez i Obiol,1,ramon_perez_i_obiol
960016,http://idearq.org/resource/article/960016,Francesc Burjachs i Casas,2,francesc_burjachs_i_casas
960016,http://idearq.org/resource/article/960016,Joan Maria Roure Nolla,3,joan_maria_roure_nolla
960016,http://idearq.org/resource/article/960016,Ramon Julià Brugués,4,ramon_julia_brugues
444476,http://idearq.org/resource/article/444476,"MCMINN, M",2,mcminn_m
444476,http://idearq.org/resource/article/444476,"ALCOVER, JA",1,alcover_ja
444476,http://idearq.org/resource/article/444476,"ALTABA, CR",3,altaba_cr
960324,http://idearq.org/resource/article/960324,Pedro Rasines del Río,1,pedro_rasines_del_rio
959592,http://idearq.org/resource/article/959592,Annabel Gamarra,1,annabel_gamarra
959592,http://idearq.org/resource/article/959592,David Farell,2,david_farell
959592,http://idearq.org/resource/article/959592,Alicia Estrada Martín,3,alicia_estrada_martin
959592,http://idearq.org/resource/article/959592,Maria Mercè Bergadà Zapata,4,maria_merce_bergada_zapata
959592,http://idearq.org/resource/article/959592,Raúl Bartolí i Isanta,5,raul_bartoli_i_isanta
959528,http://idearq.org/resource/article/959528,Pablo Arias Cabal,1,pablo_arias_cabal
960190,http://idearq.org/resource/article/960190,José Clemente Martín de la Cruz,1,jose_clemente_martin_de_la_cruz
960314,http://idearq.org/resource/article/960314,María del Carmen Priego Fernández del Campo,1,maria_del_carmen_priego_fernandez_del_campo
447356,http://idearq.org/resource/article/447356,"Rivera Núñez, Diego",1,rivera_nunez_diego
447356,http://idearq.org/resource/article/447356,"Díaz-Andreu García, Margarita",3,diaz_andreu_garcia_margarita
447356,http://idearq.org/resource/article/447356,"Obón de Castro, Concepción",2,obon_de_castro_concepcion
960213,http://idearq.org/resource/article/960213,Fidel Méndez Fernández,1,fidel_mendez_fernandez
959783,http://idearq.org/resource/article/959783,Margarita Díaz-Andreu García,1,margarita_diaz_andreu_garcia
958624,http://idearq.org/resource/article/958624,Mauro S. Hernández Pérez,1,mauro_s_hernandez_perez
960327,http://idearq.org/resource/article/960327,Eva Ripollés Adelantado,1,eva_ripolles_adelantado
959825,http://idearq.org/resource/article/959825,RJ Harrison,1,rj_harrison
959825,http://idearq.org/resource/article/959825,G Moreno-Lopez,2,g_moreno_lopez
959825,http://idearq.org/resource/article/959825,AJ Legge,3,aj_legge
883175,http://idearq.org/resource/article/883175,Consuelo Martínez Sánchez,1,consuelo_martinez_sanchez
960251,http://idearq.org/resource/article/960251,Luiz Oosterbeek,1,luiz_oosterbeek
960428,http://idearq.org/resource/article/960428,Gerd-Christian Weniger,1,gerd_christian_weniger
960428,http://idearq.org/resource/article/960428,Jordi Estévez Escalera,2,jordi_estevez_escalera
958699,http://idearq.org/resource/article/958699,R. E. M. HEDGES,1,r_e_m_hedges
958699,http://idearq.org/resource/article/958699,R. A. HOUSLEY,2,r_a_housley
958699,http://idearq.org/resource/article/958699,C. BRONK RAMSEY,3,c_bronk_ramsey
958699,http://idearq.org/resource/article/958699,G. J. VAN KLINKEN,4,g_j_van_klinken
959611,http://idearq.org/resource/article/959611,Nuno Ferreira Bicho,1,nuno_ferreira_bicho
960170,http://idearq.org/resource/article/960170,David Lubell,1,david_lubell
960170,http://idearq.org/resource/article/960170,Mary Jackes,2,mary_jackes
960170,http://idearq.org/resource/article/960170,Henry Schwarcz,3,henry_schwarcz
960170,http://idearq.org/resource/article/960170,Martin Knyf,4,martin_knyf
960170,http://idearq.org/resource/article/960170,Christopher Meiklejohn,5,christopher_meiklejohn
960160,http://idearq.org/resource/article/960160,Anthony E. Marks,1,anthony_e_marks
960160,http://idearq.org/resource/article/960160,Nuno Bieho,2,nuno_bieho
960160,http://idearq.org/resource/article/960160,Joao Zilhão,3,joao_zilhao
960160,http://idearq.org/resource/article/960160,C. Reid Ferring,4,c_reid_ferring
959560,http://idearq.org/resource/article/959560,Ernestina Badal,1,ernestina_badal
959560,http://idearq.org/resource/article/959560,Joan Bernabeu,2,joan_bernabeu
959560,http://idearq.org/resource/article/959560,JeanLouis Vernet,3,jeanlouis_vernet
348270,http://idearq.org/resource/article/348270,"Yll, E. Imanol",1,yll_e_imanol
348270,http://idearq.org/resource/article/348270,"Pérez-Obiol, Ramon",2,perez_obiol_ramon
348270,http://idearq.org/resource/article/348270,"Julia, Ramon",3,julia_ramon
959570,http://idearq.org/resource/article/959570,Magdalena Barril Vicente,1,magdalena_barril_vicente
958765,http://idearq.org/resource/article/958765,Ignacio Pavón Soldevila,1,ignacio_pavon_soldevila
960298,http://idearq.org/resource/article/960298,Carlos Pérez Suárez,1,carlos_perez_suarez
959584,http://idearq.org/resource/article/959584,J. B Martin,1,j_b_martin
959584,http://idearq.org/resource/article/959584,A Millan,2,a_millan
959584,http://idearq.org/resource/article/959584,P Beneitez,3,p_beneitez
959584,http://idearq.org/resource/article/959584,T Calderon,4,t_calderon
959609,http://idearq.org/resource/article/959609,Rafael de la Rosa Municio,1,rafael_de_la_rosa_municio
960027,http://idearq.org/resource/article/960027,Pedro V. Castro,1,pedro_v_castro
960027,http://idearq.org/resource/article/960027,Rafael Micó Pérez,2,rafael_mico_perez
959557,http://idearq.org/resource/article/959557,J. Emili Aura Tortosa,1,j_emili_aura_tortosa
959557,http://idearq.org/resource/article/959557,Manuel Pérez Ripoll,2,manuel_perez_ripoll
959696,http://idearq.org/resource/article/959696,Jorge Camino Mayor,1,jorge_camino_mayor
959652,http://idearq.org/resource/article/959652,M.ª Concepción Blasco Bosqued,1,m_a_concepcion_blasco_bosqued
959652,http://idearq.org/resource/article/959652,Juana Calle Pardo,2,juana_calle_pardo
959652,http://idearq.org/resource/article/959652,M ª Luz Sánchez-Capilla,3,m_a_luz_sanchez_capilla
959668,http://idearq.org/resource/article/959668,Àngel Bosch i Lloret,1,angel_bosch_i_lloret
959668,http://idearq.org/resource/article/959668,Montserrat Buch i Llorach,2,montserrat_buch_i_llorach
959668,http://idearq.org/resource/article/959668,Ramon Buxó i Capdevila,3,ramon_buxo_i_capdevila
959668,http://idearq.org/resource/article/959668,Joaquim Mateu,4,joaquim_mateu
959668,http://idearq.org/resource/article/959668,Antoni Palomo Pérez,5,antoni_palomo_perez
959668,http://idearq.org/resource/article/959668,Esther Tabernero,6,esther_tabernero
960258,http://idearq.org/resource/article/960258,Carmen Rosa Olaria Puyoles,1,carmen_rosa_olaria_puyoles
959967,http://idearq.org/resource/article/959967,Manuel Ramón González Morales,1,manuel_ramon_gonzalez_morales
959925,http://idearq.org/resource/article/959925,R. E. M. HEDGES,1,r_e_m_hedges
959925,http://idearq.org/resource/article/959925,R. A. HOUSLEY,2,r_a_housley
959925,http://idearq.org/resource/article/959925,C. BRONK RAMSEY,3,c_bronk_ramsey
959925,http://idearq.org/resource/article/959925,G. J. VAN KLINKEN,4,g_j_van_klinken
959924,http://idearq.org/resource/article/959924,R. E. M. HEDGES,1,r_e_m_hedges
959924,http://idearq.org/resource/article/959924,R. A. HOUSLEY,2,r_a_housley
959924,http://idearq.org/resource/article/959924,C. BRONK RAMSEY,3,c_bronk_ramsey
959924,http://idearq.org/resource/article/959924,G. J. VAN KLINKEN,4,g_j_van_klinken
959721,http://idearq.org/resource/article/959721,João Luís Cardoso,1,joao_luis_cardoso
959721,http://idearq.org/resource/article/959721,António M. Monge Soares,2,antonio_m_monge_soares
960032,http://idearq.org/resource/article/960032,Robert Chapman,1,robert_chapman
960032,http://idearq.org/resource/article/960032,Annie Grant,2,annie_grant
960038,http://idearq.org/resource/article/960038,Carlos Gomez Bellard,1,carlos_gomez_bellard
960284,http://idearq.org/resource/article/960284,Francesc Gusi i Jener,1,francesc_gusi_i_jener
960284,http://idearq.org/resource/article/960284,Vicente Palomar Macián,2,vicente_palomar_macian
959830,http://idearq.org/resource/article/959830,María Dolores Fernández Posse,1,maria_dolores_fernandez_posse
959830,http://idearq.org/resource/article/959830,Antonio Gilman,2,antonio_gilman
959830,http://idearq.org/resource/article/959830,Luis F. López González,3,luis_f_lopez_gonzalez
959830,http://idearq.org/resource/article/959830,Concepción Martín,4,concepcion_martin
959830,http://idearq.org/resource/article/959830,Almudena Orejas,5,almudena_orejas
959742,http://idearq.org/resource/book/959742,Pedro V. Castro Martínez,1,pedro_v_castro_martinez
959742,http://idearq.org/resource/book/959742,Vicente Lull,2,vicente_lull
959742,http://idearq.org/resource/book/959742,Rafael Micó,3,rafael_mico
959742,http://idearq.org/resource/book/959742,Pedro V. Castro Martínez,1,pedro_v_castro_martinez
959742,http://idearq.org/resource/book/959742,Vicente Lull,2,vicente_lull
959742,http://idearq.org/resource/book/959742,Rafael Micó,3,rafael_mico
959667,http://idearq.org/resource/article/959667,Josep Bosch Argilagós,1,josep_bosch_argilagos
959667,http://idearq.org/resource/article/959667,María del Mar Villalbí Prades,2,maria_del_mar_villalbi_prades
959667,http://idearq.org/resource/article/959667,Toni Forcadell Vericat,3,toni_forcadell_vericat
959543,http://idearq.org/resource/article/959543,A. Armendariz,1,a_armendariz
959543,http://idearq.org/resource/article/959543,F. Etxeberria,2,f_etxeberria
435065,http://idearq.org/resource/article/435065,"Papi Rodes, Concepción",2,papi_rodes_concepcion
435065,http://idearq.org/resource/article/435065,"Alonso Matthias, Fernán",4,alonso_matthias_fernan
435065,http://idearq.org/resource/article/435065,"Cacho, Carmen",1,cacho_carmen
435065,http://idearq.org/resource/article/435065,"Sánchez-Barriga Fernández, Antonio",3,sanchez_barriga_fernandez_antonio
960267,http://idearq.org/resource/article/960267,Carmen Rosa Olaria Puyoles,1,carmen_rosa_olaria_puyoles
960267,http://idearq.org/resource/article/960267,Francesc Gusi i Jener,2,francesc_gusi_i_jener
959515,http://idearq.org/resource/article/959515,José Alberto Bachiller Gil,1,jose_alberto_bachiller_gil
959515,http://idearq.org/resource/article/959515,Andrés Alvarez Gracia,2,andres_alvarez_gracia
959928,http://idearq.org/resource/article/959928,R. E. M. HEDGES,1,r_e_m_hedges
959928,http://idearq.org/resource/article/959928,R. A. HOUSLEY,2,r_a_housley
959928,http://idearq.org/resource/article/959928,P. B. PETTITT,3,p_b_pettitt
959928,http://idearq.org/resource/article/959928,C. BRONK RAMSEY,4,c_bronk_ramsey
959928,http://idearq.org/resource/article/959928,G. J. VAN KLINKEN,5,g_j_van_klinken
960048,http://idearq.org/resource/article/960048,R. E. M. HEDGES,1,r_e_m_hedges
960048,http://idearq.org/resource/article/960048,P. B. PETTITT,2,p_b_pettitt
960048,http://idearq.org/resource/article/960048,C. BRONK RAMSEY,3,c_bronk_ramsey
960048,http://idearq.org/resource/article/960048,G. J. VAN KLINKEN,4,g_j_van_klinken
960079,http://idearq.org/resource/article/960079,William H. Waldren,1,william_h_waldren
959621,http://idearq.org/resource/article/959621,Michael Kunst,1,michael_kunst
959621,http://idearq.org/resource/article/959621,Hans-Peter Uerpmann,2,hans_peter_uerpmann
959702,http://idearq.org/resource/article/959702,João Luís Cardoso,1,joao_luis_cardoso
960453,http://idearq.org/resource/article/960453,Aurora Grandal-D'Anglade,1,aurora_grandal_d_anglade
960453,http://idearq.org/resource/article/960453,Juan Ramón Vidal Romaní,2,juan_ramon_vidal_romani
958580,http://idearq.org/resource/article/958580,Angel Armendáriz Gutiérrez,1,angel_armendariz_gutierrez
958656,http://idearq.org/resource/article/958656,Felipe Criado-Boado,1,felipe_criado_boado
958656,http://idearq.org/resource/article/958656,César Parcero-Oubiña,2,cesar_parcero_oubina
960370,http://idearq.org/resource/article/960370,Amparo Sebastián Caudet,1,amparo_sebastian_caudet
960072,http://idearq.org/resource/book/960072,R. E. Taylor,1,r_e_taylor
960072,http://idearq.org/resource/book/960072,Martin J. Aitken,2,martin_j_aitken
960044,http://idearq.org/resource/article/960044,Víctor M. Guerrero Ayuso,1,victor_m_guerrero_ayuso
960149,http://idearq.org/resource/article/960149,Juan Antonio Ilarraza Tejada,1,juan_antonio_ilarraza_tejada
960149,http://idearq.org/resource/article/960149,Carlos López de Calle Cámara,2,carlos_lopez_de_calle_camara
959508,http://idearq.org/resource/article/959508,José María Bello Diéguez,1,jose_maria_bello_dieguez
959508,http://idearq.org/resource/article/959508,Fernán Alonso Mathias,2,fernan_alonso_mathias
960270,http://idearq.org/resource/article/960270,Vítor Oliveira Jorge,1,vitor_oliveira_jorge
958657,http://idearq.org/resource/article/958657,Pilar Zapatero Magdaleno,1,pilar_zapatero_magdaleno
958657,http://idearq.org/resource/article/958657,Germán Delibes de Castro,2,german_delibes_de_castro
958657,http://idearq.org/resource/article/958657,Rosario Pérez Martín,3,rosario_perez_martin
958657,http://idearq.org/resource/article/958657,Nicolás Benet Jordana,4,nicolas_benet_jordana
960286,http://idearq.org/resource/article/960286,César Parcero Oubiña,1,cesar_parcero_oubina
959933,http://idearq.org/resource/article/959933,Mauro S. Hernández Pérez,1,mauro_s_hernandez_perez
959791,http://idearq.org/resource/article/959791,Javier Fernández Eraso,1,javier_fernandez_eraso
960150,http://idearq.org/resource/article/960150,Juan Antonio Ilarraza Tejada,1,juan_antonio_ilarraza_tejada
960150,http://idearq.org/resource/article/960150,Carlos López de Calle Cámara,2,carlos_lopez_de_calle_camara
960002,http://idearq.org/resource/article/960002,María Pallarés,1,maria_pallares
960002,http://idearq.org/resource/article/960002,Anna Bordas Tissier,2,anna_bordas_tissier
960002,http://idearq.org/resource/article/960002,Rafael Mora Torcal,3,rafael_mora_torcal
959546,http://idearq.org/resource/article/959546,Antonio Arribas Palau,1,antonio_arribas_palau
959546,http://idearq.org/resource/article/959546,José Enrique Ferrer Palma,2,jose_enrique_ferrer_palma
958809,http://idearq.org/resource/article/958809,María del Pilar Utrilla Miranda,1,maria_del_pilar_utrilla_miranda
958809,http://idearq.org/resource/article/958809,Carlos Mazo Pérez,2,carlos_mazo_perez
960060,http://idearq.org/resource/article/960060,Lluís Plantalamor Massanet,1,lluis_plantalamor_massanet
960060,http://idearq.org/resource/article/960060,Mark van Strydonck,2,mark_van_strydonck
958760,http://idearq.org/resource/article/958760,Carmen Rosa Olaria Puyoles,1,carmen_rosa_olaria_puyoles
958819,http://idearq.org/resource/article/958819,Luis Gerardo Vega Toscano,1,luis_gerardo_vega_toscano
958819,http://idearq.org/resource/article/958819,A. Villar,2,a_villar
958819,http://idearq.org/resource/article/958819,T. Rojas,3,t_rojas
958819,http://idearq.org/resource/article/958819,P. Cosano,4,p_cosano
958819,http://idearq.org/resource/article/958819,O. Escarpa,5,o_escarpa
960050,http://idearq.org/resource/article/960050,Gustau Juan Benejam,1,gustau_juan_benejam
960050,http://idearq.org/resource/article/960050,Lluís Plantalamor Massanet,2,lluis_plantalamor_massanet
960373,http://idearq.org/resource/article/960373,María Remedios Serna González,1,maria_remedios_serna_gonzalez
960083,http://idearq.org/resource/article/960083,Errikarta-Imanol Yll,1,errikarta_imanol_yll
960083,http://idearq.org/resource/article/960083,Ramon Perez-Obiol,2,ramon_perez_obiol
960083,http://idearq.org/resource/article/960083,Jose Pantaleon-Cano,3,jose_pantaleon_cano
960083,http://idearq.org/resource/article/960083,Joan Maria Roure,4,joan_maria_roure
960163,http://idearq.org/resource/article/960163,Juan Carlos López Quintana,1,juan_carlos_lopez_quintana
960163,http://idearq.org/resource/article/960163,Mikel Aguirre Ruiz de Gopegui,2,mikel_aguirre_ruiz_de_gopegui
958788,http://idearq.org/resource/article/958788,Joâo Carlos de Senna-Martínez,1,joao_carlos_de_senna_martinez
958788,http://idearq.org/resource/article/958788,Michael A. Hoskin,2,michael_a_hoskin
958788,http://idearq.org/resource/article/958788,María Socorro López Plaza,3,maria_socorro_lopez_plaza
960080,http://idearq.org/resource/article/960080,W. Waldren,1,w_waldren
958775,http://idearq.org/resource/article/958775,Angel Luis Palomino Lázaro,1,angel_luis_palomino_lazaro
958775,http://idearq.org/resource/article/958775,José Antonio Rodríguez Marcos,2,jose_antonio_rodriguez_marcos
418930,http://idearq.org/resource/article/418930,"Gonzalez-Gomez, C.",1,gonzalez_gomez_c
418930,http://idearq.org/resource/article/418930,"Villafranca-Sanchez, E.",2,villafranca_sanchez_e
418930,http://idearq.org/resource/article/418930,"Gonzalez-Gomez, C.",1,gonzalez_gomez_c
418930,http://idearq.org/resource/article/418930,"Villafranca-Sanchez, E.",2,villafranca_sanchez_e
959781,http://idearq.org/resource/article/959781,Agustín Diez Castillo,1,agustin_diez_castillo
959797,http://idearq.org/resource/article/959797,Jorge Juan Eiroa García,1,jorge_juan_eiroa_garcia
959754,http://idearq.org/resource/article/959754,Gerardo Clausell Cantavella,1,gerardo_clausell_cantavella
960332,http://idearq.org/resource/article/960332,José María Rodanés Vicente,1,jose_maria_rodanes_vicente
960332,http://idearq.org/resource/article/960332,María Cruz Sopena Vicién,2,maria_cruz_sopena_vicien
960433,http://idearq.org/resource/article/960433,Ángel Villa Valdés,1,angel_villa_valdes
958793,http://idearq.org/resource/article/958793,María Angeles Valle,1,maria_angeles_valle
958793,http://idearq.org/resource/article/958793,Peter Smith,2,peter_smith
958793,http://idearq.org/resource/article/958793,Emilio Muñoz Fernández,3,emilio_munoz_fernandez
958793,http://idearq.org/resource/article/958793,José Manuel Morlote Expósito,4,jose_manuel_morlote_exposito
958793,http://idearq.org/resource/article/958793,Alis Serna Gancedo,5,alis_serna_gancedo
958671,http://idearq.org/resource/article/958671,María Jesús de Pedro Michó,1,maria_jesus_de_pedro_micho
958671,http://idearq.org/resource/article/958671,María Pilar Fumanal García,2,maria_pilar_fumanal_garcia
958671,http://idearq.org/resource/article/958671,Carles Ferrer García,3,carles_ferrer_garcia
958671,http://idearq.org/resource/article/958671,Francisco Javier Jover Maestre,4,francisco_javier_jover_maestre
958671,http://idearq.org/resource/article/958671,Juan Antonio López Padilla,5,juan_antonio_lopez_padilla
958671,http://idearq.org/resource/article/958671,Elena Grau Almero,6,elena_grau_almero
958671,http://idearq.org/resource/article/958671,Guillem Pérez Jordà,7,guillem_perez_jorda
958671,http://idearq.org/resource/article/958671,Inocencio Sarrión Montañana,8,inocencio_sarrion_montanana
959606,http://idearq.org/resource/book/959606,Ana M. S. Bettencourt,1,ana_m_s_bettencourt
959929,http://idearq.org/resource/article/959929,R. E. M. HEDGES,1,r_e_m_hedges
959929,http://idearq.org/resource/article/959929,P. B. PETTITT,2,p_b_pettitt
959929,http://idearq.org/resource/article/959929,C. BRONK RAMSEY,3,c_bronk_ramsey
959929,http://idearq.org/resource/article/959929,G. J. VAN KLINKEN,4,g_j_van_klinken
959556,http://idearq.org/resource/article/959556,J. Emili Aura Tortosa,1,j_emili_aura_tortosa
959556,http://idearq.org/resource/article/959556,Francisco Javier González-Tablas Sastre,2,francisco_javier_gonzalez_tablas_sastre
960081,http://idearq.org/resource/book/960081,William H. Waldren,1,william_h_waldren
958390,http://idearq.org/resource/article/958390,JoséS. Carrión,1,joses_carrion
958390,http://idearq.org/resource/article/958390,Manuel Munuera,2,manuel_munuera
958390,http://idearq.org/resource/article/958390,Cristina Navarro,3,cristina_navarro
959858,http://idearq.org/resource/book/959858,R. J. Harrison,1,r_j_harrison
959858,http://idearq.org/resource/book/959858,Ma. T. Andrés Rupérez,2,ma_t_andres_ruperez
959858,http://idearq.org/resource/book/959858,G. Moreno López,3,g_moreno_lopez
959780,http://idearq.org/resource/article/959780,Pedro Díaz del Río Español,1,pedro_diaz_del_rio_espanol
959780,http://idearq.org/resource/article/959780,Susana Consuegra Rodríguez,2,susana_consuegra_rodriguez
959765,http://idearq.org/resource/article/959765,José María Eguileta Franco,1,jose_maria_eguileta_franco
960409,http://idearq.org/resource/article/960409,Raquel Vilaça,1,raquel_vilaca
960409,http://idearq.org/resource/article/960409,Domingos J. da Cruz,2,domingos_j_da_cruz
960409,http://idearq.org/resource/article/960409,A. A. Huet B. Gonçalves,3,a_a_huet_b_goncalves
960084,http://idearq.org/resource/article/960084,Ramón Pérez i Obiol,1,ramon_perez_i_obiol
960084,http://idearq.org/resource/article/960084,Riker Yll,2,riker_yll
960084,http://idearq.org/resource/article/960084,José Pantaleón-Cano,3,jose_pantaleon_cano
960084,http://idearq.org/resource/article/960084,Joan Maria Roure,4,joan_maria_roure
960052,http://idearq.org/resource/article/960052,Joan S. Mestres i Torres,1,joan_s_mestres_i_torres
960052,http://idearq.org/resource/article/960052,Joan Carles de Nicolás Mascaró,2,joan_carles_de_nicolas_mascaro
958716,http://idearq.org/resource/article/958716,Eduardo Fresneda Padilla,1,eduardo_fresneda_padilla
958716,http://idearq.org/resource/article/958716,María Oliva Rodríguez Ariza,2,maria_oliva_rodriguez_ariza
958716,http://idearq.org/resource/article/958716,Manuel López López,3,manuel_lopez_lopez
958716,http://idearq.org/resource/article/958716,José Manuel Peña Rodríguez,4,jose_manuel_pena_rodriguez
959465,http://idearq.org/resource/article/959465,Gustau Aguilella Arzo,1,gustau_aguilella_arzo
959465,http://idearq.org/resource/article/959465,Carmen Rosa Olaria Puyoles,2,carmen_rosa_olaria_puyoles
959465,http://idearq.org/resource/article/959465,Francesc Gusi i Jener,3,francesc_gusi_i_jener
960054,http://idearq.org/resource/article/960054,Carles Quintana,1,carles_quintana
959697,http://idearq.org/resource/article/959697,Jorge Camino Mayor,1,jorge_camino_mayor
959536,http://idearq.org/resource/article/959536,Pablo Arias Cabal,1,pablo_arias_cabal
959536,http://idearq.org/resource/article/959536,Roberto Ontañón Peredo,2,roberto_ontanon_peredo
960203,http://idearq.org/resource/article/960203,Andrés Martínez Rodríguez,1,andres_martinez_rodriguez
960203,http://idearq.org/resource/article/960203,Juana Ponce García,2,juana_ponce_garcia
960203,http://idearq.org/resource/article/960203,María Manuela Ayala Juan,3,maria_manuela_ayala_juan
960152,http://idearq.org/resource/article/960152,Luis Francisco López González,1,luis_francisco_lopez_gonzalez
960152,http://idearq.org/resource/article/960152,Yolanda Alvarez González,2,yolanda_alvarez_gonzalez
960152,http://idearq.org/resource/article/960152,Miguel Angel López Marcos,3,miguel_angel_lopez_marcos
958751,http://idearq.org/resource/article/958751,Mario Menéndez Fernández,1,mario_menendez_fernandez
959582,http://idearq.org/resource/article/959582,Joaquín Barrio Martín,1,joaquin_barrio_martin
959582,http://idearq.org/resource/article/959582,Fernán Alonso Mathias,2,fernan_alonso_mathias
959640,http://idearq.org/resource/article/959640,Penélope González Sampériz,1,penelope_gonzalez_samperiz
959640,http://idearq.org/resource/article/959640,Fernanda Blasco,2,fernanda_blasco
959640,http://idearq.org/resource/article/959640,Carles Ferrer García,3,carles_ferrer_garcia
959640,http://idearq.org/resource/article/959640,María del Pilar Utrilla Miranda,4,maria_del_pilar_utrilla_miranda
960326,http://idearq.org/resource/article/960326,José María Rodanés Vicente,1,jose_maria_rodanes_vicente
960326,http://idearq.org/resource/article/960326,Julio Martínez Flórez,2,julio_martinez_florez
960416,http://idearq.org/resource/article/960416,Jacobo Vaquero Lastres,1,jacobo_vaquero_lastres
960416,http://idearq.org/resource/article/960416,Esperanza Martínez,2,esperanza_martinez
960416,http://idearq.org/resource/article/960416,Xavier de Hennin,3,xavier_de_hennin
959945,http://idearq.org/resource/article/959945,Víctor Hurtado Pérez,1,victor_hurtado_perez
959501,http://idearq.org/resource/article/959501,Pedro Souto,1,pedro_souto
959501,http://idearq.org/resource/article/959501,María Joao Valente,2,maria_joao_valente
959501,http://idearq.org/resource/article/959501,Francisco Almeida,3,francisco_almeida
959501,http://idearq.org/resource/article/959501,Joao Mauricio,4,joao_mauricio
959532,http://idearq.org/resource/article/959532,Roberto Ontañón Peredo,1,roberto_ontanon_peredo
959532,http://idearq.org/resource/article/959532,Jesús Emilio González Urquijo,2,jesus_emilio_gonzalez_urquijo
959532,http://idearq.org/resource/article/959532,Lydia Zapata Peña,3,lydia_zapata_pena
959532,http://idearq.org/resource/article/959532,Juan José Ibáñez Estévez,4,juan_jose_ibanez_estevez
959532,http://idearq.org/resource/article/959532,Pablo Arias Cabal,5,pablo_arias_cabal
959532,http://idearq.org/resource/article/959532,Jesús Altuna Etxabe,6,jesus_altuna_etxabe
959532,http://idearq.org/resource/article/959532,Angel Armendáriz Gutiérrez,7,angel_armendariz_gutierrez
959474,http://idearq.org/resource/article/959474,Jesús Altuna Etxabe,1,jesus_altuna_etxabe
959474,http://idearq.org/resource/article/959474,Pablo Arias Cabal,2,pablo_arias_cabal
958600,http://idearq.org/resource/article/958600,Miguel Ángel de Blas Cortina,1,miguel_angel_de_blas_cortina
959487,http://idearq.org/resource/article/959487,José Antonio Mujika Alustiza,1,jose_antonio_mujika_alustiza
959487,http://idearq.org/resource/article/959487,Alfonso Alday Ruiz,2,alfonso_alday_ruiz
445195,http://idearq.org/resource/article/445195,"Ruiz Taboada, Arturo",1,ruiz_taboada_arturo
445195,http://idearq.org/resource/article/445195,"Montero Ruiz, Ignacio",2,montero_ruiz_ignacio
960342,http://idearq.org/resource/article/960342,Fernando Romero Carnicero,1,fernando_romero_carnicero
959732,http://idearq.org/resource/article/959732,Antonio Faustino Carvalho,1,antonio_faustino_carvalho
959677,http://idearq.org/resource/article/959677,Primitiva Bueno Ramírez,1,primitiva_bueno_ramirez
959677,http://idearq.org/resource/article/959677,Rodrigo De Balbín Behrmann,2,rodrigo_de_balbin_behrmann
959677,http://idearq.org/resource/article/959677,Rosa Barroso Bermejo,3,rosa_barroso_bermejo
959677,http://idearq.org/resource/article/959677,Ana Belén Casado Mateos,4,ana_belen_casado_mateos
959677,http://idearq.org/resource/article/959677,M. Amparo Aldecoa Quintana,5,m_amparo_aldecoa_quintana
959805,http://idearq.org/resource/article/959805,María Soledad Estremera Portela,1,maria_soledad_estremera_portela
958723,http://idearq.org/resource/article/958723,Jesús Sesma Sesma,1,jesus_sesma_sesma
958723,http://idearq.org/resource/article/958723,Jesús García Gazólaz,2,jesus_garcia_gazolaz
960400,http://idearq.org/resource/article/960400,Suzanne Amigues,1,suzanne_amigues
416695,http://idearq.org/resource/article/416695,"Alcover, Josep Antoni",1,alcover_josep_antoni
416695,http://idearq.org/resource/article/416695,"Perez-Obiol, Ramon",2,perez_obiol_ramon
416695,http://idearq.org/resource/article/416695,"Yll, Errikarta-Imanol",3,yll_errikarta_imanol
416695,http://idearq.org/resource/article/416695,"Bover, Pere",4,bover_pere
960437,http://idearq.org/resource/article/960437,Narciso Zafra de la Torre,1,narciso_zafra_de_la_torre
960437,http://idearq.org/resource/article/960437,Francisca Hornos Mata,2,francisca_hornos_mata
960437,http://idearq.org/resource/article/960437,Marcelo Castro López,3,marcelo_castro_lopez
960292,http://idearq.org/resource/article/960292,Antonio de la Peña Santos,1,antonio_de_la_pena_santos
960335,http://idearq.org/resource/article/960335,M. Oliva Rodríguez-Ariza,1,m_oliva_rodriguez_ariza
960335,http://idearq.org/resource/article/960335,Eduardo Fresneda Padilla,2,eduardo_fresneda_padilla
960335,http://idearq.org/resource/article/960335,Marcelino Martín Montero,3,marcelino_martin_montero
960335,http://idearq.org/resource/article/960335,Fernando Molina González,4,fernando_molina_gonzalez
958759,http://idearq.org/resource/article/958759,José Manuel Morlote Expósito,1,jose_manuel_morlote_exposito
958759,http://idearq.org/resource/article/958759,Emilio Muñoz Fernández,2,emilio_munoz_fernandez
958758,http://idearq.org/resource/article/958758,César González Sainz,1,cesar_gonzalez_sainz
958758,http://idearq.org/resource/article/958758,José Alfonso Moure Romanillo,2,jose_alfonso_moure_romanillo
958766,http://idearq.org/resource/article/958766,Eduardo José Peralta Labrador,1,eduardo_jose_peralta_labrador
958779,http://idearq.org/resource/article/958779,Marisa Ruiz-Gálvez Priego,1,marisa_ruiz_galvez_priego
959675,http://idearq.org/resource/article/959675,Primitiva Bueno Ramírez,1,primitiva_bueno_ramirez
959544,http://idearq.org/resource/article/959544,Luis César Teira Mayolini,1,luis_cesar_teira_mayolini
959544,http://idearq.org/resource/article/959544,Angel Armendáriz Gutiérrez,2,angel_armendariz_gutierrez
959665,http://idearq.org/resource/article/959665,Dirk Brandherm,1,dirk_brandherm
958609,http://idearq.org/resource/article/958609,R. Buxó,10,r_buxo
958609,http://idearq.org/resource/article/958609,X. Clop,11,x_clop
958609,http://idearq.org/resource/article/958609,J. Fèlix,12,j_felix
958609,http://idearq.org/resource/article/958609,Ll Garcia,13,ll_garcia
958609,http://idearq.org/resource/article/958609,P. Gassmann,14,p_gassmann
958609,http://idearq.org/resource/article/958609,F. Gibaja,15,f_gibaja
958609,http://idearq.org/resource/article/958609,J. Girbal,16,j_girbal
958609,http://idearq.org/resource/article/958609,B. Hug,17,b_hug
958609,http://idearq.org/resource/article/958609,J. Juan,18,j_juan
958609,http://idearq.org/resource/article/958609,N. Juan-Muns,19,n_juan_muns
958609,http://idearq.org/resource/article/958609,A. Bosch,1,a_bosch
958609,http://idearq.org/resource/article/958609,J.M. Masip,20,j_m_masip
958609,http://idearq.org/resource/article/958609,P. Pauc,21,p_pauc
958609,http://idearq.org/resource/article/958609,R. Piqué,22,r_pique
958609,http://idearq.org/resource/article/958609,A. Planas,23,a_planas
958609,http://idearq.org/resource/article/958609,J. Reche,24,j_reche
958609,http://idearq.org/resource/article/958609,J. Reinhard,25,j_reinhard
958609,http://idearq.org/resource/article/958609,N. Rovira,26,n_rovira
958609,http://idearq.org/resource/article/958609,J.M. Rueda,27,j_m_rueda
958609,http://idearq.org/resource/article/958609,M. Saña,28,m_sana
958609,http://idearq.org/resource/article/958609,C. Saüch,29,c_sauch
958609,http://idearq.org/resource/article/958609,J. Chinchilla,2,j_chinchilla
958609,http://idearq.org/resource/article/958609,X. Nieto,3,x_nieto
958609,http://idearq.org/resource/article/958609,X. Raurich,4,x_raurich
958609,http://idearq.org/resource/article/958609,J. Tarrús,5,j_tarrus
958609,http://idearq.org/resource/article/958609,A. Palomo,6,a_palomo
958609,http://idearq.org/resource/article/958609,A. Alvarez,7,a_alvarez
958609,http://idearq.org/resource/article/958609,F. Burjachs,8,f_burjachs
958609,http://idearq.org/resource/article/958609,D. Brusi,9,d_brusi
960319,http://idearq.org/resource/article/960319,Núria Rafel i Fontanals,1,nuria_rafel_i_fontanals
959535,http://idearq.org/resource/article/959535,César González Sainz,1,cesar_gonzalez_sainz
959535,http://idearq.org/resource/article/959535,Roberto Ontañón Peredo,2,roberto_ontanon_peredo
959535,http://idearq.org/resource/article/959535,José Alfonso Moure Romanillo,3,jose_alfonso_moure_romanillo
959535,http://idearq.org/resource/article/959535,Pablo Arias Cabal,4,pablo_arias_cabal
960055,http://idearq.org/resource/article/960055,José Pantaleón-Cano,1,jose_pantaleon_cano
960055,http://idearq.org/resource/article/960055,Joan Maria Roure Nolla,2,joan_maria_roure_nolla
960055,http://idearq.org/resource/article/960055,Ramón Pérez i Obiol,3,ramon_perez_i_obiol
960029,http://idearq.org/resource/article/960029,Jaume Coll Conesa,1,jaume_coll_conesa
958838,http://idearq.org/resource/article/958838,R. Anglada,1,r_anglada
958838,http://idearq.org/resource/article/958838,E. Conlin,2,e_conlin
958838,http://idearq.org/resource/article/958838,T. Gómez,3,t_gomez
958838,http://idearq.org/resource/article/958838,A. Jiménez,4,a_jimenez
958752,http://idearq.org/resource/book/958752,João Zilhão,1,joao_zilhao
958786,http://idearq.org/resource/article/958786,Hermanfrid Schubart,1,hermanfrid_schubart
958786,http://idearq.org/resource/article/958786,Oswaldo Arteaga,2,oswaldo_arteaga
958786,http://idearq.org/resource/article/958786,Volker Pingel,3,volker_pingel
960320,http://idearq.org/resource/article/960320,Santiago Vázquez Collazo,1,santiago_vazquez_collazo
405074,http://idearq.org/resource/article/405074,"Celestino Pérez, Sebastián",1,celestino_perez_sebastian
959766,http://idearq.org/resource/article/959766,Germán Delibes de Castro,1,german_delibes_de_castro
959505,http://idearq.org/resource/article/959505,Natàlia Alonso,1,natalia_alonso
959505,http://idearq.org/resource/article/959505,Emili Junyent,2,emili_junyent
959505,http://idearq.org/resource/article/959505,Ángel Lafuente,3,angel_lafuente
959505,http://idearq.org/resource/article/959505,Joan B. López,4,joan_b_lopez
959505,http://idearq.org/resource/article/959505,Enric Tartera,5,enric_tartera
959905,http://idearq.org/resource/article/959905,Manuel Ramón González Morales,1,manuel_ramon_gonzalez_morales
959902,http://idearq.org/resource/article/959902,Matilde González Méndez,1,matilde_gonzalez_mendez
960264,http://idearq.org/resource/article/960264,Carlos Olaetxea Elosegi,1,carlos_olaetxea_elosegi
959533,http://idearq.org/resource/article/959533,Roberto Ontañón Peredo,1,roberto_ontanon_peredo
959533,http://idearq.org/resource/article/959533,Jesús Emilio González Urquijo,2,jesus_emilio_gonzalez_urquijo
959533,http://idearq.org/resource/article/959533,Lydia Zapata Peña,3,lydia_zapata_pena
959533,http://idearq.org/resource/article/959533,Juan José Ibáñez Estévez,4,juan_jose_ibanez_estevez
959533,http://idearq.org/resource/article/959533,Pablo Arias Cabal,5,pablo_arias_cabal
959533,http://idearq.org/resource/article/959533,Jesús Altuna Etxabe,6,jesus_altuna_etxabe
959533,http://idearq.org/resource/article/959533,Angel Armendáriz Gutiérrez,7,angel_armendariz_gutierrez
960045,http://idearq.org/resource/article/960045,Víctor M. Guerrero Ayuso,1,victor_m_guerrero_ayuso
959770,http://idearq.org/resource/article/959770,Antoni Llussà Guasch,10,antoni_llussa_guasch
959770,http://idearq.org/resource/article/959770,Josep Maria Mirada Donisa,11,josep_maria_mirada_donisa
959770,http://idearq.org/resource/article/959770,J. M. Miró,12,j_m_miro
959770,http://idearq.org/resource/article/959770,Marta Morán Álvarez,13,marta_moran_alvarez
959770,http://idearq.org/resource/article/959770,J. Roca,14,j_roca
959770,http://idearq.org/resource/article/959770,M. T. Ros,15,m_t_ros
959770,http://idearq.org/resource/article/959770,C. Rovira,16,c_rovira
959770,http://idearq.org/resource/article/959770,Enric Tartera,17,enric_tartera
959770,http://idearq.org/resource/article/959770,Natàlia Alonso,1,natalia_alonso
959770,http://idearq.org/resource/article/959770,Ignacio Clemente,2,ignacio_clemente
959770,http://idearq.org/resource/article/959770,C. Ferrer,3,c_ferrer
959770,http://idearq.org/resource/article/959770,M. Gené,4,m_gene
959770,http://idearq.org/resource/article/959770,Juan Francisco Gibaja,5,juan_francisco_gibaja
959770,http://idearq.org/resource/article/959770,N. Juan Muns,6,n_juan_muns
959770,http://idearq.org/resource/article/959770,Emili Junyent,7,emili_junyent
959770,http://idearq.org/resource/article/959770,Ángel Lafuente,8,angel_lafuente
959770,http://idearq.org/resource/article/959770,Joan López,9,joan_lopez
959841,http://idearq.org/resource/article/959841,Víctor M. Guerrero Ayuso,1,victor_m_guerrero_ayuso
959763,http://idearq.org/resource/article/959763,Isabel Cobas,1,isabel_cobas
959763,http://idearq.org/resource/article/959763,Felipe Criado,2,felipe_criado
959763,http://idearq.org/resource/article/959763,Xesús Amado,3,xesus_amado
959763,http://idearq.org/resource/article/959763,M. Del Carmen Martinez,4,m_del_carmen_martinez
959763,http://idearq.org/resource/article/959763,César Parcero,5,cesar_parcero
959674,http://idearq.org/resource/article/959674,C. BRONK RAMSEY,1,c_bronk_ramsey
959674,http://idearq.org/resource/article/959674,P. B. PETTITT,2,p_b_pettitt
959674,http://idearq.org/resource/article/959674,R. E. M. HEDGES,3,r_e_m_hedges
959674,http://idearq.org/resource/article/959674,G. W. L. HODGINS,4,g_w_l_hodgins
959674,http://idearq.org/resource/article/959674,D. C. OWEN,5,d_c_owen
960344,http://idearq.org/resource/article/960344,Núria Rovira i Buendia,1,nuria_rovira_i_buendia
959537,http://idearq.org/resource/article/959537,Roberto Ontañón Peredo,1,roberto_ontanon_peredo
959537,http://idearq.org/resource/article/959537,Pablo Arias Cabal,2,pablo_arias_cabal
959625,http://idearq.org/resource/article/959625,Lars Olof Larsson,1,lars_olof_larsson
959913,http://idearq.org/resource/article/959913,Jochen Görsdorf,1,jochen_gorsdorf
959846,http://idearq.org/resource/article/959846,Victor S. Gonçalves,1,victor_s_goncalves
960375,http://idearq.org/resource/article/960375,Carlos Tavares da Silva,1,carlos_tavares_da_silva
960021,http://idearq.org/resource/article/960021,Manuel Antonio Calvo Trias,1,manuel_antonio_calvo_trias
960021,http://idearq.org/resource/article/960021,Bartomeu Salvà Simonet,2,bartomeu_salva_simonet
960021,http://idearq.org/resource/article/960021,Víctor M. Guerrero Ayuso,3,victor_m_guerrero_ayuso
960014,http://idearq.org/resource/article/960014,Josep Antoni Alcover i Tomàs,1,josep_antoni_alcover_i_tomas
960014,http://idearq.org/resource/article/960014,Damià Ramis,2,damia_ramis
960014,http://idearq.org/resource/article/960014,Jaume Coll Conesa,3,jaume_coll_conesa
960014,http://idearq.org/resource/article/960014,Miquel Trias,4,miquel_trias
394056,http://idearq.org/resource/article/394056,"Alcover, Josep Antoni",2,alcover_josep_antoni
394056,http://idearq.org/resource/article/394056,"Ramis, Damià",1,ramis_damia
959909,http://idearq.org/resource/article/959909,Luis Xulio Carballo Arceo,1,luis_xulio_carballo_arceo
959909,http://idearq.org/resource/article/959909,Alfredo González Ruibal,2,alfredo_gonzalez_ruibal
959473,http://idearq.org/resource/article/959473,Gema Elvira Adán Álvarez,1,gema_elvira_adan_alvarez
959952,http://idearq.org/resource/article/959952,Mary Jackes,1,mary_jackes
959952,http://idearq.org/resource/article/959952,Ana Maria Silva,2,ana_maria_silva
959952,http://idearq.org/resource/article/959952,Joel Irish,3,joel_irish
960208,http://idearq.org/resource/article/960208,José Luis Maya,1,jose_luis_maya
960208,http://idearq.org/resource/article/960208,Francisco Cuesta Toribio,2,francisco_cuesta_toribio
960066,http://idearq.org/resource/article/960066,Bartomeu Salvà Simonet,1,bartomeu_salva_simonet
959523,http://idearq.org/resource/article/959523,Jesús Sesma Sesma,1,jesus_sesma_sesma
959523,http://idearq.org/resource/article/959523,María Luisa García García,2,maria_luisa_garcia_garcia
959523,http://idearq.org/resource/article/959523,María Teresa Andrés Rupérez,3,maria_teresa_andres_ruperez
959834,http://idearq.org/resource/article/959834,Juan Fernández Ruiz,1,juan_fernandez_ruiz
959834,http://idearq.org/resource/article/959834,José Enrique Márquez Romero,2,jose_enrique_marquez_romero
959688,http://idearq.org/resource/article/959688,Carmen Cacho Quesada,1,carmen_cacho_quesada
959688,http://idearq.org/resource/article/959688,Jesús Jordá Pardo,2,jesus_jorda_pardo
959688,http://idearq.org/resource/article/959688,Ignacio De la Torre Sáinz,3,ignacio_de_la_torre_sainz
959688,http://idearq.org/resource/article/959688,José Yravedra Sáinz de los Terreros,4,jose_yravedra_sainz_de_los_terreros
960010,http://idearq.org/resource/article/960010,Joan Carreras Escalas,1,joan_carreras_escalas
960047,http://idearq.org/resource/article/960047,Manuel Antonio Calvo Trias,1,manuel_antonio_calvo_trias
960047,http://idearq.org/resource/article/960047,Víctor M. Guerrero Ayuso,2,victor_m_guerrero_ayuso
960096,http://idearq.org/resource/article/960096,Rosario Cruz-Auñón Briones,1,rosario_cruz_aunon_briones
960096,http://idearq.org/resource/article/960096,Oswaldo Arteaga Matute,2,oswaldo_arteaga_matute
959868,http://idearq.org/resource/article/959868,Jesús Sesma Sesma,1,jesus_sesma_sesma
959868,http://idearq.org/resource/article/959868,María Inés Tabar Sarrías,2,maria_ines_tabar_sarrias
959868,http://idearq.org/resource/article/959868,Jesús García Gazólaz,3,jesus_garcia_gazolaz
960352,http://idearq.org/resource/article/960352,José Antonio Ruiz Gil,1,jose_antonio_ruiz_gil
960352,http://idearq.org/resource/article/960352,Juan José López Amador,2,juan_jose_lopez_amador
959740,http://idearq.org/resource/article/959740,Pedro V. Castro-Martínez,1,pedro_v_castro_martinez
959740,http://idearq.org/resource/article/959740,Robert W. Chapman,2,robert_w_chapman
959740,http://idearq.org/resource/article/959740,Trinidad Escoriza Mateu,3,trinidad_escoriza_mateu
959740,http://idearq.org/resource/article/959740,Vicente Lull Santiago,4,vicente_lull_santiago
959740,http://idearq.org/resource/article/959740,Rafael Micó Pérez,5,rafael_mico_perez
959740,http://idearq.org/resource/article/959740,Cristina Rihuete Herrada,6,cristina_rihuete_herrada
959740,http://idearq.org/resource/article/959740,Robert Risch,7,robert_risch
959740,http://idearq.org/resource/article/959740,María Encarna Sanahuja Yll,8,maria_encarna_sanahuja_yll
960040,http://idearq.org/resource/article/960040,Mark van Strydonck,1,mark_van_strydonck
960040,http://idearq.org/resource/article/960040,Jordi Hernández i Gasch,2,jordi_hernandez_i_gasch
960040,http://idearq.org/resource/article/960040,Juan Simón Gornés Hachero,3,juan_simon_gornes_hachero
960040,http://idearq.org/resource/article/960040,Víctor M. Guerrero Ayuso,4,victor_m_guerrero_ayuso
960040,http://idearq.org/resource/article/960040,Joan Carles de Nicolás Mascaró,5,joan_carles_de_nicolas_mascaro
959866,http://idearq.org/resource/article/959866,I. García-Martínez-de-Lagrán,1,i_garcia_martinez_de_lagran
960239,http://idearq.org/resource/article/960239,José Manuel Morlote Expósito,1,jose_manuel_morlote_exposito
960030,http://idearq.org/resource/article/960030,Jaume Coll Conesa,1,jaume_coll_conesa
960438,http://idearq.org/resource/article/960438,João Zilhão,1,joao_zilhao
959832,http://idearq.org/resource/article/959832,Luis Efrén Fernández Rodríguez,1,luis_efren_fernandez_rodriguez
959832,http://idearq.org/resource/article/959832,José Suárez Padilla,2,jose_suarez_padilla
959832,http://idearq.org/resource/article/959832,Ana Arancibia Román,3,ana_arancibia_roman
959832,http://idearq.org/resource/article/959832,Mª Isabel Cisneros,4,ma_isabel_cisneros
960061,http://idearq.org/resource/article/960061,Damià Ramis,1,damia_ramis
960061,http://idearq.org/resource/article/960061,Josep Antoni Alcover,2,josep_antoni_alcover
960350,http://idearq.org/resource/book/960350,Jesus Ruiz Cobo,1,jesus_ruiz_cobo
960350,http://idearq.org/resource/book/960350,Peter Smith,2,peter_smith
405642,http://idearq.org/resource/book/405642,"Sánchez, Begoña",1,sanchez_begona
405642,http://idearq.org/resource/book/405642,"Cerdeño, Esperanza",2,cerdeno_esperanza
405916,http://idearq.org/resource/bookseries/405916,"Aboal Fernández, Roberto",1,aboal_fernandez_roberto
405916,http://idearq.org/resource/bookseries/405916,"Ayán Vila, Xurxo M.",2,ayan_vila_xurxo_m
405916,http://idearq.org/resource/bookseries/405916,"Prieto Martínez, María Pilar",3,prieto_martinez_maria_pilar
960046,http://idearq.org/resource/article/960046,Víctor M. Guerrero Ayuso,1,victor_m_guerrero_ayuso
958778,http://idearq.org/resource/article/958778,Vicente Rozas Ortiz,1,vicente_rozas_ortiz
958778,http://idearq.org/resource/article/958778,Luis Cabo Pérez,2,luis_cabo_perez
959684,http://idearq.org/resource/article/959684,Fernando Carrera Ramírez,1,fernando_carrera_ramirez
959684,http://idearq.org/resource/article/959684,Ramón Fábregas Valcarce,2,ramon_fabregas_valcarce
959741,http://idearq.org/resource/article/959741,Lourdes Montes,1,lourdes_montes
959663,http://idearq.org/resource/article/959663,Helena Bonet Rosado,1,helena_bonet_rosado
959663,http://idearq.org/resource/article/959663,Consuelo Mata Parreño,2,consuelo_mata_parreno
959663,http://idearq.org/resource/article/959663,Miguel Angel Ferrer Eres,3,miguel_angel_ferrer_eres
959663,http://idearq.org/resource/article/959663,Elena Grau Almero,4,elena_grau_almero
959663,http://idearq.org/resource/article/959663,María Pilar Iborra Eres,5,maria_pilar_iborra_eres
959663,http://idearq.org/resource/article/959663,María Jesús de Pedro Michó,6,maria_jesus_de_pedro_micho
959663,http://idearq.org/resource/article/959663,Guillem Pérez Jordà,7,guillem_perez_jorda
959585,http://idearq.org/resource/article/959585,Joaquín Barrio Martín,1,joaquin_barrio_martin
959585,http://idearq.org/resource/article/959585,Isabel Rubio de Miguel,2,isabel_rubio_de_miguel
960227,http://idearq.org/resource/article/960227,Lourdes Montes,1,lourdes_montes
960227,http://idearq.org/resource/article/960227,Rafael Domingo,2,rafael_domingo
959662,http://idearq.org/resource/article/959662,Ramón Bohigas Roldán,1,ramon_bohigas_roldan
959662,http://idearq.org/resource/article/959662,Emilio Muñoz Fernández,2,emilio_munoz_fernandez
959639,http://idearq.org/resource/article/959639,Pilar Utrilla,1,pilar_utrilla
959639,http://idearq.org/resource/article/959639,Rafael Domingo,2,rafael_domingo
960202,http://idearq.org/resource/article/960202,Andrés Martínez Rodríguez,1,andres_martinez_rodriguez
960202,http://idearq.org/resource/article/960202,Juana Ponce García,2,juana_ponce_garcia
959507,http://idearq.org/resource/article/959507,Fernán Alonso Mathias,1,fernan_alonso_mathias
960255,http://idearq.org/resource/article/960255,Francisco Nocete Calvo,1,francisco_nocete_calvo
960255,http://idearq.org/resource/article/960255,José Antonio Linares Catela,2,jose_antonio_linares_catela
960255,http://idearq.org/resource/article/960255,José Miguel Nieto Liñán,3,jose_miguel_nieto_linan
960255,http://idearq.org/resource/article/960255,Reinaldo Sáez Ramos,4,reinaldo_saez_ramos
958780,http://idearq.org/resource/article/958780,Jorge Davide Sampaio,1,jorge_davide_sampaio
958780,http://idearq.org/resource/article/958780,Antonio Faustino Carvalho,2,antonio_faustino_carvalho
860881,http://idearq.org/resource/article/860881,Enrique Cerrillo Cuenca,1,enrique_cerrillo_cuenca
860881,http://idearq.org/resource/article/860881,Alicia Prada Gallardo,2,alicia_prada_gallardo
860881,http://idearq.org/resource/article/860881,Antonio González Cordero,3,antonio_gonzalez_cordero
860881,http://idearq.org/resource/article/860881,Francisco Javier Heras Mora,4,francisco_javier_heras_mora
960426,http://idearq.org/resource/article/960426,Manuel Vaquero,10,manuel_vaquero
960426,http://idearq.org/resource/article/960426,Josep Zaragoza,11,josep_zaragoza
960426,http://idearq.org/resource/article/960426,Josep María Vergès,1,josep_maria_verges
960426,http://idearq.org/resource/article/960426,Ethel Allué,2,ethel_allue
960426,http://idearq.org/resource/article/960426,Diego E. Angelucci,3,diego_e_angelucci
960426,http://idearq.org/resource/article/960426,Arthur Cebrià,4,arthur_cebria
960426,http://idearq.org/resource/article/960426,Carlos Díez,5,carlos_diez
960426,http://idearq.org/resource/article/960426,Marta Fontanals,6,marta_fontanals
960426,http://idearq.org/resource/article/960426,Antoni Manyanós,7,antoni_manyanos
960426,http://idearq.org/resource/article/960426,Sonsoles Montero,8,sonsoles_montero
960426,http://idearq.org/resource/article/960426,Sergio Moral,9,sergio_moral
960347,http://idearq.org/resource/article/960347,"Rubinos, Antonio, Alonso, Fernán",1,rubinos_antonio_alonso_fernan
959481,http://idearq.org/resource/article/959481,Alfonso Alday Ruiz,1,alfonso_alday_ruiz
960389,http://idearq.org/resource/article/960389,Lawrence Guy Straus,1,lawrence_guy_straus
960389,http://idearq.org/resource/article/960389,Manuel R. González Morales,2,manuel_r_gonzalez_morales
960389,http://idearq.org/resource/article/960389,Miguel Ángel Fano Mart??nez,3,miguel_angel_fano_mart_nez
960389,http://idearq.org/resource/article/960389,Mar??a Paz Garc??a-Gelabert,4,mar_a_paz_garc_a_gelabert
960020,http://idearq.org/resource/article/960020,Manuel Antonio Calvo Trias,1,manuel_antonio_calvo_trias
960020,http://idearq.org/resource/article/960020,Víctor M. Guerrero Ayuso,2,victor_m_guerrero_ayuso
960022,http://idearq.org/resource/article/960022,Manuel Calvo Trias,1,manuel_calvo_trias
960022,http://idearq.org/resource/article/960022,Bartomeu Salvà Simonet,2,bartomeu_salva_simonet
960022,http://idearq.org/resource/article/960022,Víctor M. Guerrero Ayuso,3,victor_m_guerrero_ayuso
959476,http://idearq.org/resource/article/959476,Alfonso Alday Ruiz,1,alfonso_alday_ruiz
960323,http://idearq.org/resource/article/960323,José Ramos Muñoz,1,jose_ramos_munoz
960323,http://idearq.org/resource/article/960323,María Lazarich González,2,maria_lazarich_gonzalez
959725,http://idearq.org/resource/article/959725,José Antonio Caro Gómez,1,jose_antonio_caro_gomez
959725,http://idearq.org/resource/article/959725,Genaro Álvarez García,2,genaro_alvarez_garcia
959725,http://idearq.org/resource/article/959725,Joaquín Rodríguez Vidal,3,joaquin_rodriguez_vidal
960144,http://idearq.org/resource/article/960144,María Mercedes Urteaga Artigas,1,maria_mercedes_urteaga_artigas
960144,http://idearq.org/resource/article/960144,Armando Llanos Ortiz de Landaluze,2,armando_llanos_ortiz_de_landaluze
958612,http://idearq.org/resource/article/958612,C. BRONK RAMSEY,1,c_bronk_ramsey
958612,http://idearq.org/resource/article/958612,T. F. G. HIGHAM,2,t_f_g_higham
958612,http://idearq.org/resource/article/958612,D. C. OWEN,3,d_c_owen
958612,http://idearq.org/resource/article/958612,A. W. G. PIKE,4,a_w_g_pike
958612,http://idearq.org/resource/article/958612,R. E. M. HEDGES,5,r_e_m_hedges
958612,http://idearq.org/resource/article/958612,C. BRONK RAMSEY,1,c_bronk_ramsey
958612,http://idearq.org/resource/article/958612,T. F. G. HIGHAM,2,t_f_g_higham
958612,http://idearq.org/resource/article/958612,D. C. OWEN,3,d_c_owen
958612,http://idearq.org/resource/article/958612,A. W. G. PIKE,4,a_w_g_pike
958612,http://idearq.org/resource/article/958612,R. E. M. HEDGES,5,r_e_m_hedges
959524,http://idearq.org/resource/article/959524,María Teresa Andrés Rupérez,1,maria_teresa_andres_ruperez
959524,http://idearq.org/resource/article/959524,Jesús Sesma Sesma,2,jesus_sesma_sesma
959524,http://idearq.org/resource/article/959524,María Luisa García García,3,maria_luisa_garcia_garcia
959852,http://idearq.org/resource/article/959852,Pilar Garcia-Argüelles Andreu,1,pilar_garcia_arguelles_andreu
959852,http://idearq.org/resource/article/959852,Jordi Nadal I. Lorenzo,2,jordi_nadal_i_lorenzo
959852,http://idearq.org/resource/article/959852,Josep M. Fullola I. Pericot,3,josep_m_fullola_i_pericot
406143,http://idearq.org/resource/article/406143,"Campo Martín, Manuel",4,campo_martin_manuel
406143,http://idearq.org/resource/article/406143,"López García, Pilar",9,lopez_garcia_pilar
406143,http://idearq.org/resource/article/406143,"Sánchez, Begoña",12,sanchez_begona
406143,http://idearq.org/resource/article/406143,"López-Sáez, José Antonio",10,lopez_saez_jose_antonio
406143,http://idearq.org/resource/article/406143,"Herrasti Erlogorri, Lourdes",7,herrasti_erlogorri_lourdes
406143,http://idearq.org/resource/article/406143,"Juan i Tresserras, Jordi",8,juan_i_tresserras_jordi
406143,http://idearq.org/resource/article/406143,"Balbín Behrmann, Rodrigo de",3,balbin_behrmann_rodrigo_de
406143,http://idearq.org/resource/article/406143,"Matamala Mellín, Juan Carlos",11,matamala_mellin_juan_carlos
406143,http://idearq.org/resource/article/406143,"Barroso Bermejo, Rosa",2,barroso_bermejo_rosa
406143,http://idearq.org/resource/article/406143,"Bueno Ramírez, Primitiva",1,bueno_ramirez_primitiva
406143,http://idearq.org/resource/article/406143,"Etxeberría Gabilondo, Francisco",5,etxeberria_gabilondo_francisco
406143,http://idearq.org/resource/article/406143,"González Martín, Armando",6,gonzalez_martin_armando
958842,http://idearq.org/resource/article/958842,António M. Monge Soares,1,antonio_m_monge_soares
958643,http://idearq.org/resource/article/958643,António Faustino Carvalho,1,antonio_faustino_carvalho
958643,http://idearq.org/resource/article/958643,João Luís Cardoso,2,joao_luis_cardoso
958717,http://idearq.org/resource/book/958717,Portugal) Rui Pedro Gama & Eugénia Cunha,1,portugal_rui_pedro_gama_eugenia_cunha
363324,http://idearq.org/resource/bookseries/363324,"Aboal Fernández, Roberto",1,aboal_fernandez_roberto
363324,http://idearq.org/resource/bookseries/363324,"Ayán Vila, Xurxo M.",2,ayan_vila_xurxo_m
363324,http://idearq.org/resource/bookseries/363324,"Prieto Martínez, María Pilar",3,prieto_martinez_maria_pilar
958764,http://idearq.org/resource/article/958764,Joaquim Parcerisas Civit,1,joaquim_parcerisas_civit
958764,http://idearq.org/resource/article/958764,Rafael Mora Torcal,2,rafael_mora_torcal
958764,http://idearq.org/resource/article/958764,María Pallarés Añó,3,maria_pallares_ano
958764,http://idearq.org/resource/article/958764,Jorge Martínez Moreno,4,jorge_martinez_moreno
960062,http://idearq.org/resource/book/960062,Cristina Rihuete Herrada,1,cristina_rihuete_herrada
960275,http://idearq.org/resource/article/960275,Roberto Ontañón Peredo,1,roberto_ontanon_peredo
959895,http://idearq.org/resource/article/959895,Julio González Alcalde,1,julio_gonzalez_alcalde
959862,http://idearq.org/resource/article/959862,M. García Diez,1,m_garcia_diez
959862,http://idearq.org/resource/article/959862,J. Martín i Uixan,2,j_martin_i_uixan
959862,http://idearq.org/resource/article/959862,M. A. Martín Merino,3,m_a_martin_merino
959862,http://idearq.org/resource/article/959862,A. I. Ortega Martínez,4,a_i_ortega_martinez
960162,http://idearq.org/resource/article/960162,Juan Carlos López Quintana,1,juan_carlos_lopez_quintana
960205,http://idearq.org/resource/article/960205,Roberto Matías Rodríguez,1,roberto_matias_rodriguez
960205,http://idearq.org/resource/article/960205,Ana Neira Campos,2,ana_neira_campos
960205,http://idearq.org/resource/article/960205,Eduardo Alonso Herrero,3,eduardo_alonso_herrero
958730,http://idearq.org/resource/article/958730,Amaya Goñi Quinteiro,1,amaya_goni_quinteiro
958730,http://idearq.org/resource/article/958730,María Esther Chávez Álvarez,2,maria_esther_chavez_alvarez
958730,http://idearq.org/resource/article/958730,María Dolores Cámalich Massieu,3,maria_dolores_camalich_massieu
958730,http://idearq.org/resource/article/958730,Dimas Martín Socas,4,dimas_martin_socas
958730,http://idearq.org/resource/article/958730,Pedro González Quintero,5,pedro_gonzalez_quintero
960025,http://idearq.org/resource/book/960025,Pedro V. Castro Martínez,1,pedro_v_castro_martinez
960025,http://idearq.org/resource/book/960025,Trinidad Escoriza-Mateu,2,trinidad_escoriza_mateu
960025,http://idearq.org/resource/book/960025,María Encarna Sanahuja,3,maria_encarna_sanahuja
958859,http://idearq.org/resource/article/958859,Ramón Cardona,1,ramon_cardona
958859,http://idearq.org/resource/article/958859,Jordi Guàrdia i Felip,2,jordi_guardia_i_felip
959733,http://idearq.org/resource/article/959733,Antonio Faustino Carvalho,1,antonio_faustino_carvalho
960466,http://idearq.org/resource/article/960466,Antonio M. Monge Soares,1,antonio_m_monge_soares
959613,http://idearq.org/resource/article/959613,Nuno Bicho,1,nuno_bicho
959613,http://idearq.org/resource/article/959613,William Belcher,2,william_belcher
959613,http://idearq.org/resource/article/959613,Jonathan A. Haws,3,jonathan_a_haws
959613,http://idearq.org/resource/article/959613,Anastasia Markova,4,anastasia_markova
959613,http://idearq.org/resource/article/959613,Bryan Scott Hockett,5,bryan_scott_hockett
959478,http://idearq.org/resource/article/959478,Gustau Aguilella i Arzo,1,gustau_aguilella_i_arzo
959806,http://idearq.org/resource/article/959806,María Soledad Estremera Portela,1,maria_soledad_estremera_portela
959806,http://idearq.org/resource/article/959806,Pilar López García,2,pilar_lopez_garcia
958748,http://idearq.org/resource/article/958748,Catalina Martínez Padilla,1,catalina_martinez_padilla
958748,http://idearq.org/resource/article/958748,María de la Paz Román Díaz,2,maria_de_la_paz_roman_diaz
958748,http://idearq.org/resource/article/958748,María Juana López Medina,3,maria_juana_lopez_medina
958748,http://idearq.org/resource/article/958748,Nicolás Suárez de Urbina Chapman,4,nicolas_suarez_de_urbina_chapman
958748,http://idearq.org/resource/article/958748,Francisco Martínez Acosta,5,francisco_martinez_acosta
958748,http://idearq.org/resource/article/958748,Montserrat Montoya Fenoy,6,montserrat_montoya_fenoy
958748,http://idearq.org/resource/article/958748,Manuel Maqueda Rodríguez,7,manuel_maqueda_rodriguez
798015,http://idearq.org/resource/article/798015,"Díaz-Del-Río, Pedro",1,diaz_del_rio_pedro
960051,http://idearq.org/resource/book/960051,Montserrat Menasanch de Tobaruela,1,montserrat_menasanch_de_tobaruela
960317,http://idearq.org/resource/book/960317,Francisco Manuel Veleda Reimão Queiroga,1,francisco_manuel_veleda_reimao_queiroga
958613,http://idearq.org/resource/article/958613,Josep Quintana,1,josep_quintana
958613,http://idearq.org/resource/article/958613,Pere Bover,2,pere_bover
958613,http://idearq.org/resource/article/958613,Damià Ramis,3,damia_ramis
958613,http://idearq.org/resource/article/958613,Josep Antoni Alcover i Tomàs,4,josep_antoni_alcover_i_tomas
960310,http://idearq.org/resource/article/960310,Alonso Rodríguez Díaz,1,alonso_rodriguez_diaz
960310,http://idearq.org/resource/article/960310,Pablo Ortiz Romero,2,pablo_ortiz_romero
959892,http://idearq.org/resource/article/959892,Victor S. Gonçalves,1,victor_s_goncalves
959892,http://idearq.org/resource/article/959892,Marco António Andrade,2,marco_antonio_andrade
959892,http://idearq.org/resource/article/959892,André Pereira,3,andre_pereira
960224,http://idearq.org/resource/article/960224,Josep Miret i Mestre,1,josep_miret_i_mestre
960224,http://idearq.org/resource/article/960224,Sílvia Boquer,2,silvia_boquer
959679,http://idearq.org/resource/article/959679,Primitiva Bueno Ramírez,1,primitiva_bueno_ramirez
959679,http://idearq.org/resource/article/959679,Rosa Barroso Bermejo,2,rosa_barroso_bermejo
959679,http://idearq.org/resource/article/959679,Rodrigo de Balbín Behrmann,3,rodrigo_de_balbin_behrmann
959758,http://idearq.org/resource/article/959758,Miguel Cortés Sánchez,1,miguel_cortes_sanchez
960013,http://idearq.org/resource/article/960013,Josep Antoni Alcover i Tomàs,1,josep_antoni_alcover_i_tomas
959893,http://idearq.org/resource/article/959893,Nicolás Benet,1,nicolas_benet
959893,http://idearq.org/resource/article/959893,Oscar López Jiménez,2,oscar_lopez_jimenez
960363,http://idearq.org/resource/article/960363,Catalina Galán y Saulnier,1,catalina_galan_y_saulnier
960363,http://idearq.org/resource/article/960363,José Sánchez Meseguer,2,jose_sanchez_meseguer
960444,http://idearq.org/resource/article/960444,Julio M. Román Punzón,1,julio_m_roman_punzon
959752,http://idearq.org/resource/article/959752,Miguel Cisneros Cunchillos,1,miguel_cisneros_cunchillos
959752,http://idearq.org/resource/article/959752,Pilar López Noriega,2,pilar_lopez_noriega
959755,http://idearq.org/resource/article/959755,Gerardo Clausell Cantavella,1,gerardo_clausell_cantavella
960125,http://idearq.org/resource/article/960125,Ignacio Barrios Gil,1,ignacio_barrios_gil
959649,http://idearq.org/resource/article/959649,Concepción Blasco,1,concepcion_blasco
960398,http://idearq.org/resource/article/960398,Palmira Torregrosa Giménez,1,palmira_torregrosa_gimenez
960398,http://idearq.org/resource/article/960398,Eduardo López Seguí,2,eduardo_lopez_segui
960398,http://idearq.org/resource/article/960398,Francisco Javier Jover Maestre,3,francisco_javier_jover_maestre
959743,http://idearq.org/resource/article/959743,Ana Cava Almuzara,1,ana_cava_almuzara
959743,http://idearq.org/resource/article/959743,Alfonso Alday Ruiz,2,alfonso_alday_ruiz
960156,http://idearq.org/resource/article/960156,Miguel Angel López Marcos,1,miguel_angel_lopez_marcos
960156,http://idearq.org/resource/article/960156,Luis Francisco López González,2,luis_francisco_lopez_gonzalez
960156,http://idearq.org/resource/article/960156,Yolanda Alvarez González,3,yolanda_alvarez_gonzalez
365089,http://idearq.org/resource/article/365089,"Fernández Ochoa, Carmen",1,fernandez_ochoa_carmen
365089,http://idearq.org/resource/article/365089,"Gil Sendino, Fernando",2,gil_sendino_fernando
365089,http://idearq.org/resource/article/365089,"Orejas Saco del Valle, Almudena",3,orejas_saco_del_valle_almudena
959778,http://idearq.org/resource/article/959778,María Jesús de Pedro Michó,1,maria_jesus_de_pedro_micho
959778,http://idearq.org/resource/article/959778,Bernat Martí Oliver,2,bernat_marti_oliver
960232,http://idearq.org/resource/article/960232,Sérgio Monteiro-Rodrigues,1,sergio_monteiro_rodrigues
960232,http://idearq.org/resource/article/960232,Diego E. Angelucci,2,diego_e_angelucci
958634,http://idearq.org/resource/article/958634,João Luís Cardoso,1,joao_luis_cardoso
958634,http://idearq.org/resource/article/958634,Inês Mendes da Silva,2,ines_mendes_da_silva
959734,http://idearq.org/resource/article/959734,Antonio Faustino Carvalho,1,antonio_faustino_carvalho
959525,http://idearq.org/resource/article/959525,Cláudia Costa-Brochado,1,claudia_costa_brochado
959525,http://idearq.org/resource/article/959525,Joao Muralha,2,joao_muralha
959525,http://idearq.org/resource/article/959525,Diego E. Angelucci,3,diego_e_angelucci
959735,http://idearq.org/resource/article/959735,Josep A. Casabó i Bernad,1,josep_a_casabo_i_bernad
960234,http://idearq.org/resource/article/960234,Lourdes Montes,1,lourdes_montes
960234,http://idearq.org/resource/article/960234,José Antonio Cuchí,2,jose_antonio_cuchi
960234,http://idearq.org/resource/article/960234,Rafael Domingo,3,rafael_domingo
960234,http://idearq.org/resource/article/960234,Manuel Bea,4,manuel_bea
960431,http://idearq.org/resource/article/960431,Montse Corominas Vidal,1,montse_corominas_vidal
960431,http://idearq.org/resource/article/960431,Raquel López,2,raquel_lopez
960431,http://idearq.org/resource/article/960431,Enric Vilalta Ribé,3,enric_vilalta_ribe
960408,http://idearq.org/resource/article/960408,María del Pilar Utrilla Miranda,1,maria_del_pilar_utrilla_miranda
960408,http://idearq.org/resource/article/960408,José María Rodanés Vicente,2,jose_maria_rodanes_vicente
959833,http://idearq.org/resource/article/959833,Juan Fernández Ruiz,1,juan_fernandez_ruiz
960132,http://idearq.org/resource/article/960132,Joaquim Juan Cabanilles,1,joaquim_juan_cabanilles
310822,http://idearq.org/resource/article/310822,"Blanco Rotea, Rebeca",1,blanco_rotea_rebeca
959964,http://idearq.org/resource/article/959964,Pedro José Lobo Urrutia,1,pedro_jose_lobo_urrutia
960131,http://idearq.org/resource/article/960131,Francisco Javier Jover Maestre,1,francisco_javier_jover_maestre
960131,http://idearq.org/resource/article/960131,Juan Antonio López Padilla,2,juan_antonio_lopez_padilla
960000,http://idearq.org/resource/article/960000,Pedro Barros,1,pedro_barros
959458,http://idearq.org/resource/article/959458,Francisco Javier Abarquero Moras,1,francisco_javier_abarquero_moras
958697,http://idearq.org/resource/article/958697,María Soledad Estremera Portela,1,maria_soledad_estremera_portela
960353,http://idearq.org/resource/article/960353,José Antonio Ruiz Gil,1,jose_antonio_ruiz_gil
958614,http://idearq.org/resource/article/958614,Alfonso Alday Ruiz,1,alfonso_alday_ruiz
958614,http://idearq.org/resource/article/958614,Gema Elvira Adán Álvarez,2,gema_elvira_adan_alvarez
959626,http://idearq.org/resource/article/959626,María Lazarich González,1,maria_lazarich_gonzalez
959946,http://idearq.org/resource/article/959946,Víctor Hurtado Pérez,1,victor_hurtado_perez
959878,http://idearq.org/resource/article/959878,Iñigo García-Martínez de Lagrán,1,inigo_garcia_martinez_de_lagran
959878,http://idearq.org/resource/article/959878,Rafael Garrido Pena,2,rafael_garrido_pena
959878,http://idearq.org/resource/article/959878,Manuel Ángel Rojo Guerra,3,manuel_angel_rojo_guerra
960502,http://idearq.org/resource/article/960502,Josep Pascual Beneyto,1,josep_pascual_beneyto
959798,http://idearq.org/resource/article/959798,Jorge Juan Eiroa García,1,jorge_juan_eiroa_garcia
958672,http://idearq.org/resource/article/958672,Agustín Diez Castillo,1,agustin_diez_castillo
959676,http://idearq.org/resource/article/959676,Primitiva Bueno Ramírez,1,primitiva_bueno_ramirez
959676,http://idearq.org/resource/article/959676,Rosa María Barroso Bermejo,2,rosa_maria_barroso_bermejo
959676,http://idearq.org/resource/article/959676,Rodrigo de Balbín Behrmann,3,rodrigo_de_balbin_behrmann
958771,http://idearq.org/resource/article/958771,Julián Ramos Fernández,1,julian_ramos_fernandez
958771,http://idearq.org/resource/article/958771,Miguel Cortés Sánchez,2,miguel_cortes_sanchez
958771,http://idearq.org/resource/article/958771,Raúl Aguilera López,3,raul_aguilera_lopez
958771,http://idearq.org/resource/article/958771,Irene Navarrete Rodríguez,4,irene_navarrete_rodriguez
960233,http://idearq.org/resource/article/960233,Lourdes Montes Ramírez,1,lourdes_montes_ramirez
959671,http://idearq.org/resource/article/959671,R. Bradley,1,r_bradley
959671,http://idearq.org/resource/article/959671,R. Fabregas,2,r_fabregas
959671,http://idearq.org/resource/article/959671,L. Alves,3,l_alves
959671,http://idearq.org/resource/article/959671,X. Vilaseco,4,x_vilaseco
960303,http://idearq.org/resource/article/960303,Jesús V. Picazo,1,jesus_v_picazo
959864,http://idearq.org/resource/article/959864,José María Rodanés Vicente,1,jose_maria_rodanes_vicente
959864,http://idearq.org/resource/article/959864,Jesús Vicente Picazo Millán,2,jesus_vicente_picazo_millan
958754,http://idearq.org/resource/article/958754,Jesús Carlos Misiego Tejeda,1,jesus_carlos_misiego_tejeda
958754,http://idearq.org/resource/article/958754,Luis Alberto Villanueva Martín,2,luis_alberto_villanueva_martin
958754,http://idearq.org/resource/article/958754,Gregorio José Marcos Contreras,3,gregorio_jose_marcos_contreras
958754,http://idearq.org/resource/article/958754,Miguel Angel Martín Carbajo,4,miguel_angel_martin_carbajo
958754,http://idearq.org/resource/article/958754,Francisco Javier Sanz García,5,francisco_javier_sanz_garcia
958770,http://idearq.org/resource/article/958770,María Pilar Prieto Martínez,1,maria_pilar_prieto_martinez
960217,http://idearq.org/resource/article/960217,Norberto Mesado Oliver,1,norberto_mesado_oliver
960212,http://idearq.org/resource/article/960212,Alfredo Mederos Martín,1,alfredo_mederos_martin
960276,http://idearq.org/resource/article/960276,Roberto Ontañón Peredo,1,roberto_ontanon_peredo
960296,http://idearq.org/resource/article/960296,Santiago Vieito Covela,1,santiago_vieito_covela
960296,http://idearq.org/resource/article/960296,Adolfo Fernández Fernández,2,adolfo_fernandez_fernandez
960296,http://idearq.org/resource/article/960296,Fermín Pérez Losada,3,fermin_perez_losada
958648,http://idearq.org/resource/article/958648,Enrique Cerrillo Cuenca,1,enrique_cerrillo_cuenca
959817,http://idearq.org/resource/article/959817,Alfonso Fanjul Peraza,1,alfonso_fanjul_peraza
959759,http://idearq.org/resource/article/959759,B. Bartolomé Arquillo,10,b_bartolome_arquillo
959759,http://idearq.org/resource/article/959759,J. Ramos Fernández,11,j_ramos_fernandez
959759,http://idearq.org/resource/article/959759,R. Aguilera López,12,r_aguilera_lopez
959759,http://idearq.org/resource/article/959759,Miguel Cortés Sánchez,1,miguel_cortes_sanchez
959759,http://idearq.org/resource/article/959759,María D. Simón Vallejo,2,maria_d_simon_vallejo
959759,http://idearq.org/resource/article/959759,A. Moyano Jaime,3,a_moyano_jaime
959759,http://idearq.org/resource/article/959759,I. Navarrete Rodríguez,4,i_navarrete_rodriguez
959759,http://idearq.org/resource/article/959759,Ignacio Montero Ruiz,5,ignacio_montero_ruiz
959759,http://idearq.org/resource/article/959759,Carmen Gutiérrez Sáez,6,carmen_gutierrez_saez
959759,http://idearq.org/resource/article/959759,J. J. de la Rubia de Gracia,7,j_j_de_la_rubia_de_gracia
959759,http://idearq.org/resource/article/959759,M. Carmen Lozano-Francisco,8,m_carmen_lozano_francisco
959759,http://idearq.org/resource/article/959759,José L. Vera-Peláez,9,jose_l_vera_pelaez
959748,http://idearq.org/resource/book/959748,Enrique Cerrillo Cuenca,1,enrique_cerrillo_cuenca
960321,http://idearq.org/resource/article/960321,Nuria Rafel Fontanals,1,nuria_rafel_fontanals
960321,http://idearq.org/resource/article/960321,Xosé-Lois Armada,2,xose_lois_armada
958744,http://idearq.org/resource/article/958744,Juan Carlos López Quintana,1,juan_carlos_lopez_quintana
959602,http://idearq.org/resource/article/959602,Maria Mercè Bergadà Zapata,1,maria_merce_bergada_zapata
959571,http://idearq.org/resource/article/959571,Ana Baldomero Navarro,1,ana_baldomero_navarro
959571,http://idearq.org/resource/article/959571,José Enrique Ferrer Palma,2,jose_enrique_ferrer_palma
959571,http://idearq.org/resource/article/959571,Ignacio Marqués Merelo,3,ignacio_marques_merelo
959571,http://idearq.org/resource/article/959571,Julián Ramos Fernández,4,julian_ramos_fernandez
959571,http://idearq.org/resource/article/959571,Raúl Aguilera López,5,raul_aguilera_lopez
959571,http://idearq.org/resource/article/959571,M.M. Bañares España,6,m_m_banares_espana
959571,http://idearq.org/resource/article/959571,Miguel Cortés Sánchez,7,miguel_cortes_sanchez
959571,http://idearq.org/resource/article/959571,Irene Navarrete Rodríguez,8,irene_navarrete_rodriguez
959971,http://idearq.org/resource/article/959971,Josefa Huertas Arroyo,1,josefa_huertas_arroyo
959971,http://idearq.org/resource/article/959971,Ferran Puig i Verdaguer,2,ferran_puig_i_verdaguer
959971,http://idearq.org/resource/article/959971,Jordi Aguelo i Mas,3,jordi_aguelo_i_mas
959475,http://idearq.org/resource/article/959475,Gustau Aguilella,1,gustau_aguilella
959475,http://idearq.org/resource/article/959475,Josep Lluis Miralles Peñarrocha,2,josep_lluis_miralles_penarrocha
959475,http://idearq.org/resource/article/959475,Neus Arquer Gasch,3,neus_arquer_gasch
897593,http://idearq.org/resource/article/897593,Patricia Mañana Borrazas,1,patricia_manana_borrazas
960341,http://idearq.org/resource/article/960341,Manuel Ángel Rojo Guerra,1,manuel_angel_rojo_guerra
960341,http://idearq.org/resource/article/960341,Rafael Garrido Pena,2,rafael_garrido_pena
960341,http://idearq.org/resource/article/960341,Iñigo García-Martínez de Lagrán,3,inigo_garcia_martinez_de_lagran
960341,http://idearq.org/resource/article/960341,Guillermo Morán Dauchez,4,guillermo_moran_dauchez
960341,http://idearq.org/resource/article/960341,Michael Kunst,5,michael_kunst
311114,http://idearq.org/resource/article/311114,"Criado Boado, Felipe",3,criado_boado_felipe
311114,http://idearq.org/resource/article/311114,"Aboal Fernández, Roberto",1,aboal_fernandez_roberto
311114,http://idearq.org/resource/article/311114,"Prieto Martinez, Ma. Pilar",4,prieto_martinez_ma_pilar
311114,http://idearq.org/resource/article/311114,"Ayán Vila, Xurxo M.",2,ayan_vila_xurxo_m
311114,http://idearq.org/resource/article/311114,"Tabarés Domínguez, Marta",5,tabares_dominguez_marta
959631,http://idearq.org/resource/article/959631,António M Monge Soares,1,antonio_m_monge_soares
959631,http://idearq.org/resource/article/959631,João M Alveirinho Dias,2,joao_m_alveirinho_dias
958864,http://idearq.org/resource/article/958864,Oreto García Puchol,1,oreto_garcia_puchol
958864,http://idearq.org/resource/article/958864,J. Emili Aura Tortosa,2,j_emili_aura_tortosa
958724,http://idearq.org/resource/article/958724,Oreto García Puchol,1,oreto_garcia_puchol
958724,http://idearq.org/resource/article/958724,Lluís Molina Balaguer,2,lluis_molina_balaguer
958724,http://idearq.org/resource/article/958724,J. Emili Aura Tortosa,3,j_emili_aura_tortosa
959482,http://idearq.org/resource/article/959482,Alfonso Alday Ruiz,1,alfonso_alday_ruiz
960520,http://idearq.org/resource/article/960520,Manuel Pérez Ripoll,10,manuel_perez_ripoll
960520,http://idearq.org/resource/article/960520,María José Rodrigo García,11,maria_jose_rodrigo_garcia
960520,http://idearq.org/resource/article/960520,Lluís Molina Balaguer,12,lluis_molina_balaguer
960520,http://idearq.org/resource/article/960520,J. Emili Aura Tortosa,1,j_emili_aura_tortosa
960520,http://idearq.org/resource/article/960520,Yolanda Carrión Marco,2,yolanda_carrion_marco
960520,http://idearq.org/resource/article/960520,Oreto García Puchol,3,oreto_garcia_puchol
960520,http://idearq.org/resource/article/960520,Paula Jardón Giner,4,paula_jardon_giner
960520,http://idearq.org/resource/article/960520,Jesús Francisco Jordá Pardo,5,jesus_francisco_jorda_pardo
960520,http://idearq.org/resource/article/960520,Carlos Verdasco Cebrián,6,carlos_verdasco_cebrian
960520,http://idearq.org/resource/article/960520,Juan Vicente Morales Pérez,7,juan_vicente_morales_perez
960520,http://idearq.org/resource/article/960520,Josep Lluís Pascual Benito,8,josep_lluis_pascual_benito
960520,http://idearq.org/resource/article/960520,Guillem Pérez Jordà,9,guillem_perez_jorda
959483,http://idearq.org/resource/article/959483,Martín Almagro Gorbea,1,martin_almagro_gorbea
959483,http://idearq.org/resource/article/959483,Javier Jiménez Avila,2,javier_jimenez_avila
959483,http://idearq.org/resource/article/959483,Alberto José Lorrio Alvarado,3,alberto_jose_lorrio_alvarado
959483,http://idearq.org/resource/article/959483,Alfredo Mederos Martín,4,alfredo_mederos_martin
959483,http://idearq.org/resource/article/959483,Mariano Torres Ortiz,5,mariano_torres_ortiz
960386,http://idearq.org/resource/article/960386,Jorge A. Soler Díaz,1,jorge_a_soler_diaz
959951,http://idearq.org/resource/article/959951,Yolanda Álvarez González,1,yolanda_alvarez_gonzalez
959951,http://idearq.org/resource/article/959951,Luis Fco. López González,2,luis_fco_lopez_gonzalez
959951,http://idearq.org/resource/article/959951,Miguel Ángel López Marcos,3,miguel_angel_lopez_marcos
960382,http://idearq.org/resource/article/960382,Antonio M. Monge Soares,1,antonio_m_monge_soares
960382,http://idearq.org/resource/article/960382,Joaquina Soares,2,joaquina_soares
960382,http://idearq.org/resource/article/960382,Carlos Tavares da Silva,3,carlos_tavares_da_silva
958781,http://idearq.org/resource/article/958781,Maria de Jesus Sanches,1,maria_de_jesus_sanches
959468,http://idearq.org/resource/article/959468,Gema Elvira Adán Álvarez,1,gema_elvira_adan_alvarez
959468,http://idearq.org/resource/article/959468,Eduardo García Sánchez,2,eduardo_garcia_sanchez
959468,http://idearq.org/resource/article/959468,José Manuel Quesada López,3,jose_manuel_quesada_lopez
959799,http://idearq.org/resource/article/959799,Juan Javier Enríquez Navascués,1,juan_javier_enriquez_navascues
959799,http://idearq.org/resource/article/959799,Bárbara Drake García,2,barbara_drake_garcia
959588,http://idearq.org/resource/article/959588,Rosa María Barroso Bermejo,1,rosa_maria_barroso_bermejo
959588,http://idearq.org/resource/article/959588,Jorge Camino Mayor,2,jorge_camino_mayor
959588,http://idearq.org/resource/article/959588,Primitiva Bueno Ramírez,3,primitiva_bueno_ramirez
959588,http://idearq.org/resource/article/959588,Rodrigo de Balbín Behrmann,4,rodrigo_de_balbin_behrmann
960230,http://idearq.org/resource/article/960230,Manuel Molinos Molinos,1,manuel_molinos_molinos
960230,http://idearq.org/resource/article/960230,Arturo Ruiz Rodríguez,2,arturo_ruiz_rodriguez
959750,http://idearq.org/resource/article/959750,Enrique Cerrillo Cuenca,1,enrique_cerrillo_cuenca
959750,http://idearq.org/resource/article/959750,Antonio González Cordero,2,antonio_gonzalez_cordero
959750,http://idearq.org/resource/article/959750,José Antonio López Sáez,3,jose_antonio_lopez_saez
959750,http://idearq.org/resource/article/959750,Lourdes López Merino,4,lourdes_lopez_merino
958727,http://idearq.org/resource/article/958727,Juan Francisco Gibaja Bao,1,juan_francisco_gibaja_bao
958727,http://idearq.org/resource/article/958727,Enrique Cerrillo Cuenca,2,enrique_cerrillo_cuenca
959685,http://idearq.org/resource/article/959685,Isabel Cáceres,1,isabel_caceres
959685,http://idearq.org/resource/article/959685,Marina Lozano,2,marina_lozano
959685,http://idearq.org/resource/article/959685,Palmira Saladié,3,palmira_saladie
959534,http://idearq.org/resource/article/959534,Luis César Teira Mayolini,10,luis_cesar_teira_mayolini
959534,http://idearq.org/resource/article/959534,Pablo Arias Cabal,1,pablo_arias_cabal
959534,http://idearq.org/resource/article/959534,Juan A. Fernández-Tresguerres Velasco,2,juan_a_fernandez_tresguerres_velasco
959534,http://idearq.org/resource/article/959534,Esteban Álvarez Fernández,3,esteban_alvarez_fernandez
959534,http://idearq.org/resource/article/959534,Angel Armendáriz Gutiérrez,4,angel_armendariz_gutierrez
959534,http://idearq.org/resource/article/959534,Marián Cueto Rapado,5,marian_cueto_rapado
959534,http://idearq.org/resource/article/959534,Miguel Angel Fano Martínez,6,miguel_angel_fano_martinez
959534,http://idearq.org/resource/article/959534,Raquel Fernández García,7,raquel_fernandez_garcia
959534,http://idearq.org/resource/article/959534,María Dolores Garralda Benajes,8,maria_dolores_garralda_benajes
959534,http://idearq.org/resource/article/959534,Carmen Mensua Calzado,9,carmen_mensua_calzado
958601,http://idearq.org/resource/article/958601,Miguel Ángel de Blas Cortina,1,miguel_angel_de_blas_cortina
960500,http://idearq.org/resource/article/960500,Lawrence Guy Straus,1,lawrence_guy_straus
960500,http://idearq.org/resource/article/960500,Manuel R González Morales,2,manuel_r_gonzalez_morales
958745,http://idearq.org/resource/article/958745,Ruth Maicas Ramos,1,ruth_maicas_ramos
958552,http://idearq.org/resource/article/958552,Stašo Forenbaher,1,staso_forenbaher
958709,http://idearq.org/resource/article/958709,RJ Harrison,1,rj_harrison
959801,http://idearq.org/resource/article/959801,Ramón Fábregas Valcarce,1,ramon_fabregas_valcarce
959801,http://idearq.org/resource/article/959801,Mario César Vila,2,mario_cesar_vila
959801,http://idearq.org/resource/article/959801,Andrés Bonilla Rodríguez,3,andres_bonilla_rodriguez
959511,http://idearq.org/resource/article/959511,Diego E. Angelucci,1,diego_e_angelucci
959511,http://idearq.org/resource/article/959511,António Monge Soares,2,antonio_monge_soares
959511,http://idearq.org/resource/article/959511,Luís Almeida,3,luis_almeida
959511,http://idearq.org/resource/article/959511,Rui Brito,4,rui_brito
959511,http://idearq.org/resource/article/959511,Vasco Leitão,5,vasco_leitao
960095,http://idearq.org/resource/article/960095,Manuel Pellicer Catalán,1,manuel_pellicer_catalan
960095,http://idearq.org/resource/article/960095,José Luis Escacena Carrasco,2,jose_luis_escacena_carrasco
959931,http://idearq.org/resource/article/959931,T. F. G. HIGHAM,1,t_f_g_higham
959931,http://idearq.org/resource/article/959931,C. BRONK RAMSEY,2,c_bronk_ramsey
959931,http://idearq.org/resource/article/959931,F. BROCK,3,f_brock
959931,http://idearq.org/resource/article/959931,D. BAKER,4,d_baker
959931,http://idearq.org/resource/article/959931,P. DITCHFIELD,5,p_ditchfield
960378,http://idearq.org/resource/article/960378,António M Monge Soares,1,antonio_m_monge_soares
960378,http://idearq.org/resource/article/960378,João M Alveirinho Dias,2,joao_m_alveirinho_dias
959700,http://idearq.org/resource/article/959700,Alexandre Canha,1,alexandre_canha
959700,http://idearq.org/resource/article/959700,Pedro Valério,2,pedro_valerio
959700,http://idearq.org/resource/article/959700,María de Fátima Araújo,3,maria_de_fatima_araujo
268613,http://idearq.org/resource/article/268613,"Carrión, José S.",3,carrion_jose_s
268613,http://idearq.org/resource/article/268613,"Fernández, Santiago",1,fernandez_santiago
268613,http://idearq.org/resource/article/268613,"Riquelme, José A.",8,riquelme_jose_a
268613,http://idearq.org/resource/article/268613,"González-Sampériz, Penélope",4,gonzalez_samperiz_penelope
268613,http://idearq.org/resource/article/268613,"Montoya, Encarna",5,montoya_encarna
268613,http://idearq.org/resource/article/268613,"Fuentes, Noemí",2,fuentes_noemi
268613,http://idearq.org/resource/article/268613,"Gil, Graciela",6,gil_graciela
268613,http://idearq.org/resource/article/268613,"Vega-Toscano, Gerardo",7,vega_toscano_gerardo
958633,http://idearq.org/resource/article/958633,Rodrigo de Balbín Behrmann,1,rodrigo_de_balbin_behrmann
958633,http://idearq.org/resource/article/958633,José Javier Alcolea González,2,jose_javier_alcolea_gonzalez
958633,http://idearq.org/resource/article/958633,Miguel Angel González Pereda,3,miguel_angel_gonzalez_pereda
958694,http://idearq.org/resource/article/958694,Ángel Esparza Arroyo,1,angel_esparza_arroyo
958694,http://idearq.org/resource/article/958694,Germán Delibes de Castro,2,german_delibes_de_castro
958694,http://idearq.org/resource/article/958694,Javier Velasco Vázquez,3,javier_velasco_vazquez
958694,http://idearq.org/resource/article/958694,Pedro Javier Cruz Sánchez,4,pedro_javier_cruz_sanchez
959836,http://idearq.org/resource/article/959836,Juan Fernández Ruiz,1,juan_fernandez_ruiz
959836,http://idearq.org/resource/article/959836,José Enrique Márquez Romero,2,jose_enrique_marquez_romero
960366,http://idearq.org/resource/article/960366,Filipe Joao C. Santos,1,filipe_joao_c_santos
960366,http://idearq.org/resource/article/960366,Luis Arez,2,luis_arez
960366,http://idearq.org/resource/article/960366,Antonio M. Monge Soares,3,antonio_m_monge_soares
960366,http://idearq.org/resource/article/960366,Manuela de Deus,4,manuela_de_deus
960366,http://idearq.org/resource/article/960366,Paula F. Queiroz,5,paula_f_queiroz
960366,http://idearq.org/resource/article/960366,Pedro Valério,6,pedro_valerio
960366,http://idearq.org/resource/article/960366,Zélia Rodrigues,7,zelia_rodrigues
960366,http://idearq.org/resource/article/960366,Ana Sofía Tamissa Antunes,8,ana_sofia_tamissa_antunes
960366,http://idearq.org/resource/article/960366,Maria Fátima Araújo,9,maria_fatima_araujo
959917,http://idearq.org/resource/article/959917,Alonso Gutiérrez Morillo,1,alonso_gutierrez_morillo
635002,http://idearq.org/resource/document/635002,"Marín Suárez, Carlos",1,marin_suarez_carlos
635002,http://idearq.org/resource/document/635002,"Jordá Pardo, Jesús F.",2,jorda_pardo_jesus_f
635002,http://idearq.org/resource/document/635002,"Garcia-Guinea, Javier",3,garcia_guinea_javier
960271,http://idearq.org/resource/article/960271,Francesc Xavier Oms,1,francesc_xavier_oms
634155,http://idearq.org/resource/document/634155,"López Merino, L.",1,lopez_merino_l
634155,http://idearq.org/resource/document/634155,"López Sáez, J.A.",2,lopez_saez_j_a
634155,http://idearq.org/resource/document/634155,"Abel Schaad, D.",3,abel_schaad_d
634155,http://idearq.org/resource/document/634155,"Sánchez Palencia, F.J.",4,sanchez_palencia_f_j
634155,http://idearq.org/resource/document/634155,"Reher Díez, G.S.",5,reher_diez_g_s
958790,http://idearq.org/resource/article/958790,Joaquina Soares,1,joaquina_soares
959840,http://idearq.org/resource/article/959840,Marta Fontanals i Torroja,1,marta_fontanals_i_torroja
959840,http://idearq.org/resource/article/959840,Itxaso Euba Rementeria,2,itxaso_euba_rementeria
959840,http://idearq.org/resource/article/959840,Francesc Xavier Oms,3,francesc_xavier_oms
959840,http://idearq.org/resource/article/959840,Juan Ignacio Morales Hidalgo,4,juan_ignacio_morales_hidalgo
960231,http://idearq.org/resource/article/960231,Miquel Molist,1,miquel_molist
960231,http://idearq.org/resource/article/960231,Oriol Vicente Campos,2,oriol_vicente_campos
960231,http://idearq.org/resource/article/960231,Robert Farré,3,robert_farre
959804,http://idearq.org/resource/article/959804,Raquel Ruiz Pastor,10,raquel_ruiz_pastor
959804,http://idearq.org/resource/article/959804,José Ramón Ortega Pérez,11,jose_ramon_ortega_perez
959804,http://idearq.org/resource/article/959804,Marco Aurelio Esquembre Bebia,1,marco_aurelio_esquembre_bebia
959804,http://idearq.org/resource/article/959804,Juan de Dios Boronat Soler,2,juan_de_dios_boronat_soler
959804,http://idearq.org/resource/article/959804,Francisco Javier Jover Maestre,3,francisco_javier_jover_maestre
959804,http://idearq.org/resource/article/959804,Francisco Javier Molina Hernández,4,francisco_javier_molina_hernandez
959804,http://idearq.org/resource/article/959804,Alicia Luján Navas,5,alicia_lujan_navas
959804,http://idearq.org/resource/article/959804,Javier Fernández López de Pablo,6,javier_fernandez_lopez_de_pablo
959804,http://idearq.org/resource/article/959804,Rafael Martínez Valle,7,rafael_martinez_valle
959804,http://idearq.org/resource/article/959804,María Pilar Iborra Eres,8,maria_pilar_iborra_eres
959804,http://idearq.org/resource/article/959804,Carlos Ferrer García,9,carlos_ferrer_garcia
960254,http://idearq.org/resource/article/960254,Francisco Nocete Calvo,1,francisco_nocete_calvo
959955,http://idearq.org/resource/article/959955,Jesús Jiménez Guijarro,1,jesus_jimenez_guijarro
959955,http://idearq.org/resource/article/959955,Juan Manuel Rojas Rodríguez-Malo,2,juan_manuel_rojas_rodriguez_malo
959955,http://idearq.org/resource/article/959955,Gema Garrido Resino,3,gema_garrido_resino
959955,http://idearq.org/resource/article/959955,Jaime Perera Rodríguez,4,jaime_perera_rodriguez
958792,http://idearq.org/resource/article/958792,María del Pilar Utrilla Miranda,1,maria_del_pilar_utrilla_miranda
958792,http://idearq.org/resource/article/958792,José Ignacio Lorenzo Lizalde,2,jose_ignacio_lorenzo_lizalde
958792,http://idearq.org/resource/article/958792,Vicente Baldellou Martínez,3,vicente_baldellou_martinez
958792,http://idearq.org/resource/article/958792,María Cruz Sopena Vicién,4,maria_cruz_sopena_vicien
958792,http://idearq.org/resource/article/958792,Pedro Ayuso,5,pedro_ayuso
632959,http://idearq.org/resource/document/632959,"Díaz-del-Río, P.",1,diaz_del_rio_p
632959,http://idearq.org/resource/document/632959,"Consuegra, S.",2,consuegra_s
632959,http://idearq.org/resource/document/632959,"Capote, M.",3,capote_m
632959,http://idearq.org/resource/document/632959,"Castañeda, N.",4,castaneda_n
632959,http://idearq.org/resource/document/632959,"Criado, C.",5,criado_c
632959,http://idearq.org/resource/document/632959,"Terradas, X.",6,terradas_x
958584,http://idearq.org/resource/article/958584,Thierry Aubry,1,thierry_aubry
958584,http://idearq.org/resource/article/958584,Jorge Davide Sampaio,2,jorge_davide_sampaio
958543,http://idearq.org/resource/article/958543,Alfonso Alday Ruiz,1,alfonso_alday_ruiz
958543,http://idearq.org/resource/article/958543,Jesús García Gazólaz,2,jesus_garcia_gazolaz
958543,http://idearq.org/resource/article/958543,Jesús Sesma Sesma,3,jesus_sesma_sesma
959467,http://idearq.org/resource/article/959467,Jesús Ruiz Cobo,1,jesus_ruiz_cobo
959467,http://idearq.org/resource/article/959467,Peter Smith,2,peter_smith
960524,http://idearq.org/resource/article/960524,Jesús Tapia Sagarna,1,jesus_tapia_sagarna
960524,http://idearq.org/resource/article/960524,Esteban Alvarez Fernandez,2,esteban_alvarez_fernandez
960524,http://idearq.org/resource/article/960524,Miriam Cubas Morera,3,miriam_cubas_morera
960524,http://idearq.org/resource/article/960524,Marian Cueto Rapado,4,marian_cueto_rapado
960524,http://idearq.org/resource/article/960524,Francisco Etxeberria Gabilondo,5,francisco_etxeberria_gabilondo
960524,http://idearq.org/resource/article/960524,Igor Gutierrez Zugasti,6,igor_gutierrez_zugasti
960524,http://idearq.org/resource/article/960524,Lourdes Herrasti Erlogorri,7,lourdes_herrasti_erlogorri
960524,http://idearq.org/resource/article/960524,Mónica Ruiz Alonso,8,monica_ruiz_alonso
960322,http://idearq.org/resource/article/960322,Cristina Zabala Jiménez,10,cristina_zabala_jimenez
960322,http://idearq.org/resource/article/960322,José Ramos Muñoz,1,jose_ramos_munoz
960322,http://idearq.org/resource/article/960322,Manuela Pérez Rodríguez,2,manuela_perez_rodriguez
960322,http://idearq.org/resource/article/960322,Ignacio Clemente Conte,3,ignacio_clemente_conte
960322,http://idearq.org/resource/article/960322,Virginia García Díaz,4,virginia_garcia_diaz
960322,http://idearq.org/resource/article/960322,María Blanca Ruiz Zapata,5,maria_blanca_ruiz_zapata
960322,http://idearq.org/resource/article/960322,María José Gil García,6,maria_jose_gil_garcia
960322,http://idearq.org/resource/article/960322,Eduardo Vijande Vila,7,eduardo_vijande_vila
960322,http://idearq.org/resource/article/960322,Milagrosa Casimiro-Soriguer,8,milagrosa_casimiro_soriguer
960322,http://idearq.org/resource/article/960322,José Antonio Hernando,9,jose_antonio_hernando
958517,http://idearq.org/resource/article/958517,Xabier Murelaga,1,xabier_murelaga
958517,http://idearq.org/resource/article/958517,José Antonio Mujika Alustiza,2,jose_antonio_mujika_alustiza
958517,http://idearq.org/resource/article/958517,Salvador Bailon,3,salvador_bailon
958517,http://idearq.org/resource/article/958517,Pedro Castaños,4,pedro_castanos
958517,http://idearq.org/resource/article/958517,Xabier Sáez de Lafuente,5,xabier_saez_de_lafuente
958848,http://idearq.org/resource/article/958848,José Aparicio Pérez,1,jose_aparicio_perez
958776,http://idearq.org/resource/article/958776,Manuel Ángel Rojo Guerra,1,manuel_angel_rojo_guerra
958776,http://idearq.org/resource/article/958776,Rafael Garrido Pena,2,rafael_garrido_pena
958776,http://idearq.org/resource/article/958776,Iñigo García-Martínez de Lagrán,3,inigo_garcia_martinez_de_lagran
958795,http://idearq.org/resource/article/958795,Julio Manuel Vidal Encinas,1,julio_manuel_vidal_encinas
958795,http://idearq.org/resource/article/958795,Carlos Fernández Rodríguez,2,carlos_fernandez_rodriguez
958795,http://idearq.org/resource/article/958795,María Encina Prada Marcos,3,maria_encina_prada_marcos
958795,http://idearq.org/resource/article/958795,María Natividad Fuertes Prieto,4,maria_natividad_fuertes_prieto
959738,http://idearq.org/resource/article/959738,Arturo Morales Muñiz,10,arturo_morales_muniz
959738,http://idearq.org/resource/article/959738,Eufrasia Roselló Izquierdo,11,eufrasia_rosello_izquierdo
959738,http://idearq.org/resource/article/959738,António Carvalho,1,antonio_carvalho
959738,http://idearq.org/resource/article/959738,Rebecca M. Dean,2,rebecca_m_dean
959738,http://idearq.org/resource/article/959738,Nuno Bicho,3,nuno_bicho
959738,http://idearq.org/resource/article/959738,Isabel Figueiral,4,isabel_figueiral
959738,http://idearq.org/resource/article/959738,Fiona Petchey,5,fiona_petchey
959738,http://idearq.org/resource/article/959738,Simon J. M. Davis,6,simon_j_m_davis
959738,http://idearq.org/resource/article/959738,Mary Jackes,7,mary_jackes
959738,http://idearq.org/resource/article/959738,David Lubell,8,david_lubell
959738,http://idearq.org/resource/article/959738,Roelf Beukens,9,roelf_beukens
960166,http://idearq.org/resource/article/960166,Alberto José Lorrio Alvarado,1,alberto_jose_lorrio_alvarado
960166,http://idearq.org/resource/article/960166,María Paz De Miguel-Ibáñez,2,maria_paz_de_miguel_ibanez
960166,http://idearq.org/resource/article/960166,Ignacio Montero Ruiz,3,ignacio_montero_ruiz
960166,http://idearq.org/resource/article/960166,María Dolores Sánchez De Prado,4,maria_dolores_sanchez_de_prado
960166,http://idearq.org/resource/article/960166,Mariano Torres Ortiz,5,mariano_torres_ortiz
958768,http://idearq.org/resource/article/958768,Jesús Vicente Picazo Millán,1,jesus_vicente_picazo_millan
958768,http://idearq.org/resource/article/958768,José María Rodanés Vicente,2,jose_maria_rodanes_vicente
960262,http://idearq.org/resource/article/960262,Luiz Oosterbeek,1,luiz_oosterbeek
959887,http://idearq.org/resource/article/959887,Anna Gómez i Bach,1,anna_gomez_i_bach
959887,http://idearq.org/resource/article/959887,Carles Tornero,2,carles_tornero
959887,http://idearq.org/resource/article/959887,Ferran Borrell Tena,3,ferran_borrell_tena
959887,http://idearq.org/resource/article/959887,Bibiana Agustí i Farjas,4,bibiana_agusti_i_farjas
959887,http://idearq.org/resource/article/959887,María Saña Seguí,5,maria_sana_segui
959887,http://idearq.org/resource/article/959887,Miquel Molist,6,miquel_molist
959499,http://idearq.org/resource/article/959499,Carmen Alonso Fernández,1,carmen_alonso_fernandez
959499,http://idearq.org/resource/article/959499,Javier Jiménez Echevarría,2,javier_jimenez_echevarria
644432,http://idearq.org/resource/document/644432,Pablo Arias,1,pablo_arias
644432,http://idearq.org/resource/document/644432,Enrique Cerrillo,2,enrique_cerrillo
644432,http://idearq.org/resource/document/644432,Esteban Álvarez,3,esteban_alvarez
644432,http://idearq.org/resource/document/644432,Eloy Gómez Pellón,4,eloy_gomez_pellon
644432,http://idearq.org/resource/document/644432,Antonio González,5,antonio_gonzalez
959660,http://idearq.org/resource/article/959660,Rui Boaventura,1,rui_boaventura
960200,http://idearq.org/resource/article/960200,Jorge Martínez-Moreno,1,jorge_martinez_moreno
960200,http://idearq.org/resource/article/960200,Rafael Mora Torcal,2,rafael_mora_torcal
959596,http://idearq.org/resource/article/959596,José María Bello Diéguez,1,jose_maria_bello_dieguez
959827,http://idearq.org/resource/article/959827,Javier Fernández López de Pablo,1,javier_fernandez_lopez_de_pablo
959827,http://idearq.org/resource/article/959827,Magdalena Gómez Puche,2,magdalena_gomez_puche
960510,http://idearq.org/resource/article/960510,Juan Francisco Ruiz López,1,juan_francisco_ruiz_lopez
960510,http://idearq.org/resource/article/960510,Marvin W. Rowe,2,marvin_w_rowe
960510,http://idearq.org/resource/article/960510,Antonio Hernanz Gismero,3,antonio_hernanz_gismero
960510,http://idearq.org/resource/article/960510,José María Gavira Vallejo,4,jose_maria_gavira_vallejo
960510,http://idearq.org/resource/article/960510,Ramon Viñas i Vallverdú,5,ramon_vinas_i_vallverdu
960510,http://idearq.org/resource/article/960510,Albert Rubio i Mora,6,albert_rubio_i_mora
958627,http://idearq.org/resource/article/958627,Jorge Camino Mayor,1,jorge_camino_mayor
958627,http://idearq.org/resource/article/958627,Rogelio Estrada García,2,rogelio_estrada_garcia
958627,http://idearq.org/resource/article/958627,Yolanda Viniegra Pacheco,3,yolanda_viniegra_pacheco
958650,http://idearq.org/resource/article/958650,Rosa María Cid López,1,rosa_maria_cid_lopez
958650,http://idearq.org/resource/article/958650,Mónica González Santana,2,monica_gonzalez_santana
958650,http://idearq.org/resource/article/958650,Gema Elvira Adán Álvarez,3,gema_elvira_adan_alvarez
958741,http://idearq.org/resource/article/958741,Joaquín Lomba Maurandi,1,joaquin_lomba_maurandi
958741,http://idearq.org/resource/article/958741,Mariano López Martínez,2,mariano_lopez_martinez
958741,http://idearq.org/resource/article/958741,Francisco Ramos Martínez,3,francisco_ramos_martinez
958741,http://idearq.org/resource/article/958741,Azucena Avilés Fernández,4,azucena_aviles_fernandez
960407,http://idearq.org/resource/article/960407,María del Pilar Utrilla Miranda,1,maria_del_pilar_utrilla_miranda
960407,http://idearq.org/resource/article/960407,Lourdes Montes Ramírez,2,lourdes_montes_ramirez
960407,http://idearq.org/resource/article/960407,Carlos Mazo Pérez,3,carlos_mazo_perez
960407,http://idearq.org/resource/article/960407,Manuel Martínez Bea,4,manuel_martinez_bea
960407,http://idearq.org/resource/article/960407,Rafael Domingo Martínez,5,rafael_domingo_martinez
958562,http://idearq.org/resource/article/958562,Alberto José Lorrio Alvarado,1,alberto_jose_lorrio_alvarado
958562,http://idearq.org/resource/article/958562,Martín Almagro Gorbea,2,martin_almagro_gorbea
958562,http://idearq.org/resource/article/958562,María Dolores Sánchez De Prado,3,maria_dolores_sanchez_de_prado
960421,http://idearq.org/resource/article/960421,Jorge Vega Miguel,1,jorge_vega_miguel
960421,http://idearq.org/resource/article/960421,Concepción Blasco,2,concepcion_blasco
960421,http://idearq.org/resource/article/960421,Roberto Menduiña,3,roberto_menduina
960421,http://idearq.org/resource/article/960421,Patricia Ríos Mendoza,4,patricia_rios_mendoza
960421,http://idearq.org/resource/article/960421,Aldo Petri,5,aldo_petri
960421,http://idearq.org/resource/article/960421,Teresa Herrera,6,teresa_herrera
960197,http://idearq.org/resource/article/960197,Rui Mataloto,1,rui_mataloto
960197,http://idearq.org/resource/article/960197,Rui Boaventura,2,rui_boaventura
959934,http://idearq.org/resource/article/959934,Mauro S. Hernández Pérez,1,mauro_s_hernandez_perez
958667,http://idearq.org/resource/article/958667,Rosa María Domínguez Alonso,1,rosa_maria_dominguez_alonso
958667,http://idearq.org/resource/article/958667,Lidia Virseda Sanz,2,lidia_virseda_sanz
959634,http://idearq.org/resource/article/959634,David Uribelarrea del Val,1,david_uribelarrea_del_val
959634,http://idearq.org/resource/article/959634,Oscar López Jiménez,2,oscar_lopez_jimenez
959634,http://idearq.org/resource/article/959634,María Victoria Martínez Calvo,3,maria_victoria_martinez_calvo
959491,http://idearq.org/resource/article/959491,Ethel Allué,1,ethel_allue
959491,http://idearq.org/resource/article/959491,Jean-Louis Vernet,2,jean_louis_vernet
959491,http://idearq.org/resource/article/959491,Artur Cebrià,3,artur_cebria
960289,http://idearq.org/resource/article/960289,M.ª Victoria Pastor Sánchez,1,m_a_victoria_pastor_sanchez
960289,http://idearq.org/resource/article/960289,Diana Vicente Checa,2,diana_vicente_checa
959603,http://idearq.org/resource/article/959603,Joan Bernabeu,1,joan_bernabeu
959603,http://idearq.org/resource/article/959603,María Pilar Fumanal García,2,maria_pilar_fumanal_garcia
960142,http://idearq.org/resource/article/960142,Rafael Lizcano Prestel,1,rafael_lizcano_prestel
960142,http://idearq.org/resource/article/960142,Francisco Nocete Calvo,2,francisco_nocete_calvo
960142,http://idearq.org/resource/article/960142,Ana Peramo de la Corte,3,ana_peramo_de_la_corte
959656,http://idearq.org/resource/article/959656,M.ª Fernanda Blasco,1,m_a_fernanda_blasco
959656,http://idearq.org/resource/article/959656,José María Rodanés,2,jose_maria_rodanes
960304,http://idearq.org/resource/article/960304,Jesús Vicente Picazo Millán,1,jesus_vicente_picazo_millan
960304,http://idearq.org/resource/article/960304,José María Rodanés Vicente,2,jose_maria_rodanes_vicente
959577,http://idearq.org/resource/article/959577,Nuno Ferreira Bicho,1,nuno_ferreira_bicho
959859,http://idearq.org/resource/article/959859,Sergio García Catalán,1,sergio_garcia_catalan
959859,http://idearq.org/resource/article/959859,Manuel Vaquero Rodríguez,2,manuel_vaquero_rodriguez
959859,http://idearq.org/resource/article/959859,Idoia Pérez Goñi,3,idoia_perez_goni
959859,http://idearq.org/resource/article/959859,Beatriz Menéndez Iglesias,4,beatriz_menendez_iglesias
959859,http://idearq.org/resource/article/959859,Luna Peña García,5,luna_pena_garcia
959859,http://idearq.org/resource/article/959859,Ruth Blasco López,6,ruth_blasco_lopez
959859,http://idearq.org/resource/article/959859,Eva Mancha Flores,7,eva_mancha_flores
959859,http://idearq.org/resource/article/959859,Davinia Moreno García,8,davinia_moreno_garcia
959859,http://idearq.org/resource/article/959859,Laura Muñoz Encinar,9,laura_munoz_encinar
46593,http://idearq.org/resource/article/46593,"Sebastián, M.",7,sebastian_m
46593,http://idearq.org/resource/article/46593,"González-Sampériz, P.",1,gonzalez_samperiz_p
46593,http://idearq.org/resource/article/46593,"Moreno, A.",8,moreno_a
46593,http://idearq.org/resource/article/46593,"Sopena, MC.",5,sopena_mc
46593,http://idearq.org/resource/article/46593,"Valero-Garcés, B.",4,valero_garces_b
46593,http://idearq.org/resource/article/46593,"Morellón, M.",6,morellon_m
46593,http://idearq.org/resource/article/46593,"Utrilla, P.",2,utrilla_p
46593,http://idearq.org/resource/article/46593,"Mazo, C.",3,mazo_c
46593,http://idearq.org/resource/article/46593,"Martínez-Bea, M.",9,martinez_bea_m
959911,http://idearq.org/resource/article/959911,Elisa Guerra Doce,1,elisa_guerra_doce
959911,http://idearq.org/resource/article/959911,Germán Delibes de Castro,2,german_delibes_de_castro
959911,http://idearq.org/resource/article/959911,María Pilar Zapatero Magdaleno,3,maria_pilar_zapatero_magdaleno
959911,http://idearq.org/resource/article/959911,Rodrigo Villalobos García,4,rodrigo_villalobos_garcia
958402,http://idearq.org/resource/article/958402,C. BRONK RAMSEY,1,c_bronk_ramsey
958402,http://idearq.org/resource/article/958402,T. F. G. HIGHAM,2,t_f_g_higham
958402,http://idearq.org/resource/article/958402,F. BROCK,3,f_brock
958402,http://idearq.org/resource/article/958402,D. BAKER,4,d_baker
958402,http://idearq.org/resource/article/958402,P. DITCHFIELD,5,p_ditchfield
960281,http://idearq.org/resource/article/960281,Torres Pérez-Hidalgo,1,torres_perez_hidalgo
960281,http://idearq.org/resource/article/960281,Trinidad José,2,trinidad_jose
646325,http://idearq.org/resource/document/646325,P. Díaz-del-Río,1,p_diaz_del_rio
646325,http://idearq.org/resource/document/646325,"Consuegra, S.",2,consuegra_s
959513,http://idearq.org/resource/article/959513,Jesús Altuna,1,jesus_altuna
959513,http://idearq.org/resource/article/959513,Koro Mariezkurrena,2,koro_mariezkurrena
958541,http://idearq.org/resource/article/958541,Gustau Aguilella Arzo,1,gustau_aguilella_arzo
958541,http://idearq.org/resource/article/958541,Bibiana Agustí i Farjas,2,bibiana_agusti_i_farjas
958541,http://idearq.org/resource/article/958541,Rosana Gómez,3,rosana_gomez
958541,http://idearq.org/resource/article/958541,Neus Arquer Gasch,4,neus_arquer_gasch
958541,http://idearq.org/resource/article/958541,José Luján,5,jose_lujan
960192,http://idearq.org/resource/article/960192,Rafael María Martínez Sánchez,1,rafael_maria_martinez_sanchez
960192,http://idearq.org/resource/article/960192,Ricardo García Benavente,2,ricardo_garcia_benavente
959657,http://idearq.org/resource/article/959657,Oscar Blázquez,1,oscar_blazquez
959657,http://idearq.org/resource/article/959657,David González Montalvo,2,david_gonzalez_montalvo
959657,http://idearq.org/resource/article/959657,Beatriz Jiménez Bermejo,3,beatriz_jimenez_bermejo
960210,http://idearq.org/resource/article/960210,Sarah B McClure,1,sarah_b_mcclure
960210,http://idearq.org/resource/article/960210,Oreto García Puchol,2,oreto_garcia_puchol
960210,http://idearq.org/resource/article/960210,Brendan J Culleton,3,brendan_j_culleton
539684,http://idearq.org/resource/document/539684,Roberto Aboal Fernández,1,roberto_aboal_fernandez
539684,http://idearq.org/resource/document/539684,Xurxo Ayán Vila,2,xurxo_ayan_vila
539684,http://idearq.org/resource/document/539684,M. Pilar Prieto Martínez,3,m_pilar_prieto_martinez
539456,http://idearq.org/resource/document/539456,Roberto Aboal Fernández,1,roberto_aboal_fernandez
539456,http://idearq.org/resource/document/539456,Sofia Baqueiro Vidal,2,sofia_baqueiro_vidal
539456,http://idearq.org/resource/document/539456,"Virginia Castro Hierro, M. Pilar Prieto Martínez",3,virginia_castro_hierro_m_pilar_prieto_martinez
539456,http://idearq.org/resource/document/539456,Marta Tabarés Domínguez,4,marta_tabares_dominguez
960364,http://idearq.org/resource/article/960364,José L. Sánchez Meseguer,1,jose_l_sanchez_meseguer
960364,http://idearq.org/resource/article/960364,Catalina Galán Saulnier,2,catalina_galan_saulnier
539669,http://idearq.org/resource/document/539669,Rebeca Blanco Rotea,1,rebeca_blanco_rotea
539669,http://idearq.org/resource/document/539669,M. Pilar Prieto Martínez,2,m_pilar_prieto_martinez
207722,http://idearq.org/resource/bookseries/207722,"García Puchol, Oreto",1,garcia_puchol_oreto
207722,http://idearq.org/resource/bookseries/207722,"Cotino Villa, Fernando",2,cotino_villa_fernando
207722,http://idearq.org/resource/bookseries/207722,"Pascual Benito, Josep Lluís",4,pascual_benito_josep_lluis
207722,http://idearq.org/resource/bookseries/207722,"Miret Estruch, Carles",3,miret_estruch_carles
207722,http://idearq.org/resource/bookseries/207722,"Alapont Martín, Llorenç",7,alapont_martin_llorenc
207722,http://idearq.org/resource/bookseries/207722,"Molina Balaguer, Lluís",6,molina_balaguer_lluis
207722,http://idearq.org/resource/bookseries/207722,"Carrión Marco, Yolanda",8,carrion_marco_yolanda
207722,http://idearq.org/resource/bookseries/207722,"Culleton, Brendan",11,culleton_brendan
207722,http://idearq.org/resource/bookseries/207722,"Morales, Juan Vicente",9,morales_juan_vicente
207722,http://idearq.org/resource/bookseries/207722,"Blasco Senabre, Josep",10,blasco_senabre_josep
207722,http://idearq.org/resource/bookseries/207722,"McClure, Sarah B.",5,mcclure_sarah_b
959954,http://idearq.org/resource/article/959954,Jesús Jiménez Guijarro,1,jesus_jimenez_guijarro
958839,http://idearq.org/resource/book/958839,Ana M. S. Bettencourt,1,ana_m_s_bettencourt
524879,http://idearq.org/resource/document/524879,António Faustino Carvalho,1,antonio_faustino_carvalho
524879,http://idearq.org/resource/document/524879,Leonor Peña-Chocarro,2,leonor_pena_chocarro
524879,http://idearq.org/resource/document/524879,Juan Francisco Gibaja,3,juan_francisco_gibaja
539655,http://idearq.org/resource/document/539655,Rebeca Blanco,1,rebeca_blanco
539655,http://idearq.org/resource/document/539655,M. Pilar Prieto,2,m_pilar_prieto
539655,http://idearq.org/resource/document/539655,Paula Ballesteros,3,paula_ballesteros
539655,http://idearq.org/resource/document/539655,Luis F. López González,4,luis_f_lopez_gonzalez
959645,http://idearq.org/resource/article/959645,Miguel Ángel de Blas Cortina,1,miguel_angel_de_blas_cortina
959953,http://idearq.org/resource/article/959953,Javier Jiménez Avila,1,javier_jimenez_avila
958595,http://idearq.org/resource/article/958595,María Amor Beguiristain Gúrpide,1,maria_amor_beguiristain_gurpide
958595,http://idearq.org/resource/article/958595,Jesús Sesma Sesma,2,jesus_sesma_sesma
958595,http://idearq.org/resource/article/958595,Jesús García Gazólaz,3,jesus_garcia_gazolaz
959869,http://idearq.org/resource/article/959869,María Soledad García Martínez,1,maria_soledad_garcia_martinez
959869,http://idearq.org/resource/article/959869,María Milagrosa Ros Sala,2,maria_milagrosa_ros_sala
960244,http://idearq.org/resource/article/960244,José Antonio Mujika Alustiza,1,jose_antonio_mujika_alustiza
960244,http://idearq.org/resource/article/960244,Salvador Rovira Lloréns,2,salvador_rovira_llorens
960244,http://idearq.org/resource/article/960244,Sonia San José Santamarta,3,sonia_san_jose_santamarta
305953,http://idearq.org/resource/article/305953,"Porfirio, Eduardo",4,porfirio_eduardo
305953,http://idearq.org/resource/article/305953,"Serra, Miguel",5,serra_miguel
305953,http://idearq.org/resource/article/305953,"Alves, Catarina",1,alves_catarina
305953,http://idearq.org/resource/article/305953,"Costeira, Catarina",2,costeira_catarina
305953,http://idearq.org/resource/article/305953,"Moreno-García, Marta",7,moreno_garcia_marta
305953,http://idearq.org/resource/article/305953,"Soares, António Manuel Monge",6,soares_antonio_manuel_monge
305953,http://idearq.org/resource/article/305953,"Estrela, Susana",3,estrela_susana
959821,http://idearq.org/resource/article/959821,J. Fernandez Eraso,1,j_fernandez_eraso
959821,http://idearq.org/resource/article/959821,J. A. Mujika Alustiza,2,j_a_mujika_alustiza
959821,http://idearq.org/resource/article/959821,X. Penalver Iribarren,3,x_penalver_iribarren
960425,http://idearq.org/resource/article/960425,Wajari Velasquez-Fernandez,1,wajari_velasquez_fernandez
960237,http://idearq.org/resource/article/960237,Juan Ignacio Morales Hidalgo,1,juan_ignacio_morales_hidalgo
960237,http://idearq.org/resource/article/960237,Marta Fontanals Torroja,2,marta_fontanals_torroja
960237,http://idearq.org/resource/article/960237,F. Xavier Oms Arias,3,f_xavier_oms_arias
960237,http://idearq.org/resource/article/960237,Josep Ma Vergès Bosch,4,josep_ma_verges_bosch
539698,http://idearq.org/resource/document/539698,Patricia Mañana Borrazás,1,patricia_manana_borrazas
539698,http://idearq.org/resource/document/539698,M. Pilar Prieto Martínez,2,m_pilar_prieto_martinez
958705,http://idearq.org/resource/article/958705,Javier Fernández Eraso,1,javier_fernandez_eraso
958705,http://idearq.org/resource/article/958705,Maite García Rojas,2,maite_garcia_rojas
959607,http://idearq.org/resource/article/959607,Ana M. S. Bettencourt,1,ana_m_s_bettencourt
960108,http://idearq.org/resource/article/960108,E. Redondo Gómez,1,e_redondo_gomez
960108,http://idearq.org/resource/article/960108,María Martín Becerril,2,maria_martin_becerril
960103,http://idearq.org/resource/article/960103,Jaime Perera Rodríguez,1,jaime_perera_rodriguez
960103,http://idearq.org/resource/article/960103,Gema Garrido Resino,2,gema_garrido_resino
960103,http://idearq.org/resource/article/960103,Javier Pérez López-Triviño,3,javier_perez_lopez_trivino
960103,http://idearq.org/resource/article/960103,Juan Manuel Rojas Rodríguez-Malo,4,juan_manuel_rojas_rodriguez_malo
959767,http://idearq.org/resource/article/959767,Germán Delibes de Castro,1,german_delibes_de_castro
959648,http://idearq.org/resource/article/959648,Miguel Ángel de Blas Cortina,1,miguel_angel_de_blas_cortina
959648,http://idearq.org/resource/article/959648,Manuel José Suárez Fernández,2,manuel_jose_suarez_fernandez
64680,http://idearq.org/resource/article/64680,"Coll, Joan Manel",2,coll_joan_manel
64680,http://idearq.org/resource/article/64680,"Gibaja, Juan Francisco",3,gibaja_juan_francisco
64680,http://idearq.org/resource/article/64680,"Ruiz, Jordi",6,ruiz_jordi
64680,http://idearq.org/resource/article/64680,"Subirà, Maria Eulàlia",8,subira_maria_eulalia
64680,http://idearq.org/resource/article/64680,"Terradas, Xavier",7,terradas_xavier
64680,http://idearq.org/resource/article/64680,"Villar, Vàngelis",5,villar_vangelis
64680,http://idearq.org/resource/article/64680,"Roig, Jordi",1,roig_jordi
64680,http://idearq.org/resource/article/64680,"Chambon, Philippe",4,chambon_philippe
959853,http://idearq.org/resource/article/959853,Gabriel García Atiénzar,1,gabriel_garcia_atienzar
85445,http://idearq.org/resource/article/85445,"Martínez, Dionisio Urbina",1,martinez_dionisio_urbina
85445,http://idearq.org/resource/article/85445,"Vuelta, Óscar García",2,vuelta_oscar_garcia
958629,http://idearq.org/resource/book/958629,João Luís Cardoso,1,joao_luis_cardoso
958513,http://idearq.org/resource/article/958513,Cleia Detry,1,cleia_detry
958513,http://idearq.org/resource/article/958513,João Luís Cardoso,2,joao_luis_cardoso
959882,http://idearq.org/resource/article/959882,Juan Francisco Gibaja,1,juan_francisco_gibaja
959882,http://idearq.org/resource/article/959882,Tona Majó,2,tona_majo
959882,http://idearq.org/resource/article/959882,Philippe Chambon,3,philippe_chambon
959882,http://idearq.org/resource/article/959882,Jordi Ruíz,4,jordi_ruiz
959882,http://idearq.org/resource/article/959882,Mª. Eulàlia Subirà,5,ma_eulalia_subira
959760,http://idearq.org/resource/article/959760,Manuel Eleazar Costa Caramé,1,manuel_eleazar_costa_carame
959760,http://idearq.org/resource/article/959760,Marta Díaz-Zorita Bonilla,2,marta_diaz_zorita_bonilla
959760,http://idearq.org/resource/article/959760,Leonardo García Sanjuán,3,leonardo_garcia_sanjuan
959760,http://idearq.org/resource/article/959760,David W. Wheatley,4,david_w_wheatley
958515,http://idearq.org/resource/article/958515,Nuno Bicho,1,nuno_bicho
958515,http://idearq.org/resource/article/958515,Cláudia Umbelino,2,claudia_umbelino
958515,http://idearq.org/resource/article/958515,Cleia Detry,3,cleia_detry
958515,http://idearq.org/resource/article/958515,Telmo Pereira,4,telmo_pereira
958371,http://idearq.org/resource/article/958371,Laura Llorente Rodríguez,1,laura_llorente_rodriguez
960139,http://idearq.org/resource/article/960139,Katina T. Lillios,1,katina_t_lillios
960139,http://idearq.org/resource/article/960139,Anna J. Waterman,2,anna_j_waterman
960139,http://idearq.org/resource/article/960139,Joe Alan Artz,3,joe_alan_artz
960139,http://idearq.org/resource/article/960139,Richard L. Josephs,4,richard_l_josephs
958630,http://idearq.org/resource/article/958630,Lawrence Guy Straus,1,lawrence_guy_straus
958630,http://idearq.org/resource/article/958630,Manuel R González Morales,2,manuel_r_gonzalez_morales
958604,http://idearq.org/resource/article/958604,Antonio Blanco González,1,antonio_blanco_gonzalez
958604,http://idearq.org/resource/article/958604,José Francisco Fabián García,2,jose_francisco_fabian_garcia
959787,http://idearq.org/resource/article/959787,Rafael Domingo,1,rafael_domingo
959787,http://idearq.org/resource/article/959787,Manuel Bea,2,manuel_bea
959787,http://idearq.org/resource/article/959787,Pilar Utrilla,3,pilar_utrilla
19120,http://idearq.org/resource/article/19120,"Hurtado-Pérez, V.",3,hurtado_perez_v
19120,http://idearq.org/resource/article/19120,"Linares-Catela, J.A.",2,linares_catela_j_a
19120,http://idearq.org/resource/article/19120,"Odriozola, Carlos P.",1,odriozola_carlos_p
958542,http://idearq.org/resource/article/958542,María del Carmen Alameda Cuenca-Romero,1,maria_del_carmen_alameda_cuenca_romero
958542,http://idearq.org/resource/article/958542,Eduardo Carmona Ballestero,2,eduardo_carmona_ballestero
958542,http://idearq.org/resource/article/958542,Silvia Pascual Blanco,3,silvia_pascual_blanco
958542,http://idearq.org/resource/article/958542,Gerardo Martínez Díez,4,gerardo_martinez_diez
958542,http://idearq.org/resource/article/958542,Cristina Díez Pastor,5,cristina_diez_pastor
958644,http://idearq.org/resource/article/958644,António Faustino de Carvalho,1,antonio_faustino_de_carvalho
958644,http://idearq.org/resource/article/958644,João Luís Cardoso,2,joao_luis_cardoso
958398,http://idearq.org/resource/article/958398,David Manuel Duque Espino,1,david_manuel_duque_espino
960154,http://idearq.org/resource/article/960154,Miguel Ángel López Marcos,1,miguel_angel_lopez_marcos
960154,http://idearq.org/resource/article/960154,Yolanda Álvarez González,2,yolanda_alvarez_gonzalez
960154,http://idearq.org/resource/article/960154,Luis Francisco López González,3,luis_francisco_lopez_gonzalez
959664,http://idearq.org/resource/article/959664,Andrés Bonilla Rodríguez,1,andres_bonilla_rodriguez
52061,http://idearq.org/resource/article/52061,"Criado-Boado, Felipe",3,criado_boado_felipe
52061,http://idearq.org/resource/article/52061,"Maana-Borrazs, Patricia",2,maana_borrazs_patricia
52061,http://idearq.org/resource/article/52061,"Gianotti, Camila",1,gianotti_camila
52061,http://idearq.org/resource/article/52061,"López-Romero, Elas",4,lopez_romero_elas
959948,http://idearq.org/resource/article/959948,Víctor Hurtado Pérez,1,victor_hurtado_perez
959948,http://idearq.org/resource/article/959948,Leonardo García Sanjuán,2,leonardo_garcia_sanjuan
959948,http://idearq.org/resource/article/959948,Marcos Andrés Hunt Ortiz,3,marcos_andres_hunt_ortiz
959782,http://idearq.org/resource/article/959782,Agustín Diez Castillo,1,agustin_diez_castillo
958403,http://idearq.org/resource/article/958403,Ángel Luis Palomino Lázaro,1,angel_luis_palomino_lazaro
958403,http://idearq.org/resource/article/958403,Manuel A. Rojo Guerra,2,manuel_a_rojo_guerra
958403,http://idearq.org/resource/article/958403,Rafael Garrido Pena,3,rafael_garrido_pena
958403,http://idearq.org/resource/article/958403,Íñigo García Martínez-de-Lagrán,4,inigo_garcia_martinez_de_lagran
958403,http://idearq.org/resource/article/958403,Alfonso Alday Ruiz,5,alfonso_alday_ruiz
958403,http://idearq.org/resource/article/958403,Jesús García Gazólaz,6,jesus_garcia_gazolaz
958403,http://idearq.org/resource/article/958403,Jesús Sesma Sesma,7,jesus_sesma_sesma
546363,http://idearq.org/resource/article/546363,"Cortés-Sánchez, M.",1,cortes_sanchez_m
546363,http://idearq.org/resource/article/546363,"Bergadà Zapata, M.M.",2,bergada_zapata_m_m
546363,http://idearq.org/resource/article/546363,"Gibaja Bao, J.F.",3,gibaja_bao_j_f
546363,http://idearq.org/resource/article/546363,"Jiménez Espejo, F.J.",4,jimenez_espejo_f_j
546363,http://idearq.org/resource/article/546363,"Simón Vallejo, M.D.",5,simon_vallejo_m_d
546363,http://idearq.org/resource/article/546363,"Riquelme Cantal, J.A.",6,riquelme_cantal_j_a
33361,http://idearq.org/resource/article/33361,"Yanes, Yurena",1,yanes_yurena
33361,http://idearq.org/resource/article/33361,"Romanek, Christopher S.",2,romanek_christopher_s
33361,http://idearq.org/resource/article/33361,"Delgado, Antonio",5,delgado_antonio
33361,http://idearq.org/resource/article/33361,"Cámara, Juan Antonio",4,camara_juan_antonio
33361,http://idearq.org/resource/article/33361,"Molina, Fernando",3,molina_fernando
958514,http://idearq.org/resource/article/958514,J. Emili Aura,1,j_emili_aura
958514,http://idearq.org/resource/article/958514,Jesús F. Jordá,2,jesus_f_jorda
958514,http://idearq.org/resource/article/958514,Lourdes Montes,3,lourdes_montes
958514,http://idearq.org/resource/article/958514,Pilar Utrilla,4,pilar_utrilla
305687,http://idearq.org/resource/article/305687,"García Borja, Pablo",1,garcia_borja_pablo
305687,http://idearq.org/resource/article/305687,"Cortell Pérez, Emilio",2,cortell_perez_emilio
305687,http://idearq.org/resource/article/305687,"Pardo-Gordó, Salvador",3,pardo_gordo_salvador
305687,http://idearq.org/resource/article/305687,"Pérez Jordà, Guillem",4,perez_jorda_guillem
959565,http://idearq.org/resource/article/959565,Vicente Baldellou Martínez,1,vicente_baldellou_martinez
960450,http://idearq.org/resource/article/960450,Miguel A. Vidal Lojo,1,miguel_a_vidal_lojo
958389,http://idearq.org/resource/article/958389,Jorge Martínez-Moreno,1,jorge_martinez_moreno
958389,http://idearq.org/resource/article/958389,Valentín Villaverde,2,valentin_villaverde
958389,http://idearq.org/resource/article/958389,Rafael Mora Torcal,3,rafael_mora_torcal
959819,http://idearq.org/resource/article/959819,Javier Fernández Eraso,1,javier_fernandez_eraso
959867,http://idearq.org/resource/article/959867,Jesús García Gazólaz,1,jesus_garcia_gazolaz
959867,http://idearq.org/resource/article/959867,Jesús Sesma Sesma,2,jesus_sesma_sesma
959867,http://idearq.org/resource/article/959867,Manuel A. Rojo Guerra,3,manuel_a_rojo_guerra
959867,http://idearq.org/resource/article/959867,Alfonso Alday Ruiz,4,alfonso_alday_ruiz
959867,http://idearq.org/resource/article/959867,Rafael Garrido Pena,5,rafael_garrido_pena
959867,http://idearq.org/resource/article/959867,Íñigo García Martínez-de-Lagrán,6,inigo_garcia_martinez_de_lagran
960417,http://idearq.org/resource/article/960417,Pablo Vázquez Liz,1,pablo_vazquez_liz
960417,http://idearq.org/resource/article/960417,María Pilar Prieto Martínez,2,maria_pilar_prieto_martinez
958582,http://idearq.org/resource/article/958582,Juan Montero Gutiérrez,1,juan_montero_gutierrez
958772,http://idearq.org/resource/article/958772,Patricia Ríos Mendoza,1,patricia_rios_mendoza
960429,http://idearq.org/resource/article/960429,Miguel A. Vidal Lojo,1,miguel_a_vidal_lojo
960356,http://idearq.org/resource/book/960356,Hugo Aluai Sampaio,1,hugo_aluai_sampaio
960356,http://idearq.org/resource/book/960356,Ana M. S. Bettencourt,2,ana_m_s_bettencourt
960501,http://idearq.org/resource/article/960501,Angel Acuña Piñeiro,1,angel_acuna_pineiro
960501,http://idearq.org/resource/article/960501,Víctor J. Barbeito Pose,2,victor_j_barbeito_pose
960501,http://idearq.org/resource/article/960501,María Pilar Prieto Martínez,3,maria_pilar_prieto_martinez
960532,http://idearq.org/resource/article/960532,Leonardo García Sanjuán,1,leonardo_garcia_sanjuan
960532,http://idearq.org/resource/article/960532,David W. Wheatley,2,david_w_wheatley
960532,http://idearq.org/resource/article/960532,Manuel Eleazar Costa Caramé,3,manuel_eleazar_costa_carame
959792,http://idearq.org/resource/article/959792,Salvador Domínguez-Bella,1,salvador_dominguez_bella
959792,http://idearq.org/resource/article/959792,María José Bóveda,2,maria_jose_boveda
959994,http://idearq.org/resource/article/959994,Enric Flors,1,enric_flors
959994,http://idearq.org/resource/article/959994,Juan F. Gibaja,2,juan_f_gibaja
959994,http://idearq.org/resource/article/959994,Juan José Ibáñez,3,juan_jose_ibanez
959994,http://idearq.org/resource/article/959994,Domingo Carlos Salazar-García,4,domingo_carlos_salazar_garcia
958534,http://idearq.org/resource/article/958534,Francisco Javier Abarquero Moras,1,francisco_javier_abarquero_moras
958534,http://idearq.org/resource/article/958534,Elisa Guerra Doce,2,elisa_guerra_doce
958534,http://idearq.org/resource/article/958534,Germán Delibes de Castro,3,german_delibes_de_castro
958534,http://idearq.org/resource/article/958534,Ángel Luis Palomino Lázaro,4,angel_luis_palomino_lazaro
958534,http://idearq.org/resource/article/958534,Jesús del Val Recio,5,jesus_del_val_recio
914549,http://idearq.org/resource/article/914549,Ignacio Martín,10,ignacio_martin
914549,http://idearq.org/resource/article/914549,Matteo Bellardi,11,matteo_bellardi
914549,http://idearq.org/resource/article/914549,Alberto Mingo,1,alberto_mingo
914549,http://idearq.org/resource/article/914549,Jesús Barca,2,jesus_barca
914549,http://idearq.org/resource/article/914549,Martí Mas,3,marti_mas
914549,http://idearq.org/resource/article/914549,Javier López,4,javier_lopez
914549,http://idearq.org/resource/article/914549,Alfonso Benito,5,alfonso_benito
914549,http://idearq.org/resource/article/914549,Paloma Uzquiano,6,paloma_uzquiano
914549,http://idearq.org/resource/article/914549,José Yravedra,7,jose_yravedra
914549,http://idearq.org/resource/article/914549,Miriam Cubas,8,miriam_cubas
914549,http://idearq.org/resource/article/914549,Bárbara Avezuela,9,barbara_avezuela
960387,http://idearq.org/resource/article/960387,Jorge A. Soler Díaz,1,jorge_a_soler_diaz
959728,http://idearq.org/resource/article/959728,J. Francisco Fabián García,1,j_francisco_fabian_garcia
959728,http://idearq.org/resource/article/959728,Antonio Blanco González,2,antonio_blanco_gonzalez
550764,http://idearq.org/resource/article/550764,"García Borja, Pablo",1,garcia_borja_pablo
550764,http://idearq.org/resource/article/550764,"Martins, Haidé",3,martins_haide
550764,http://idearq.org/resource/article/550764,"Pérez Jordà, Guillem",4,perez_jorda_guillem
550764,http://idearq.org/resource/article/550764,"Sanchis Serra, Alfred",5,sanchis_serra_alfred
958784,http://idearq.org/resource/article/958784,Sofía Sanz González,1,sofia_sanz_gonzalez
960360,http://idearq.org/resource/article/960360,Alejandra Sánchez Polo,1,alejandra_sanchez_polo
958399,http://idearq.org/resource/article/958399,Pablo Arias Cabal,1,pablo_arias_cabal
958728,http://idearq.org/resource/article/958728,Mário Varela Gomes,1,mario_varela_gomes
959488,http://idearq.org/resource/article/959488,Alfonso Alday,1,alfonso_alday
959488,http://idearq.org/resource/article/959488,Adriana Soto,2,adriana_soto
959488,http://idearq.org/resource/article/959488,Judit López de Heredia,3,judit_lopez_de_heredia
959488,http://idearq.org/resource/article/959488,Unai Perales,4,unai_perales
960454,http://idearq.org/resource/article/960454,Javier Jiménez Avila,1,javier_jimenez_avila
960454,http://idearq.org/resource/article/960454,Santiago Guerra Millán,2,santiago_guerra_millan
959636,http://idearq.org/resource/article/959636,María del Pilar Utrilla Miranda,1,maria_del_pilar_utrilla_miranda
959636,http://idearq.org/resource/article/959636,Abel Berdejo Arceiz,2,abel_berdejo_arceiz
959636,http://idearq.org/resource/article/959636,Alberto Obón Zúñiga,3,alberto_obon_zuniga
960477,http://idearq.org/resource/article/960477,Lawrence Guy Straus,1,lawrence_guy_straus
960477,http://idearq.org/resource/article/960477,Manuel R. González Morales,2,manuel_r_gonzalez_morales
958585,http://idearq.org/resource/book/958585,Barrachina Ibáñez,1,barrachina_ibanez
958585,http://idearq.org/resource/book/958585,M Amparo,2,m_amparo
960374,http://idearq.org/resource/article/960374,Jesús Sesma Sesma,1,jesus_sesma_sesma
960374,http://idearq.org/resource/article/960374,Juan José Bienes Calvo,2,juan_jose_bienes_calvo
960374,http://idearq.org/resource/article/960374,Mikel Ramos Aguirre,3,mikel_ramos_aguirre
959873,http://idearq.org/resource/article/959873,Leonardo García Sanjuán,1,leonardo_garcia_sanjuan
959873,http://idearq.org/resource/article/959873,Carlos P. Odriozola Lloret,2,carlos_p_odriozola_lloret
551172,http://idearq.org/resource/document/551172,Julio Román,10,julio_roman
551172,http://idearq.org/resource/document/551172,Gonzalo Aranda,1,gonzalo_aranda
551172,http://idearq.org/resource/document/551172,María Dolores Cámalich,2,maria_dolores_camalich
551172,http://idearq.org/resource/document/551172,Dimas Martín,3,dimas_martin
551172,http://idearq.org/resource/document/551172,Antonio Morgado,4,antonio_morgado
551172,http://idearq.org/resource/document/551172,Francisco,5,francisco
551172,http://idearq.org/resource/document/551172,Martínez-Sevilla,6,martinez_sevilla
551172,http://idearq.org/resource/document/551172,José Antonio Lozano,7,jose_antonio_lozano
551172,http://idearq.org/resource/document/551172,Amelia Rodríguez,8,amelia_rodriguez
551172,http://idearq.org/resource/document/551172,María Isabel Mancilla,9,maria_isabel_mancilla
958547,http://idearq.org/resource/article/958547,Marian Arlegui Sánchez,1,marian_arlegui_sanchez
64623,http://idearq.org/resource/article/64623,"Urquijo, Jesús Emilio González",7,urquijo_jesus_emilio_gonzalez
64623,http://idearq.org/resource/article/64623,"Cubas, Miriam",1,cubas_miriam
64623,http://idearq.org/resource/article/64623,"García-Heras, Manuel",2,garcia_heras_manuel
64623,http://idearq.org/resource/article/64623,"Méndez, David",3,mendez_david
64623,http://idearq.org/resource/article/64623,"de Pedro, Imanol",4,de_pedro_imanol
64623,http://idearq.org/resource/article/64623,"Ibáñez, Juan José",6,ibanez_juan_jose
64623,http://idearq.org/resource/article/64623,"Zapata, Lydia",5,zapata_lydia
960465,http://idearq.org/resource/article/960465,António M. Monge Soares,1,antonio_m_monge_soares
960465,http://idearq.org/resource/article/960465,Ana Sofía Tamissa Antunes,2,ana_sofia_tamissa_antunes
960465,http://idearq.org/resource/article/960465,Manuela de Deus,3,manuela_de_deus
960467,http://idearq.org/resource/article/960467,Ana Sofía Tamissa Antunes,1,ana_sofia_tamissa_antunes
960467,http://idearq.org/resource/article/960467,Manuela de Deus,2,manuela_de_deus
960467,http://idearq.org/resource/article/960467,Antonio M. Monge Soares,3,antonio_m_monge_soares
960467,http://idearq.org/resource/article/960467,Filipe Santos,4,filipe_santos
960467,http://idearq.org/resource/article/960467,Luís Arêz,5,luis_arez
960467,http://idearq.org/resource/article/960467,Joke Dewulf,6,joke_dewulf
960467,http://idearq.org/resource/article/960467,Lídia Baptista,7,lidia_baptista
960467,http://idearq.org/resource/article/960467,Lurdes Oliveira,8,lurdes_oliveira
960447,http://idearq.org/resource/article/960447,Manuel Vaquero,1,manuel_vaquero
960447,http://idearq.org/resource/article/960447,Susana Alonso,2,susana_alonso
960447,http://idearq.org/resource/article/960447,Sergio García-Catalán,3,sergio_garcia_catalan
960447,http://idearq.org/resource/article/960447,Angélica García-Hernández,4,angelica_garcia_hernandez
960447,http://idearq.org/resource/article/960447,Bruno Gómez de Soler,5,bruno_gomez_de_soler
960447,http://idearq.org/resource/article/960447,David Rettig,6,david_rettig
960447,http://idearq.org/resource/article/960447,María Soto,7,maria_soto
960488,http://idearq.org/resource/article/960488,Valentín Villaverde Bonilla,1,valentin_villaverde_bonilla
960488,http://idearq.org/resource/article/960488,Dídac Román,2,didac_roman
960488,http://idearq.org/resource/article/960488,Manuel Pérez Ripoll,3,manuel_perez_ripoll
960488,http://idearq.org/resource/article/960488,M. Mercè Bergadà,4,m_merce_bergada
960488,http://idearq.org/resource/article/960488,Cristina Real,5,cristina_real
958381,http://idearq.org/resource/article/958381,Nuno Bicho,1,nuno_bicho
958381,http://idearq.org/resource/article/958381,Jonathan Haws,2,jonathan_haws
32394,http://idearq.org/resource/article/32394,"Gamiz, Marta Rodrigo",7,gamiz_marta_rodrigo
32394,http://idearq.org/resource/article/32394,"De la Rubia de Gracia, Juan J.",19,de_la_rubia_de_gracia_juan_j
32394,http://idearq.org/resource/article/32394,"Flores, José-Abel",8,flores_jose_abel
32394,http://idearq.org/resource/article/32394,"Vera Peláez, José L.",21,vera_pelaez_jose_l
32394,http://idearq.org/resource/article/32394,"Carrión, José S.",12,carrion_jose_s
32394,http://idearq.org/resource/article/32394,"Riquelme Cantal, José A.",15,riquelme_cantal_jose_a
32394,http://idearq.org/resource/article/32394,"Rodríguez, Laura Llorente",22,rodriguez_laura_llorente
32394,http://idearq.org/resource/article/32394,"Paytan, Adina",9,paytan_adina
32394,http://idearq.org/resource/article/32394,"Jiménez Espejo, Francisco J.",2,jimenez_espejo_francisco_j
32394,http://idearq.org/resource/article/32394,"Martinez-Ruiz, Francisca",6,martinez_ruiz_francisca
32394,http://idearq.org/resource/article/32394,"Morales Muñiz, Arturo",13,morales_muniz_arturo
32394,http://idearq.org/resource/article/32394,"Cortés Sánchez, Miguel",1,cortes_sanchez_miguel
32394,http://idearq.org/resource/article/32394,"Roselló Izquierdo, Eufrasia",14,rosello_izquierdo_eufrasia
32394,http://idearq.org/resource/article/32394,"Gibaja Bao, Juan F.",4,gibaja_bao_juan_f
32394,http://idearq.org/resource/article/32394,"Salgueiro, Emília",17,salgueiro_emilia
32394,http://idearq.org/resource/article/32394,"Lozano Francisco, María C.",20,lozano_francisco_maria_c
32394,http://idearq.org/resource/article/32394,"López Sáez, José A.",10,lopez_saez_jose_a
32394,http://idearq.org/resource/article/32394,"Peña-Chocarro, Leonor",11,pena_chocarro_leonor
32394,http://idearq.org/resource/article/32394,"Simón Vallejo, María D.",3,simon_vallejo_maria_d
32394,http://idearq.org/resource/article/32394,"Dean, Rebecca M.",16,dean_rebecca_m
32394,http://idearq.org/resource/article/32394,"Carvalho, António Faustino",5,carvalho_antonio_faustino
32394,http://idearq.org/resource/article/32394,"Martínez Sánchez, Rafael M.",18,martinez_sanchez_rafael_m
32394,http://idearq.org/resource/article/32394,"Bicho, Nuno F.",23,bicho_nuno_f
960180,http://idearq.org/resource/article/960180,Miguel Angel Martín Carbajo,1,miguel_angel_martin_carbajo
960180,http://idearq.org/resource/article/960180,Gregorio José Marcos Contreras,2,gregorio_jose_marcos_contreras
960180,http://idearq.org/resource/article/960180,Jesús Carlos Misiego Tejeda,3,jesus_carlos_misiego_tejeda
960180,http://idearq.org/resource/article/960180,Francisco Javier Sanz García,4,francisco_javier_sanz_garcia
960180,http://idearq.org/resource/article/960180,Roberto Redondo Martínez,5,roberto_redondo_martinez
307390,http://idearq.org/resource/article/307390,"Gibaja Bao, Juan Francisco",7,gibaja_bao_juan_francisco
307390,http://idearq.org/resource/article/307390,"Regala, Frederico",9,regala_frederico
307390,http://idearq.org/resource/article/307390,"Manne, Tiina",8,manne_tiina
307390,http://idearq.org/resource/article/307390,"Gonçalves, Célia",10,goncalves_celia
307390,http://idearq.org/resource/article/307390,"Pereira, Telmo",4,pereira_telmo
307390,http://idearq.org/resource/article/307390,"Bicho, Nuno",2,bicho_nuno
307390,http://idearq.org/resource/article/307390,"Monteiro, Patricia",11,monteiro_patricia
307390,http://idearq.org/resource/article/307390,"Marreiros, João",3,marreiros_joao
307390,http://idearq.org/resource/article/307390,"Évora, Marina",5,evora_marina
307390,http://idearq.org/resource/article/307390,"Cortés, Miguel",6,cortes_miguel
307390,http://idearq.org/resource/article/307390,"Cascalheira, João",1,cascalheira_joao
959502,http://idearq.org/resource/article/959502,Carmen Alonso Fernández,1,carmen_alonso_fernandez
305573,http://idearq.org/resource/article/305573,"Peña-Chocarro, Leonor",1,pena_chocarro_leonor
305573,http://idearq.org/resource/article/305573,"Vera Rodríguez, Juan Carlos",4,vera_rodriguez_juan_carlos
305573,http://idearq.org/resource/article/305573,"Morales Mateos, Jacob B.",3,morales_mateos_jacob_b
305573,http://idearq.org/resource/article/305573,"Pérez Jordà, Guillem",2,perez_jorda_guillem
958747,http://idearq.org/resource/article/958747,María Martín Seijo,1,maria_martin_seijo
960397,http://idearq.org/resource/article/960397,Tiago Tomé,1,tiago_tome
960397,http://idearq.org/resource/article/960397,Ana Maria Silva,2,ana_maria_silva
960397,http://idearq.org/resource/article/960397,António Carlos Valera,3,antonio_carlos_valera
959995,http://idearq.org/resource/article/959995,Lídia Baptista,1,lidia_baptista
959995,http://idearq.org/resource/article/959995,Lurdes Oliveira,2,lurdes_oliveira
959995,http://idearq.org/resource/article/959995,António M. Monge Soares,3,antonio_m_monge_soares
959995,http://idearq.org/resource/article/959995,Sérgio Gomes,4,sergio_gomes
85156,http://idearq.org/resource/article/85156,"Urbina Martinez, Dionisio",1,urbina_martinez_dionisio
85156,http://idearq.org/resource/article/85156,"García-Vuelta, Oscar",2,garcia_vuelta_oscar
958664,http://idearq.org/resource/article/958664,José E. Márquez Romero,1,jose_e_marquez_romero
958664,http://idearq.org/resource/article/958664,Elena Mata Vivar,2,elena_mata_vivar
958664,http://idearq.org/resource/article/958664,Víctor Jiménez Jáimez,3,victor_jimenez_jaimez
958664,http://idearq.org/resource/article/958664,José Suárez Padilla,4,jose_suarez_padilla
958664,http://idearq.org/resource/article/958664,José E. Márquez Romero,1,jose_e_marquez_romero
958664,http://idearq.org/resource/article/958664,Elena Mata Vivar,2,elena_mata_vivar
958664,http://idearq.org/resource/article/958664,Víctor Jiménez Jáimez,3,victor_jimenez_jaimez
958664,http://idearq.org/resource/article/958664,José Suárez Padilla,4,jose_suarez_padilla
959646,http://idearq.org/resource/article/959646,Fernando Rodríguez del Cueto,1,fernando_rodriguez_del_cueto
959646,http://idearq.org/resource/article/959646,Miguel Ángel de Blas Cortina,2,miguel_angel_de_blas_cortina
959646,http://idearq.org/resource/article/959646,Manuel José Suárez Fernández,3,manuel_jose_suarez_fernandez
958400,http://idearq.org/resource/article/958400,María del Mar Espejo-Herrerías,1,maria_del_mar_espejo_herrerias
958400,http://idearq.org/resource/article/958400,Lidia Cabello-Ligero,2,lidia_cabello_ligero
958400,http://idearq.org/resource/article/958400,Pedro Cantalejo-Duarte,3,pedro_cantalejo_duarte
958400,http://idearq.org/resource/article/958400,Serafín Becerra Martín,4,serafin_becerra_martin
958400,http://idearq.org/resource/article/958400,José Francisco Ramos Muñoz,5,jose_francisco_ramos_munoz
958400,http://idearq.org/resource/article/958400,Patricia Ledesma-Conejo,6,patricia_ledesma_conejo
958400,http://idearq.org/resource/article/958400,Francisco J Santos-Arévalo,7,francisco_j_santos_arevalo
958400,http://idearq.org/resource/article/958400,Leonor Peña Chocarro,8,leonor_pena_chocarro
958725,http://idearq.org/resource/article/958725,Leonardo García Sanjuán,1,leonardo_garcia_sanjuan
958725,http://idearq.org/resource/article/958725,Juan Manuel Vargas Jiménez,2,juan_manuel_vargas_jimenez
958725,http://idearq.org/resource/article/958725,Víctor Hurtado Pérez,3,victor_hurtado_perez
958725,http://idearq.org/resource/article/958725,Rosario Cruz-Auñón Briones,4,rosario_cruz_aunon_briones
958725,http://idearq.org/resource/article/958725,Teresa Ruiz Moreno,5,teresa_ruiz_moreno
960204,http://idearq.org/resource/book/960204,Rafael Mª Martínez Sánchez,1,rafael_ma_martinez_sanchez
960305,http://idearq.org/resource/article/960305,Marc Piera Teixidó,1,marc_piera_teixido
960305,http://idearq.org/resource/article/960305,Ainhoa Pancorbo Picó,2,ainhoa_pancorbo_pico
960305,http://idearq.org/resource/article/960305,Ignasi Garcés i Estalló,3,ignasi_garces_i_estallo
960305,http://idearq.org/resource/article/960305,Josep Gallart Fernàndez,4,josep_gallart_fernandez
960367,http://idearq.org/resource/article/960367,Diego Sardá Piñero,1,diego_sarda_pinero
958763,http://idearq.org/resource/article/958763,Ana Pajuelo Pando,1,ana_pajuelo_pando
958763,http://idearq.org/resource/article/958763,Pedro Manuel López Aldana,2,pedro_manuel_lopez_aldana
958762,http://idearq.org/resource/article/958762,María Yubero,10,maria_yubero
958762,http://idearq.org/resource/article/958762,Xavier Oms Arias,1,xavier_oms_arias
958762,http://idearq.org/resource/article/958762,Juan M. López-García,2,juan_m_lopez_garcia
958762,http://idearq.org/resource/article/958762,Xavier Mangado,3,xavier_mangado
958762,http://idearq.org/resource/article/958762,Patricia Martín,4,patricia_martin
958762,http://idearq.org/resource/article/958762,Susana Mendiela,5,susana_mendiela
958762,http://idearq.org/resource/article/958762,Juan I. Morales,6,juan_i_morales
958762,http://idearq.org/resource/article/958762,Mireia Pedro,7,mireia_pedro
958762,http://idearq.org/resource/article/958762,Anna Rodríguez,8,anna_rodriguez
958762,http://idearq.org/resource/article/958762,Àgata Rodríguez-Cintas,9,agata_rodriguez_cintas
959876,http://idearq.org/resource/article/959876,Leonardo García Sanjuán,1,leonardo_garcia_sanjuan
959876,http://idearq.org/resource/article/959876,Miriam Luciañez Triviño,2,miriam_lucianez_trivino
959876,http://idearq.org/resource/article/959876,Thomas X. Schuhmacher,3,thomas_x_schuhmacher
959876,http://idearq.org/resource/article/959876,David Wheatley,4,david_wheatley
959876,http://idearq.org/resource/article/959876,Arun Banerjee,5,arun_banerjee
959455,http://idearq.org/resource/article/959455,Guillem Pérez Jordà,1,guillem_perez_jorda
960521,http://idearq.org/resource/article/960521,Miriam Cubas Morera,1,miriam_cubas_morera
960521,http://idearq.org/resource/article/960521,Rafael Bolado del Castillo,2,rafael_bolado_del_castillo
960521,http://idearq.org/resource/article/960521,Eva María Peredo Rosales,3,eva_maria_peredo_rosales
960521,http://idearq.org/resource/article/960521,Pedro Ángel Fernández Vega,4,pedro_angel_fernandez_vega
960100,http://idearq.org/resource/article/960100,María Teresa Ruiz Moreno,1,maria_teresa_ruiz_moreno
958812,http://idearq.org/resource/article/958812,Pedro Manuel López Aldana,1,pedro_manuel_lopez_aldana
958812,http://idearq.org/resource/article/958812,Ana Pajuelo Pando,2,ana_pajuelo_pando
958718,http://idearq.org/resource/article/958718,Marcos García García,1,marcos_garcia_garcia
960495,http://idearq.org/resource/article/960495,Pablo Arias Cabal,1,pablo_arias_cabal
959977,http://idearq.org/resource/book/959977,Ignacio Soriano,1,ignacio_soriano
959996,http://idearq.org/resource/article/959996,Antonio Faustino Carvalho,1,antonio_faustino_carvalho
959996,http://idearq.org/resource/article/959996,Lawrence Guy Straus,2,lawrence_guy_straus
554678,http://idearq.org/resource/article/554678,"Rovira, S.",10,rovira_s
554678,http://idearq.org/resource/article/554678,"Valero Climent, A.",11,valero_climent_a
554678,http://idearq.org/resource/article/554678,"Vives-Ferrándiz Sánchez, J.",12,vives_ferrandiz_sanchez_j
554678,http://idearq.org/resource/article/554678,"García Borja, P.",1,garcia_borja_p
554678,http://idearq.org/resource/article/554678,"Carrión Marco, Y.",2,carrion_marco_y
554678,http://idearq.org/resource/article/554678,"Gutiérrez-Neira, P.C.",3,gutierrez_neira_p_c
554678,http://idearq.org/resource/article/554678,"Iborra Eres, M.P.",4,iborra_eres_m_p
554678,http://idearq.org/resource/article/554678,"López Serrano, D.",5,lopez_serrano_d
554678,http://idearq.org/resource/article/554678,"Miret Estruch, C.",6,miret_estruch_c
554678,http://idearq.org/resource/article/554678,"Montero, I.",7,montero_i
554678,http://idearq.org/resource/article/554678,"Pascual Benito, J.L.",8,pascual_benito_j_l
554678,http://idearq.org/resource/article/554678,"Pérez Jordà, G.",9,perez_jorda_g
561597,http://idearq.org/resource/article/561597,María Teresa Nohemi Sala,1,maria_teresa_nohemi_sala
561597,http://idearq.org/resource/article/561597,Milagros Algaba Suárez,2,milagros_algaba_suarez
561597,http://idearq.org/resource/article/561597,Asier Gómez Olivencia,3,asier_gomez_olivencia
561597,http://idearq.org/resource/article/561597,Adrián Pablos,4,adrian_pablos
561597,http://idearq.org/resource/article/561597,Alejandro Bonmatí,5,alejandro_bonmati
561597,http://idearq.org/resource/article/561597,Laura Rodríguez García,6,laura_rodriguez_garcia
561597,http://idearq.org/resource/article/561597,Rebeca García González,7,rebeca_garcia_gonzalez
561597,http://idearq.org/resource/article/561597,Juan Luis Arsuaga,8,juan_luis_arsuaga
305414,http://idearq.org/resource/article/305414,"Mazzucco, Niccolò",9,mazzucco_niccolo
305414,http://idearq.org/resource/article/305414,"Kromer, Bernd",12,kromer_bernd
305414,http://idearq.org/resource/article/305414,"Garrido Pena, Rafael",7,garrido_pena_rafael
305414,http://idearq.org/resource/article/305414,"Royo Guillén, José Ignacio",3,royo_guillen_jose_ignacio
305414,http://idearq.org/resource/article/305414,"Gibaja Bao, Juan Francisco",10,gibaja_bao_juan_francisco
305414,http://idearq.org/resource/article/305414,"Alt, Kurt W.",13,alt_kurt_w
305414,http://idearq.org/resource/article/305414,"Arcusa Magallón, Héctor",6,arcusa_magallon_hector
305414,http://idearq.org/resource/article/305414,"Moreno-García, Marta",8,moreno_garcia_marta
305414,http://idearq.org/resource/article/305414,"Peña-Chocarro, Leonor",2,pena_chocarro_leonor
305414,http://idearq.org/resource/article/305414,"García-Martínez de Lagrán, Íñigo",5,garcia_martinez_de_lagran_inigo
305414,http://idearq.org/resource/article/305414,"Rojo Guerra, Manuel Ángel",1,rojo_guerra_manuel_angel
305414,http://idearq.org/resource/article/305414,"Tejedor Rodríguez, Cristina",4,tejedor_rodriguez_cristina
305414,http://idearq.org/resource/article/305414,"Ortega i Cobos, David",11,ortega_i_cobos_david
305587,http://idearq.org/resource/article/305587,"Ruiz Zapata, Blanca",5,ruiz_zapata_blanca
305587,http://idearq.org/resource/article/305587,"Muñoz Fernández, Emilio",1,munoz_fernandez_emilio
305587,http://idearq.org/resource/article/305587,"Uzquiano Ollero, Paloma",7,uzquiano_ollero_paloma
305587,http://idearq.org/resource/article/305587,"Gil García, María José",6,gil_garcia_maria_jose
305587,http://idearq.org/resource/article/305587,"Morlote Expósito, José Manuel",2,morlote_exposito_jose_manuel
305587,http://idearq.org/resource/article/305587,"Castaños Ugarte, Pedro",4,castanos_ugarte_pedro
305587,http://idearq.org/resource/article/305587,"Santamaría Santamaría, Silvia",3,santamaria_santamaria_silvia
960459,http://idearq.org/resource/article/960459,Joaquim Soler,1,joaquim_soler
960459,http://idearq.org/resource/article/960459,Narcís Soler,2,narcis_soler
960459,http://idearq.org/resource/article/960459,Bibiana Agustí,3,bibiana_agusti
960459,http://idearq.org/resource/article/960459,Michael Bolus,4,michael_bolus
959617,http://idearq.org/resource/book/959617,K Reicherter,10,k_reicherter
959617,http://idearq.org/resource/book/959617,C Schmidt,11,c_schmidt
959617,http://idearq.org/resource/book/959617,Gerd-Christian Weniger,12,gerd_christian_weniger
959617,http://idearq.org/resource/book/959617,M Kehl,1,m_kehl
959617,http://idearq.org/resource/book/959617,C Burow,2,c_burow
959617,http://idearq.org/resource/book/959617,Pedro Cantalejo-Duarte,3,pedro_cantalejo_duarte
959617,http://idearq.org/resource/book/959617,Salvador Domínguez Bella,4,salvador_dominguez_bella
959617,http://idearq.org/resource/book/959617,J. J. Durán,5,j_j_duran
959617,http://idearq.org/resource/book/959617,F Henselowsky,6,f_henselowsky
959617,http://idearq.org/resource/book/959617,N Klasen,7,n_klasen
959617,http://idearq.org/resource/book/959617,F. J. Medianero,8,f_j_medianero
959617,http://idearq.org/resource/book/959617,José Francisco Ramos Muñoz,9,jose_francisco_ramos_munoz
305600,http://idearq.org/resource/article/305600,"García Borja, Pablo",3,garcia_borja_pablo
305600,http://idearq.org/resource/article/305600,"Badal García, Ernestina",5,badal_garcia_ernestina
305600,http://idearq.org/resource/article/305600,"García Puchol, Oreto",4,garcia_puchol_oreto
305600,http://idearq.org/resource/article/305600,"Pascual Benito, Josep Lluís",8,pascual_benito_josep_lluis
305600,http://idearq.org/resource/article/305600,"Morales Pérez, Juan Vicente",10,morales_perez_juan_vicente
305600,http://idearq.org/resource/article/305600,"Aura Tortosa, Joan Emili",1,aura_tortosa_joan_emili
305600,http://idearq.org/resource/article/305600,"Carrión Marco, Yolanda",9,carrion_marco_yolanda
305600,http://idearq.org/resource/article/305600,"Jordá Pardo, Jesús Francisco",2,jorda_pardo_jesus_francisco
305600,http://idearq.org/resource/article/305600,"Pérez Ripoll, Manuel",6,perez_ripoll_manuel
305600,http://idearq.org/resource/article/305600,"Pérez Jordà, Guillem",7,perez_jorda_guillem
305076,http://idearq.org/resource/article/305076,"Bermúdez Cano, Rafael",6,bermudez_cano_rafael
305076,http://idearq.org/resource/article/305076,"Morgado Rodríguez, Antonio",1,morgado_rodriguez_antonio
305076,http://idearq.org/resource/article/305076,"Lozano Rodríguez, José Antonio",11,lozano_rodriguez_jose_antonio
305076,http://idearq.org/resource/article/305076,"Jiménez Cobos, Francisca",4,jimenez_cobos_francisca
305076,http://idearq.org/resource/article/305076,"Garzón, José",3,garzon_jose
305076,http://idearq.org/resource/article/305076,"Ortiz González, Juan M.",10,ortiz_gonzalez_juan_m
305076,http://idearq.org/resource/article/305076,"Martínez Revilla, Francisco",2,martinez_revilla_francisco
305076,http://idearq.org/resource/article/305076,"Berdejo, Abel",5,berdejo_abel
305076,http://idearq.org/resource/article/305076,"Ruiz-Ruano Cobo, Francisco",7,ruiz_ruano_cobo_francisco
305076,http://idearq.org/resource/article/305076,"Fernández Martín, Sergio",9,fernandez_martin_sergio
305076,http://idearq.org/resource/article/305076,"Gutiérrez Rodríguez, Mario",8,gutierrez_rodriguez_mario
959619,http://idearq.org/resource/article/959619,Michael Kunst,1,michael_kunst
959619,http://idearq.org/resource/article/959619,Elena Morán,2,elena_moran
959619,http://idearq.org/resource/article/959619,Rui Parreira,3,rui_parreira
958673,http://idearq.org/resource/article/958673,Antonio Blanco González,1,antonio_blanco_gonzalez
959714,http://idearq.org/resource/article/959714,João Luís Cardoso,1,joao_luis_cardoso
305196,http://idearq.org/resource/article/305196,"De Lugo Enrich, Luis Benítez",1,de_lugo_enrich_luis_benitez
305196,http://idearq.org/resource/article/305196,"Sánchez, María Benito",12,sanchez_maria_benito
305196,http://idearq.org/resource/article/305196,"Sierra, Jaime Moraleda",7,sierra_jaime_moraleda
305196,http://idearq.org/resource/article/305196,"Salazar-García, Domingo Carlos",10,salazar_garcia_domingo_carlos
305196,http://idearq.org/resource/article/305196,"Lloret, Carlos Odriozola",11,lloret_carlos_odriozola
305196,http://idearq.org/resource/article/305196,"Zumajo, Norberto Palomares",5,zumajo_norberto_palomares
305196,http://idearq.org/resource/article/305196,"Trujillo, Enrique Mata",6,trujillo_enrique_mata
305196,http://idearq.org/resource/article/305196,"Moreno, Miguel Mejías",2,moreno_miguel_mejias
305196,http://idearq.org/resource/article/305196,"Herreros, Gabriel Menchén",8,herreros_gabriel_menchen
305196,http://idearq.org/resource/article/305196,"García, Honorio Javier Álvarez",4,garcia_honorio_javier_alvarez
305196,http://idearq.org/resource/article/305196,"Martín, Sergio Fernández",9,martin_sergio_fernandez
305196,http://idearq.org/resource/article/305196,"Gutiérrez, Julio López",3,gutierrez_julio_lopez
305196,http://idearq.org/resource/article/305196,"Sáez, José Antonio López",13,saez_jose_antonio_lopez
304901,http://idearq.org/resource/article/304901,"Ruiz, Mónica",6,ruiz_monica
304901,http://idearq.org/resource/article/304901,"López-Sáez, José Antonio",7,lopez_saez_jose_antonio
304901,http://idearq.org/resource/article/304901,"Pérez Díaz, Sebastián",5,perez_diaz_sebastian
304901,http://idearq.org/resource/article/304901,"Moreno-García, Marta",4,moreno_garcia_marta
304901,http://idearq.org/resource/article/304901,"Sesma Sesma, Jesús",1,sesma_sesma_jesus
304901,http://idearq.org/resource/article/304901,"García García, María Luisa",2,garcia_garcia_maria_luisa
304901,http://idearq.org/resource/article/304901,"Herrero Corral, Ana Mercedes",3,herrero_corral_ana_mercedes
958803,http://idearq.org/resource/article/958803,Javier Fernández López de Pablo,1,javier_fernandez_lopez_de_pablo
958803,http://idearq.org/resource/article/958803,Magdalena Gómez Puche,2,magdalena_gomez_puche
958803,http://idearq.org/resource/article/958803,Marco A. Esquembre Bebiá,3,marco_a_esquembre_bebia
960355,http://idearq.org/resource/article/960355,Hugo Aluai Sampaio,1,hugo_aluai_sampaio
960355,http://idearq.org/resource/article/960355,Maria João Amorim,2,maria_joao_amorim
960355,http://idearq.org/resource/article/960355,Luciano Vilas Boas,3,luciano_vilas_boas
960355,http://idearq.org/resource/article/960355,Ana Catarina G. Braga  Resumo,4,ana_catarina_g_braga_resumo
960451,http://idearq.org/resource/article/960451,José Aparicio Pérez,1,jose_aparicio_perez
960511,http://idearq.org/resource/article/960511,Valentín Villaverde Bonilla,1,valentin_villaverde_bonilla
960511,http://idearq.org/resource/article/960511,Dídac Roman Monroig,2,didac_roman_monroig
960511,http://idearq.org/resource/article/960511,Rafael Martínez Valle,3,rafael_martinez_valle
960511,http://idearq.org/resource/article/960511,Ernestina Badal,4,ernestina_badal
960511,http://idearq.org/resource/article/960511,Pere Miquel Guillem Calatayud,5,pere_miquel_guillem_calatayud
960511,http://idearq.org/resource/article/960511,Manuel Pérez Ripoll,6,manuel_perez_ripoll
960511,http://idearq.org/resource/article/960511,Maria Mercè Bergadà Zapata,7,maria_merce_bergada_zapata
960511,http://idearq.org/resource/article/960511,Cristina Real Margalef,8,cristina_real_margalef
960511,http://idearq.org/resource/article/960511,María Borao Álvarez,9,maria_borao_alvarez
959987,http://idearq.org/resource/article/959987,José Manuel Maíllo Fernández,1,jose_manuel_maillo_fernandez
959987,http://idearq.org/resource/article/959987,Carlos Arteaga Cardineau,2,carlos_arteaga_cardineau
959987,http://idearq.org/resource/article/959987,María José Iriarte Chiapusso,3,maria_jose_iriarte_chiapusso
959987,http://idearq.org/resource/article/959987,Antonio Fernández Fernández,4,antonio_fernandez_fernandez
959987,http://idearq.org/resource/article/959987,Rachel Wood,5,rachel_wood
959987,http://idearq.org/resource/article/959987,Federico Bernaldo de Quirós Guidotti,6,federico_bernaldo_de_quiros_guidotti
958840,http://idearq.org/resource/book/958840,Pedro Cantalejo Duarte,1,pedro_cantalejo_duarte
958840,http://idearq.org/resource/book/958840,José Ramos Muñoz,2,jose_ramos_munoz
958840,http://idearq.org/resource/book/958840,Gerd-Christian Weniger,3,gerd_christian_weniger
958840,http://idearq.org/resource/book/958840,Martin Kehl,4,martin_kehl
958840,http://idearq.org/resource/book/958840,María del Mar Espejo Herrerías,5,maria_del_mar_espejo_herrerias
959712,http://idearq.org/resource/article/959712,Eduardo Carmona Ballestero,1,eduardo_carmona_ballestero
958773,http://idearq.org/resource/article/958773,José María Rodanés Vicente,1,jose_maria_rodanes_vicente
958773,http://idearq.org/resource/article/958773,José Ignacio Lorenzo Lizalde,2,jose_ignacio_lorenzo_lizalde
958785,http://idearq.org/resource/article/958785,Hermanfrid Schubart,1,hermanfrid_schubart
958785,http://idearq.org/resource/article/958785,Dirce Marzoli,2,dirce_marzoli
958785,http://idearq.org/resource/article/958785,Hans-Gert Bachmann,3,hans_gert_bachmann
958785,http://idearq.org/resource/article/958785,Corina Liesau,4,corina_liesau
958785,http://idearq.org/resource/article/958785,Rafael Pozo Marín,5,rafael_pozo_marin
959628,http://idearq.org/resource/article/959628,Miguel Ángel Lechuga Chica,1,miguel_angel_lechuga_chica
959628,http://idearq.org/resource/article/959628,Marcos Soto Civantos,2,marcos_soto_civantos
959628,http://idearq.org/resource/article/959628,M.ª Oliva Rodríguez-Ariza,3,m_a_oliva_rodriguez_ariza
959961,http://idearq.org/resource/document/959961,Alfonso Alday Ruiz,1,alfonso_alday_ruiz
201305,http://idearq.org/resource/article/201305,"Candelas, Nieves",4,candelas_nieves
201305,http://idearq.org/resource/article/201305,"Barroso, Rosa",1,barroso_rosa
201305,http://idearq.org/resource/article/201305,"González, Armando",3,gonzalez_armando
201305,http://idearq.org/resource/article/201305,"López Sáez, Jose Antonio",6,lopez_saez_jose_antonio
201305,http://idearq.org/resource/article/201305,"Bueno, Primitiva",2,bueno_primitiva
201305,http://idearq.org/resource/article/201305,"Rojas, Juan Manuel",5,rojas_juan_manuel
64508,http://idearq.org/resource/article/64508,"Fontanals-Coll, Maria",1,fontanals_coll_maria
64508,http://idearq.org/resource/article/64508,"Gibaja, Juan Francisco",5,gibaja_juan_francisco
64508,http://idearq.org/resource/article/64508,"Ruiz, Jordi",4,ruiz_jordi
64508,http://idearq.org/resource/article/64508,"Subirà, M. Eulàlia",2,subira_m_eulalia
64508,http://idearq.org/resource/article/64508,"Marín-Moratalla, Nekane",3,marin_moratalla_nekane
21433,http://idearq.org/resource/article/21433,"Obiol, Ramon Pérez",4,obiol_ramon_perez
21433,http://idearq.org/resource/article/21433,"Mazzucco, Niccolò",7,mazzucco_niccolo
21433,http://idearq.org/resource/article/21433,"Bal-Serin, Marie-Claude",6,bal_serin_marie_claude
21433,http://idearq.org/resource/article/21433,"Mañosa, Albert Pèlachs",3,manosa_albert_pelachs
21433,http://idearq.org/resource/article/21433,"Antón, David Rodríguez",2,anton_david_rodriguez
21433,http://idearq.org/resource/article/21433,"Ballbè, Ermengol Gassiot",1,ballbe_ermengol_gassiot
21433,http://idearq.org/resource/article/21433,"Brugués, Ramón Julià",5,brugues_ramon_julia
305011,http://idearq.org/resource/article/305011,"Peña-Chocarro, Leonor",3,pena_chocarro_leonor
305011,http://idearq.org/resource/article/305011,"Martínez Sánchez, Rafael María",1,martinez_sanchez_rafael_maria
305011,http://idearq.org/resource/article/305011,"Pérez Jordà, Guillem",2,perez_jorda_guillem
960117,http://idearq.org/resource/article/960117,Juan Carlos López Quintana,1,juan_carlos_lopez_quintana
960117,http://idearq.org/resource/article/960117,Amagoia Guenaga Lizasu,2,amagoia_guenaga_lizasu
959641,http://idearq.org/resource/article/959641,María del Pilar Utrilla Miranda,1,maria_del_pilar_utrilla_miranda
959641,http://idearq.org/resource/article/959641,Carlos Mazo Pérez,2,carlos_mazo_perez
959837,http://idearq.org/resource/article/959837,Pedro Angel Fernández-Vega,1,pedro_angel_fernandez_vega
959837,http://idearq.org/resource/article/959837,Lino Mantecón-Callejo,2,lino_mantecon_callejo
959837,http://idearq.org/resource/article/959837,Joaquín Callejo-Gómez,3,joaquin_callejo_gomez
959837,http://idearq.org/resource/article/959837,Rafael Bolado del Castillo,4,rafael_bolado_del_castillo
959726,http://idearq.org/resource/article/959726,Javier Luis Carrasco Rus,1,javier_luis_carrasco_rus
959726,http://idearq.org/resource/article/959726,Francisco Martínez Sevilla,2,francisco_martinez_sevilla
960493,http://idearq.org/resource/article/960493,Gustau Aguilella Arzo,1,gustau_aguilella_arzo
960493,http://idearq.org/resource/article/960493,Didac Roman Monroig,2,didac_roman_monroig
960493,http://idearq.org/resource/article/960493,Domingo Carlos Salazar García,3,domingo_carlos_salazar_garcia
960493,http://idearq.org/resource/article/960493,Gustau Aguilella Arzo,1,gustau_aguilella_arzo
960493,http://idearq.org/resource/article/960493,Didac Roman Monroig,2,didac_roman_monroig
960493,http://idearq.org/resource/article/960493,Domingo Carlos Salazar García,3,domingo_carlos_salazar_garcia
960448,http://idearq.org/resource/article/960448,Juliá Maroto i Genover,1,julia_maroto_i_genover
959983,http://idearq.org/resource/article/959983,Antonio Tarriño,1,antonio_tarrino
959983,http://idearq.org/resource/article/959983,Irantzu Elorrieta,2,irantzu_elorrieta
959983,http://idearq.org/resource/article/959983,Maite García-Rojas,3,maite_garcia_rojas
959983,http://idearq.org/resource/article/959983,Iñigo Orue,4,inigo_orue
959983,http://idearq.org/resource/article/959983,Aitor Sánchez,5,aitor_sanchez
960175,http://idearq.org/resource/article/960175,Sonia MACHAUSE LÓPEZ,1,sonia_machause_lopez
960175,http://idearq.org/resource/article/960175,Ángela PÉREZ FERNÁNDEZ,2,angela_perez_fernandez
960175,http://idearq.org/resource/article/960175,Paloma VIDAL MATUTANO,3,paloma_vidal_matutano
960175,http://idearq.org/resource/article/960175,Pere Alfred SANCHIS SERRA,4,pere_alfred_sanchis_serra
959459,http://idearq.org/resource/article/959459,Francisco Javier Jover Maestre,1,francisco_javier_jover_maestre
959459,http://idearq.org/resource/article/959459,Juan Antonio López Padilla,2,juan_antonio_lopez_padilla
959459,http://idearq.org/resource/article/959459,Gonzalo García-Donato Layrón,3,gonzalo_garcia_donato_layron
959773,http://idearq.org/resource/article/959773,Germán Delibes de Castro,1,german_delibes_de_castro
959773,http://idearq.org/resource/article/959773,Marcos García García,2,marcos_garcia_garcia
959773,http://idearq.org/resource/article/959773,Julio del Olmo Martín,3,julio_del_olmo_martin
959773,http://idearq.org/resource/article/959773,Jorge de Santiago Pardo,4,jorge_de_santiago_pardo
959992,http://idearq.org/resource/article/959992,Hector A. Orengo,1,hector_a_orengo
959992,http://idearq.org/resource/article/959992,Josep M. Palet,2,josep_m_palet
959992,http://idearq.org/resource/article/959992,Ana Ejarque,3,ana_ejarque
959992,http://idearq.org/resource/article/959992,Yannick Miras,4,yannick_miras
959992,http://idearq.org/resource/article/959992,Santiago Riera,5,santiago_riera
958673,http://idearq.org/resource/article/958673,Antonio Blanco González,1,antonio_blanco_gonzalez
959490,http://idearq.org/resource/book/959490,Raquel Aliaga Almela,1,raquel_aliaga_almela
958821,http://idearq.org/resource/article/958821,María del Pilar Utrilla Miranda,1,maria_del_pilar_utrilla_miranda
958821,http://idearq.org/resource/article/958821,Carlos Mazo Pérez,2,carlos_mazo_perez
958821,http://idearq.org/resource/article/958821,Rafael Domingo Martínez,3,rafael_domingo_martinez
958576,http://idearq.org/resource/article/958576,Gonzalo Aranda Jiménez,1,gonzalo_aranda_jimenez
958576,http://idearq.org/resource/article/958576,Agueda Lozano Medina,2,agueda_lozano_medina
960140,http://idearq.org/resource/article/960140,Katina T. Lillios,1,katina_t_lillios
960140,http://idearq.org/resource/article/960140,Joe Alan Artz,2,joe_alan_artz
960140,http://idearq.org/resource/article/960140,Anna J. Waterman,3,anna_j_waterman
960140,http://idearq.org/resource/article/960140,Jennifer Mack,4,jennifer_mack
960140,http://idearq.org/resource/article/960140,Jonathan T. Thomas,5,jonathan_t_thomas
960140,http://idearq.org/resource/article/960140,Leonel Trindade,6,leonel_trindade
960140,http://idearq.org/resource/article/960140,Isabel Luna,7,isabel_luna
958869,http://idearq.org/resource/article/958869,Rodrigo Villalobos García,1,rodrigo_villalobos_garcia
960462,http://idearq.org/resource/article/960462,Corina Liesau,1,corina_liesau
960462,http://idearq.org/resource/article/960462,Patricia Ríos,2,patricia_rios
960462,http://idearq.org/resource/article/960462,José Luis Gómez,3,jose_luis_gomez
960462,http://idearq.org/resource/article/960462,Raúl Flores,4,raul_flores
958801,http://idearq.org/resource/article/958801,Corina LIESAU VON LETTOW-VORBECK,1,corina_liesau_von_lettow_vorbeck
958801,http://idearq.org/resource/article/958801,Ángel ESPARZA ARROYO,2,angel_esparza_arroyo
958801,http://idearq.org/resource/article/958801,Alejandra SÁNCHEZ POLO,3,alejandra_sanchez_polo
958397,http://idearq.org/resource/article/958397,Elena García,10,elena_garcia
958397,http://idearq.org/resource/article/958397,Elena Garrido Fernández,11,elena_garrido_fernandez
958397,http://idearq.org/resource/article/958397,José Enrique Capilla Nicolás,12,jose_enrique_capilla_nicolas
958397,http://idearq.org/resource/article/958397,Eulogio Oyola Macías,13,eulogio_oyola_macias
958397,http://idearq.org/resource/article/958397,Marisa Giles Domínguez,14,marisa_giles_dominguez
958397,http://idearq.org/resource/article/958397,Cindy Castaños Ceballos,15,cindy_castanos_ceballos
958397,http://idearq.org/resource/article/958397,Rocío Montero,16,rocio_montero
958397,http://idearq.org/resource/article/958397,Samuel Pérez Romero,17,samuel_perez_romero
958397,http://idearq.org/resource/article/958397,David Manuel Duque Espino,18,david_manuel_duque_espino
958397,http://idearq.org/resource/article/958397,Hipólito Collado Giraldo,1,hipolito_collado_giraldo
958397,http://idearq.org/resource/article/958397,José Ramón Bello Rodrigo,2,jose_ramon_bello_rodrigo
958397,http://idearq.org/resource/article/958397,Isabel M. Domínguez García,3,isabel_m_dominguez_garcia
958397,http://idearq.org/resource/article/958397,Luis Felipe Nobre da Silva,4,luis_felipe_nobre_da_silva
958397,http://idearq.org/resource/article/958397,Lázaro Rodríguez Dorado,5,lazaro_rodriguez_dorado
958397,http://idearq.org/resource/article/958397,José Manuel Torrado Cárdeno,6,jose_manuel_torrado_cardeno
958397,http://idearq.org/resource/article/958397,Mónica Villalba de Alvarado,7,monica_villalba_de_alvarado
958397,http://idearq.org/resource/article/958397,Jairo González Márquez,8,jairo_gonzalez_marquez
958397,http://idearq.org/resource/article/958397,Angel Carmelo Domínguez García,9,angel_carmelo_dominguez_garcia
960124,http://idearq.org/resource/article/960124,Jorge de Oliveira,1,jorge_de_oliveira
960124,http://idearq.org/resource/article/960124,Clara Oliveira,2,clara_oliveira
533487,http://idearq.org/resource/article/533487,"Talamo, Sahra",10,talamo_sahra
533487,http://idearq.org/resource/article/533487,"Fullola, Josep María",11,fullola_josep_maria
533487,http://idearq.org/resource/article/533487,"Oms, Francesc Xavier",12,oms_francesc_xavier
533487,http://idearq.org/resource/article/533487,"Pedro, Mireia",13,pedro_mireia
533487,http://idearq.org/resource/article/533487,"Martínez, Pablo",14,martinez_pablo
533487,http://idearq.org/resource/article/533487,"Sanz, Montserrat",15,sanz_montserrat
533487,http://idearq.org/resource/article/533487,"Daura, Joan",16,daura_joan
533487,http://idearq.org/resource/article/533487,"Zilhão, João",17,zilhao_joao
533487,http://idearq.org/resource/article/533487,"Marquès-Bonet, Tomàs",18,marques_bonet_tomas
533487,http://idearq.org/resource/article/533487,"Gilbert, M. Thomas P.",19,gilbert_m_thomas_p
533487,http://idearq.org/resource/article/533487,"Olalde, Iñigo",1,olalde_inigo
533487,http://idearq.org/resource/article/533487,"Lalueza-Fox, Carles",20,lalueza_fox_carles
533487,http://idearq.org/resource/article/533487,"Schroeder, Hannes",2,schroeder_hannes
533487,http://idearq.org/resource/article/533487,"Sandoval-Velasco, Marcela",3,sandoval_velasco_marcela
533487,http://idearq.org/resource/article/533487,"Vinner, Lasse",4,vinner_lasse
533487,http://idearq.org/resource/article/533487,"Lobón, Irene",5,lobon_irene
533487,http://idearq.org/resource/article/533487,"Ramirez, Oscar",6,ramirez_oscar
533487,http://idearq.org/resource/article/533487,"Civit, Sergi",7,civit_sergi
533487,http://idearq.org/resource/article/533487,"Borja, Pablo García",8,borja_pablo_garcia
533487,http://idearq.org/resource/article/533487,"Salazar-García, Domingo C.",9,salazar_garcia_domingo_c
958607,http://idearq.org/resource/book/958607,Rui Boaventura,1,rui_boaventura
958607,http://idearq.org/resource/book/958607,Rui Mataloto,2,rui_mataloto
958607,http://idearq.org/resource/book/958607,Diana Nukushina,3,diana_nukushina
958607,http://idearq.org/resource/book/958607,Carl Harpsöe,4,carl_harpsoe
958607,http://idearq.org/resource/book/958607,Peter Harpsöe,5,peter_harpsoe
958587,http://idearq.org/resource/article/958587,Emma M. Svensson,10,emma_m_svensson
958587,http://idearq.org/resource/article/958587,José María Bermúdez de Castro,11,jose_maria_bermudez_de_castro
958587,http://idearq.org/resource/article/958587,Eudald Carbonell,12,eudald_carbonell
958587,http://idearq.org/resource/article/958587,Michael Dunn,13,michael_dunn
958587,http://idearq.org/resource/article/958587,Jan Storå,14,jan_stora
958587,http://idearq.org/resource/article/958587,Eneko Iriarte,15,eneko_iriarte
958587,http://idearq.org/resource/article/958587,Juan Luis Arsuaga,16,juan_luis_arsuaga
958587,http://idearq.org/resource/article/958587,José-Miguel Carretero,17,jose_miguel_carretero
958587,http://idearq.org/resource/article/958587,Anders Götherström,18,anders_gotherstrom
958587,http://idearq.org/resource/article/958587,Mattias Jakobsson,19,mattias_jakobsson
958587,http://idearq.org/resource/article/958587,Torsten Günther,1,torsten_gunther
958587,http://idearq.org/resource/article/958587,Cristina Valdiosera,2,cristina_valdiosera
958587,http://idearq.org/resource/article/958587,Helena Malmström,3,helena_malmstrom
958587,http://idearq.org/resource/article/958587,Irene Ureña,4,irene_urena
958587,http://idearq.org/resource/article/958587,Ricardo Rodriguez-Varela,5,ricardo_rodriguez_varela
958587,http://idearq.org/resource/article/958587,Óddny Osk Sverrisdóttir,6,oddny_osk_sverrisdottir
958587,http://idearq.org/resource/article/958587,Evangelia A. Daskalaki,7,evangelia_a_daskalaki
958587,http://idearq.org/resource/article/958587,Pontus Skoglund,8,pontus_skoglund
958587,http://idearq.org/resource/article/958587,Thijessen Naidoo,9,thijessen_naidoo
958570,http://idearq.org/resource/article/958570,Xabier Murelaga,10,xabier_murelaga
958570,http://idearq.org/resource/article/958570,Juan Rofes,1,juan_rofes
958570,http://idearq.org/resource/article/958570,Naroa Garcia-Ibaibarriaga,2,naroa_garcia_ibaibarriaga
958570,http://idearq.org/resource/article/958570,Mikel Aguirre,3,mikel_aguirre
958570,http://idearq.org/resource/article/958570,Blanca Martínez-García,4,blanca_martinez_garcia
958570,http://idearq.org/resource/article/958570,Luis Ortega,5,luis_ortega
958570,http://idearq.org/resource/article/958570,María Cruz Zuluaga,6,maria_cruz_zuluaga
958570,http://idearq.org/resource/article/958570,Salvador Bailon,7,salvador_bailon
958570,http://idearq.org/resource/article/958570,Ainhoa Alonso-Olazabal,8,ainhoa_alonso_olazabal
958570,http://idearq.org/resource/article/958570,Jone Castaños,9,jone_castanos
960229,http://idearq.org/resource/article/960229,Lourdes Montes Ramírez,1,lourdes_montes_ramirez
960229,http://idearq.org/resource/article/960229,Rafael Domingo Martínez,2,rafael_domingo_martinez
960229,http://idearq.org/resource/article/960229,José Antonio Cuchí Oterino,3,jose_antonio_cuchi_oterino
960229,http://idearq.org/resource/article/960229,Marta Alcolea,4,marta_alcolea
960229,http://idearq.org/resource/article/960229,Cristina Sola,5,cristina_sola
533555,http://idearq.org/resource/document/533555,Rafel Rosillo,10,rafel_rosillo
533555,http://idearq.org/resource/document/533555,Xavier Terradas,1,xavier_terradas
533555,http://idearq.org/resource/document/533555,Raquel Piqué,2,raquel_pique
533555,http://idearq.org/resource/document/533555,Antoni Palomo,3,antoni_palomo
533555,http://idearq.org/resource/document/533555,Àngel Bosch,4,angel_bosch
533555,http://idearq.org/resource/document/533555,Ramon Buxó,5,ramon_buxo
533555,http://idearq.org/resource/document/533555,Júlia Chinchilla,6,julia_chinchilla
533555,http://idearq.org/resource/document/533555,Maria Saña,7,maria_sana
533555,http://idearq.org/resource/document/533555,Josep Tarrús,8,josep_tarrus
533555,http://idearq.org/resource/document/533555,Igor Bogdanovic,9,igor_bogdanovic
85022,http://idearq.org/resource/article/85022,"Armada, Xosé-Lois",1,armada_xose_lois
85022,http://idearq.org/resource/article/85022,"García-Vuelta, Óscar",2,garcia_vuelta_oscar
958684,http://idearq.org/resource/book/958684,Katina T. Lillios,1,katina_t_lillios
958684,http://idearq.org/resource/book/958684,Anna J. Waterman,2,anna_j_waterman
958684,http://idearq.org/resource/book/958684,Jennifer Mack,3,jennifer_mack
958684,http://idearq.org/resource/book/958684,Joe Alan Artz,4,joe_alan_artz
959872,http://idearq.org/resource/article/959872,Daniel GARCÍA RIVERO,1,daniel_garcia_rivero
959872,http://idearq.org/resource/article/959872,José Luis ESCACENA CARRASCO,2,jose_luis_escacena_carrasco
960119,http://idearq.org/resource/article/960119,Olalla López-Costas,1,olalla_lopez_costas
960119,http://idearq.org/resource/article/960119,Gundula Müldner,2,gundula_muldner
960119,http://idearq.org/resource/article/960119,Antonio Martínez Cortizas,3,antonio_martinez_cortizas
960086,http://idearq.org/resource/article/960086,José Antonio Linares Catela,1,jose_antonio_linares_catela
960086,http://idearq.org/resource/article/960086,Coronada Mora Molina,2,coronada_mora_molina
304058,http://idearq.org/resource/article/304058,"Carrasco García, Pedro",3,carrasco_garcia_pedro
304058,http://idearq.org/resource/article/304058,"Güimil-Fariña, Alejandro",5,guimil_farina_alejandro
304058,http://idearq.org/resource/article/304058,"Mañana-Borrazás, Patricia",6,manana_borrazas_patricia
304058,http://idearq.org/resource/article/304058,"Alonso Troncoso, Víctor",2,alonso_troncoso_victor
304058,http://idearq.org/resource/article/304058,"Armada, Xosé Lois",1,armada_xose_lois
304058,http://idearq.org/resource/article/304058,"Costa-Casais, Manuela",4,costa_casais_manuela
304058,http://idearq.org/resource/article/304058,"Otero-Vilariño, Carlos",7,otero_vilarino_carlos
959695,http://idearq.org/resource/article/959695,Juan Antonio Cámara Serrano,1,juan_antonio_camara_serrano
959695,http://idearq.org/resource/article/959695,Fernando Ricardo Molina González,2,fernando_ricardo_molina_gonzalez
958684,http://idearq.org/resource/book/958684,Katina T. Lillios,1,katina_t_lillios
958684,http://idearq.org/resource/book/958684,Anna J. Waterman,2,anna_j_waterman
958684,http://idearq.org/resource/book/958684,Jennifer Mack,3,jennifer_mack
958684,http://idearq.org/resource/book/958684,Joe Alan Artz,4,joe_alan_artz
958536,http://idearq.org/resource/article/958536,Cristina Vega Maeso,1,cristina_vega_maeso
960301,http://idearq.org/resource/article/960301,Diego PIAY AUGUSTO,1,diego_piay_augusto
960301,http://idearq.org/resource/article/960301,Juan A. CANO PAN,2,juan_a_cano_pan
960301,http://idearq.org/resource/article/960301,Juan NAVEIRO LÓPEZ,3,juan_naveiro_lopez
958831,http://idearq.org/resource/article/958831,Susana Consuegra Rodríguez,1,susana_consuegra_rodriguez
958831,http://idearq.org/resource/article/958831,Pedro Díaz del Río Español,2,pedro_diaz_del_rio_espanol
958877,http://idearq.org/resource/article/958877,Salvador Pardo Gordó,1,salvador_pardo_gordo
960118,http://idearq.org/resource/book/960118,Juan Carlos López Quintana,1,juan_carlos_lopez_quintana
960118,http://idearq.org/resource/book/960118,Amagoia Guenaga Lizasu,2,amagoia_guenaga_lizasu
960118,http://idearq.org/resource/book/960118,Salvador Domínguez Bella,3,salvador_dominguez_bella
960118,http://idearq.org/resource/book/960118,Antonio Tarriño Vinagre,4,antonio_tarrino_vinagre
85071,http://idearq.org/resource/article/85071,"Cortés, Francisco Contreras",3,cortes_francisco_contreras
85071,http://idearq.org/resource/article/85071,"Fernández, Juan Jesús Padilla",5,fernandez_juan_jesus_padilla
85071,http://idearq.org/resource/article/85071,"García, Eva Alarcón",2,garcia_eva_alarcon
85071,http://idearq.org/resource/article/85071,"Martínez, Luis Arboledas",1,martinez_luis_arboledas
85071,http://idearq.org/resource/article/85071,"González, Adrián Mora",6,gonzalez_adrian_mora
85071,http://idearq.org/resource/article/85071,"Onorato, Auxilio Moreno",4,onorato_auxilio_moreno
958605,http://idearq.org/resource/article/958605,Rafael Rosillo,1,rafael_rosillo
958605,http://idearq.org/resource/article/958605,Antoni Palomo,2,antoni_palomo
958605,http://idearq.org/resource/article/958605,Josep Tarrús i Galter,3,josep_tarrus_i_galter
958605,http://idearq.org/resource/article/958605,Angel Bosch Lloret,4,angel_bosch_lloret
37821,http://idearq.org/resource/article/37821,"Allièse, Florence",4,alliese_florence
37821,http://idearq.org/resource/article/37821,"Bravo, Pilar",1,bravo_pilar
37821,http://idearq.org/resource/article/37821,"Subirà, Maria Eulàlia",3,subira_maria_eulalia
37821,http://idearq.org/resource/article/37821,"Agulló, Lidia",8,agullo_lidia
37821,http://idearq.org/resource/article/37821,"Hinojo, Emiliano",2,hinojo_emiliano
37821,http://idearq.org/resource/article/37821,"Remolins, Gerard",10,remolins_gerard
37821,http://idearq.org/resource/article/37821,"Gibaja, Juan F.",11,gibaja_juan_f
37821,http://idearq.org/resource/article/37821,"Masclans, Alba",5,masclans_alba
37821,http://idearq.org/resource/article/37821,"Santana, Jonathan",6,santana_jonathan
37821,http://idearq.org/resource/article/37821,"Gómez-Martínez, Isabel",9,gomez_martinez_isabel
37821,http://idearq.org/resource/article/37821,"Santos, Francisco Javier",7,santos_francisco_javier
958742,http://idearq.org/resource/article/958742,Inés L. López-Dóriga,1,ines_l_lopez_doriga
958742,http://idearq.org/resource/article/958742,Teresa Simoes,2,teresa_simoes
303968,http://idearq.org/resource/article/303968,"García Heras, Manuel",2,garcia_heras_manuel
303968,http://idearq.org/resource/article/303968,"De Sabarte, Judit López De Heredia Martínez",1,de_sabarte_judit_lopez_de_heredia_martinez
960504,http://idearq.org/resource/book/960504,Carlos Tavares da Silva,1,carlos_tavares_da_silva
960504,http://idearq.org/resource/book/960504,Joaquina Soares,2,joaquina_soares
959802,http://idearq.org/resource/article/959802,Ángel Esparza Arroyo,1,angel_esparza_arroyo
959802,http://idearq.org/resource/article/959802,Javier Velasco Vázquez,2,javier_velasco_vazquez
959802,http://idearq.org/resource/article/959802,Germán Delibes de Castro,3,german_delibes_de_castro
959480,http://idearq.org/resource/article/959480,María Aguilera Aguilar,1,maria_aguilera_aguilar
959480,http://idearq.org/resource/article/959480,María Ángeles Medina Alcaide,2,maria_angeles_medina_alcaide
959480,http://idearq.org/resource/article/959480,Antonio Romero Alonso,3,antonio_romero_alonso
959894,http://idearq.org/resource/book/959894,Victor S. Gonçalves,1,victor_s_goncalves
959894,http://idearq.org/resource/book/959894,Ana Catarina Sousa,2,ana_catarina_sousa
959633,http://idearq.org/resource/article/959633,"Urquijo, Catalina, Urbina Martínez, Dionisio",1,urquijo_catalina_urbina_martinez_dionisio
960299,http://idearq.org/resource/article/960299,Alberto Pérez Villa,1,alberto_perez_villa
960093,http://idearq.org/resource/book/960093,Vicente Lull,1,vicente_lull
960093,http://idearq.org/resource/book/960093,Rafael Micó Pérez,2,rafael_mico_perez
960093,http://idearq.org/resource/book/960093,Cristina Rihuete Herrada,3,cristina_rihuete_herrada
960093,http://idearq.org/resource/book/960093,Robert Risch,4,robert_risch
303943,http://idearq.org/resource/article/303943,"Morgado Rodríguez, Antonio",1,morgado_rodriguez_antonio
303943,http://idearq.org/resource/article/303943,"Martínez Sánchez, Rafael María",2,martinez_sanchez_rafael_maria
303943,http://idearq.org/resource/article/303943,"Carmona Ávila, Rafael",3,carmona_avila_rafael
37818,http://idearq.org/resource/article/37818,"Santos, F. Javier",4,santos_f_javier
37818,http://idearq.org/resource/article/37818,"De Pablo, Javier Fernández-López",8,de_pablo_javier_fernandez_lopez
37818,http://idearq.org/resource/article/37818,"Allièse, Florence",7,alliese_florence
37818,http://idearq.org/resource/article/37818,"Agulló, Lidia",5,agullo_lidia
37818,http://idearq.org/resource/article/37818,"Subirà, M. Eulàlia",2,subira_m_eulalia
37818,http://idearq.org/resource/article/37818,"Gibaja, Juan F.",1,gibaja_juan_f
37818,http://idearq.org/resource/article/37818,"Terradas, Xavier",3,terradas_xavier
37818,http://idearq.org/resource/article/37818,"Gómez-Martínez, Isabel",6,gomez_martinez_isabel
958704,http://idearq.org/resource/article/958704,Mário Varela Gomes,1,mario_varela_gomes
958704,http://idearq.org/resource/article/958704,Joana Rocha Gonçalves,2,joana_rocha_goncalves
958372,http://idearq.org/resource/article/958372,Jesús Celis Sánchez,1,jesus_celis_sanchez
958372,http://idearq.org/resource/article/958372,Fernando A. Muñoz Villarejo,2,fernando_a_munoz_villarejo
960174,http://idearq.org/resource/article/960174,John Meadows,1,john_meadows
960174,http://idearq.org/resource/article/960174,Matthias Hüls,2,matthias_huls
960174,http://idearq.org/resource/article/960174,Ralph Schneider,3,ralph_schneider
958700,http://idearq.org/resource/article/958700,Nelson Almeida,1,nelson_almeida
958700,http://idearq.org/resource/article/958700,Palmira Saladié i Ballesté,2,palmira_saladie_i_balleste
958700,http://idearq.org/resource/article/958700,Luiz Oosterbeek,3,luiz_oosterbeek
84984,http://idearq.org/resource/article/84984,"García-Gazólaz, Jesús",3,garcia_gazolaz_jesus
84984,http://idearq.org/resource/article/84984,"Gibaja-Bao, Juan Francisco",5,gibaja_bao_juan_francisco
84984,http://idearq.org/resource/article/84984,"Sesma-Sesma, Jesús",9,sesma_sesma_jesus
84984,http://idearq.org/resource/article/84984,"Carrancho-Alonso, Ángel",11,carrancho_alonso_angel
84984,http://idearq.org/resource/article/84984,"Rojo-Guerra, Manuel A.",13,rojo_guerra_manuel_a
84984,http://idearq.org/resource/article/84984,"Garrido-Pena, Rafael",10,garrido_pena_rafael
84984,http://idearq.org/resource/article/84984,"Ruiz-Alonso, Mónica",8,ruiz_alonso_monica
84984,http://idearq.org/resource/article/84984,"de Lagrán, Iñigo García-Martínez",1,de_lagran_inigo_garcia_martinez
84984,http://idearq.org/resource/article/84984,"Peña-Chocarro, Leonor",12,pena_chocarro_leonor
84984,http://idearq.org/resource/article/84984,"Tejedor-Rodríguez, Cristina",4,tejedor_rodriguez_cristina
84984,http://idearq.org/resource/article/84984,"Iriarte, Eneko",2,iriarte_eneko
84984,http://idearq.org/resource/article/84984,"Moreno-García, Marta",6,moreno_garcia_marta
84984,http://idearq.org/resource/article/84984,"Pérez-Jordà, Guillem",7,perez_jorda_guillem
412688,http://idearq.org/resource/article/412688,"Navitainuck, Denise",10,navitainuck_denise
412688,http://idearq.org/resource/article/412688,"Knipper, Corina",4,knipper_corina
412688,http://idearq.org/resource/article/412688,"Roth, Christina",6,roth_christina
412688,http://idearq.org/resource/article/412688,"Held, Petra",8,held_petra
412688,http://idearq.org/resource/article/412688,"Alt, Kurt W.",1,alt_kurt_w
412688,http://idearq.org/resource/article/412688,"García-Martínez-De-Lagrán, Íñigo",9,garcia_martinez_de_lagran_inigo
412688,http://idearq.org/resource/article/412688,"Garrido-Pena, Rafael",3,garrido_pena_rafael
412688,http://idearq.org/resource/article/412688,"Zesch, Stephanie",2,zesch_stephanie
412688,http://idearq.org/resource/article/412688,"Szécsényi-Nagy, Anna",5,szecsenyi_nagy_anna
412688,http://idearq.org/resource/article/412688,"Magallón, Héctor Arcusa",11,magallon_hector_arcusa
412688,http://idearq.org/resource/article/412688,"Tejedor-Rodríguez, Cristina",7,tejedor_rodriguez_cristina
412688,http://idearq.org/resource/article/412688,"Rojo-Guerra, Manuel A.",12,rojo_guerra_manuel_a
960460,http://idearq.org/resource/article/960460,João Pedro Tereso,1,joao_pedro_tereso
960460,http://idearq.org/resource/article/960460,Ana M.S. Bettencourt,2,ana_m_s_bettencourt
960460,http://idearq.org/resource/article/960460,Pablo Ramil-Rego,3,pablo_ramil_rego
960460,http://idearq.org/resource/article/960460,Andrés Teira-Brión,4,andres_teira_brion
960460,http://idearq.org/resource/article/960460,Inés López-Dóriga,5,ines_lopez_doriga
960460,http://idearq.org/resource/article/960460,António Lima,6,antonio_lima
960460,http://idearq.org/resource/article/960460,Rubim Almeida,7,rubim_almeida
799167,http://idearq.org/resource/article/799167,"Valenzuela-Lamas, S.",1,valenzuela_lamas_s
799167,http://idearq.org/resource/article/799167,"Jiménez-Manchón, S.",2,jimenez_manchon_s
799167,http://idearq.org/resource/article/799167,"Evans, J.",3,evans_j
799167,http://idearq.org/resource/article/799167,"López, D.",4,lopez_d
799167,http://idearq.org/resource/article/799167,"Jornet, R.",5,jornet_r
799167,http://idearq.org/resource/article/799167,"Albarella, U.",6,albarella_u
481709,http://idearq.org/resource/book/481709,"Bosqued, Concepción Blasco",1,bosqued_concepcion_blasco
481709,http://idearq.org/resource/book/481709,"Fernández, Raúl Flores",3,fernandez_raul_flores
481709,http://idearq.org/resource/book/481709,"Montero, Ignacio",2,montero_ignacio
958874,http://idearq.org/resource/article/958874,Mauro S. Hernández Pérez,1,mauro_s_hernandez_perez
958874,http://idearq.org/resource/article/958874,Gabriel García Atienzar,2,gabriel_garcia_atienzar
958874,http://idearq.org/resource/article/958874,Virginia Barciela González,3,virginia_barciela_gonzalez
535815,http://idearq.org/resource/document/535815,"Clemente Conte, I.",1,clemente_conte_i
535815,http://idearq.org/resource/document/535815,"Gassiot Ballbè, E.",2,gassiot_ballbe_e
535815,http://idearq.org/resource/document/535815,"Rey Lanaspa, J.",3,rey_lanaspa_j
535815,http://idearq.org/resource/document/535815,"Antolín, F.",4,antolin_f
535815,http://idearq.org/resource/document/535815,"Viñerta Crespo, A. y Saña Segui, M. Obea Gómez, L.",5,vinerta_crespo_a_y_sana_segui_m_obea_gomez_l
535815,http://idearq.org/resource/document/535815,"Rodríguez Antón, D.",6,rodriguez_anton_d
164205,http://idearq.org/resource/article/164205,"Obea Gómez, Laura",5,obea_gomez_laura
164205,http://idearq.org/resource/article/164205,"Rodríguez Antón, David",1,rodriguez_anton_david
164205,http://idearq.org/resource/article/164205,"Mazzucco, Niccoló",3,mazzucco_niccolo
164205,http://idearq.org/resource/article/164205,"Garcia Casas, David",6,garcia_casas_david
164205,http://idearq.org/resource/article/164205,"Gassiot Balbè, Ermengol",2,gassiot_balbe_ermengol
164205,http://idearq.org/resource/article/164205,"Clemente Conte, Ignacio",4,clemente_conte_ignacio
958641,http://idearq.org/resource/article/958641,Carlos P. Odriozola,1,carlos_p_odriozola
958641,http://idearq.org/resource/article/958641,Rodrigo Villalobos García,2,rodrigo_villalobos_garcia
958641,http://idearq.org/resource/article/958641,Christopher I. Burbidge,3,christopher_i_burbidge
958641,http://idearq.org/resource/article/958641,Rui Boaventura,4,rui_boaventura
958641,http://idearq.org/resource/article/958641,Ana C. Sousa,5,ana_c_sousa
958641,http://idearq.org/resource/article/958641,Oliva Rodriguez-Ariza,6,oliva_rodriguez_ariza
958641,http://idearq.org/resource/article/958641,Rubén Parrilla-Giraldez,7,ruben_parrilla_giraldez
958641,http://idearq.org/resource/article/958641,M. Isabel Prudênçio,8,m_isabel_prudencio
958641,http://idearq.org/resource/article/958641,María Isabel Dias,9,maria_isabel_dias
960445,http://idearq.org/resource/article/960445,Domingo C Salazar-García,1,domingo_c_salazar_garcia
960445,http://idearq.org/resource/article/960445,Oreto García-Puchol,2,oreto_garcia_puchol
960445,http://idearq.org/resource/article/960445,María Paz de Miguel-Ibáñez,3,maria_paz_de_miguel_ibanez
960445,http://idearq.org/resource/article/960445,Sahra Talamo,4,sahra_talamo
959635,http://idearq.org/resource/article/959635,P. Utrilla,1,p_utrilla
959635,http://idearq.org/resource/article/959635,Abel Berdejo Arceiz,2,abel_berdejo_arceiz
959635,http://idearq.org/resource/article/959635,Alberto Obón Zúñiga,3,alberto_obon_zuniga
959635,http://idearq.org/resource/article/959635,R. Domingo,4,r_domingo
959635,http://idearq.org/resource/article/959635,M.O. Alcolea López,5,m_o_alcolea_lopez
958870,http://idearq.org/resource/article/958870,Verónica Balsera Nieto,1,veronica_balsera_nieto
958870,http://idearq.org/resource/article/958870,Pedro Díaz del Río Español,2,pedro_diaz_del_rio_espanol
958870,http://idearq.org/resource/article/958870,Marta Díaz Zorita,3,marta_diaz_zorita
958870,http://idearq.org/resource/article/958870,Herve Bocherens,4,herve_bocherens
958870,http://idearq.org/resource/article/958870,Anna J. Waterman,5,anna_j_waterman
958870,http://idearq.org/resource/article/958870,Jonathan Thomas,6,jonathan_thomas
958870,http://idearq.org/resource/article/958870,David Peate,7,david_peate
958870,http://idearq.org/resource/article/958870,María Isabel Martínez Navarrete,8,maria_isabel_martinez_navarrete
958561,http://idearq.org/resource/article/958561,Francisco Javier Jover Maestre,1,francisco_javier_jover_maestre
958561,http://idearq.org/resource/article/958561,Alberto Lorrio Alvarado,2,alberto_lorrio_alvarado
958561,http://idearq.org/resource/article/958561,María De los Ángeles Díaz Tena,3,maria_de_los_angeles_diaz_tena
194118,http://idearq.org/resource/article/194118,"Orue-Beltran De Heredia, Iñigo",7,orue_beltran_de_heredia_inigo
194118,http://idearq.org/resource/article/194118,"Pérez-Díaz, Sebastián",8,perez_diaz_sebastian
194118,http://idearq.org/resource/article/194118,"Edeso-Fito, José Miguel",4,edeso_fito_jose_miguel
194118,http://idearq.org/resource/article/194118,"Goikoetxea-Zabaleta, Idoia",5,goikoetxea_zabaleta_idoia
194118,http://idearq.org/resource/article/194118,"Ruiz-Alonso, Mónica",9,ruiz_alonso_monica
194118,http://idearq.org/resource/article/194118,"Agirre-García, Jaione",2,agirre_garcia_jaione
194118,http://idearq.org/resource/article/194118,"Zaldua-Etxabe, Luis",10,zaldua_etxabe_luis
194118,http://idearq.org/resource/article/194118,"Arévalo-Muñoz, Erik",3,arevalo_munoz_erik
194118,http://idearq.org/resource/article/194118,"Lopetegi-Galarraga, Ane",6,lopetegi_galarraga_ane
194118,http://idearq.org/resource/article/194118,"Mujika-Alustiza, José Antonio",1,mujika_alustiza_jose_antonio
960123,http://idearq.org/resource/article/960123,Pablo Vázquez Liz,1,pablo_vazquez_liz
960123,http://idearq.org/resource/article/960123,M. Pilar Prieto Martínez,2,m_pilar_prieto_martinez
960087,http://idearq.org/resource/article/960087,Dirce Marzoli,1,dirce_marzoli
960087,http://idearq.org/resource/article/960087,Arun Banerjee Banerjee,2,arun_banerjee_banerjee
960087,http://idearq.org/resource/article/960087,Vicente Marcos Sánchez Sánchez-Moreno,3,vicente_marcos_sanchez_sanchez_moreno
960087,http://idearq.org/resource/article/960087,Lorenzo Galindo San José,4,lorenzo_galindo_san_jose
536010,http://idearq.org/resource/document/536010,Angel Luis Palomino Lázaro,10,angel_luis_palomino_lazaro
536010,http://idearq.org/resource/document/536010,Irene Jiménez Jiménez,11,irene_jimenez_jimenez
536010,http://idearq.org/resource/document/536010,Eduardo Arroyo Pardo,12,eduardo_arroyo_pardo
536010,http://idearq.org/resource/document/536010,Héctor Arcusa Magallón,13,hector_arcusa_magallon
536010,http://idearq.org/resource/document/536010,Manuel A. Rojo Guerra,1,manuel_a_rojo_guerra
536010,http://idearq.org/resource/document/536010,Íñigo García Martínez de Lagrán,2,inigo_garcia_martinez_de_lagran
536010,http://idearq.org/resource/document/536010,Rafael Garrido Pena,3,rafael_garrido_pena
536010,http://idearq.org/resource/document/536010,Cristina Tejedor Rodríguez,4,cristina_tejedor_rodriguez
536010,http://idearq.org/resource/document/536010,Eulàlia Subirà de Galdácano,5,eulalia_subira_de_galdacano
536010,http://idearq.org/resource/document/536010,Jesús García Gazólaz,6,jesus_garcia_gazolaz
536010,http://idearq.org/resource/document/536010,Jesús Sesma Sesma,7,jesus_sesma_sesma
536010,http://idearq.org/resource/document/536010,Juan Francisco Gibaja,8,juan_francisco_gibaja
536010,http://idearq.org/resource/document/536010,Mercedes Unzu,9,mercedes_unzu
958774,http://idearq.org/resource/article/958774,José María Rodanés Vicente,1,jose_maria_rodanes_vicente
958774,http://idearq.org/resource/article/958774,J.I Lorenzo,2,j_i_lorenzo
958774,http://idearq.org/resource/article/958774,Paloma Aranda Contamina,3,paloma_aranda_contamina
959937,http://idearq.org/resource/article/959937,Adriana Soto,1,adriana_soto
959937,http://idearq.org/resource/article/959937,Alfonso Alday,2,alfonso_alday
959937,http://idearq.org/resource/article/959937,Xavier Mangado,3,xavier_mangado
959937,http://idearq.org/resource/article/959937,Lourdes Montes,4,lourdes_montes
959963,http://idearq.org/resource/article/959963,Javier FERNÁNDEZ-ERASO,1,javier_fernandez_eraso
959963,http://idearq.org/resource/article/959963,Erik AREVALO-MUÑOZ,2,erik_arevalo_munoz
959963,http://idearq.org/resource/article/959963,Cristina CAMARERO ARRIBAS,3,cristina_camarero_arribas
959963,http://idearq.org/resource/article/959963,Marcos GARCÍA-DIEZ,4,marcos_garcia_diez
959963,http://idearq.org/resource/article/959963,Blanca OCHOA FRAILE,5,blanca_ochoa_fraile
959963,http://idearq.org/resource/article/959963,José Antonio MUJIKA-ALUSTIZA,6,jose_antonio_mujika_alustiza
959985,http://idearq.org/resource/article/959985,A. Pérez-Romero,1,a_perez_romero
959985,http://idearq.org/resource/article/959985,A. Alday,2,a_alday
959985,http://idearq.org/resource/article/959985,E. Iriarte,3,e_iriarte
959985,http://idearq.org/resource/article/959985,M. Francés-Negro,4,m_frances_negro
959985,http://idearq.org/resource/article/959985,M.A. Galindo-Pellicena,5,m_a_galindo_pellicena
959985,http://idearq.org/resource/article/959985,A. Álvarez-Fernández,6,a_alvarez_fernandez
959985,http://idearq.org/resource/article/959985,L. Juez,7,l_juez
959985,http://idearq.org/resource/article/959985,J.L. Arsuaga,8,j_l_arsuaga
959985,http://idearq.org/resource/article/959985,J.M. Carretero,9,j_m_carretero
960148,http://idearq.org/resource/article/960148,José Luis López Castro,1,jose_luis_lopez_castro
960148,http://idearq.org/resource/article/960148,Ahmed Ferjaoui,2,ahmed_ferjaoui
960148,http://idearq.org/resource/article/960148,Alfredo Mederos Martín,3,alfredo_mederos_martin
960148,http://idearq.org/resource/article/960148,Víctor Martínez Hahnmu?ller,4,victor_martinez_hahnmu_ller
960148,http://idearq.org/resource/article/960148,Imed Ben Jerbania,5,imed_ben_jerbania
960272,http://idearq.org/resource/article/960272,Francesc Xavier Oms,1,francesc_xavier_oms
536770,http://idearq.org/resource/document/536770,Adrián Mora-González,10,adrian_mora_gonzalez
536770,http://idearq.org/resource/document/536770,Alasdair Whittle,11,alasdair_whittle
536770,http://idearq.org/resource/document/536770,Alex Bayliss,1,alex_bayliss
536770,http://idearq.org/resource/document/536770,Nancy Beavan,2,nancy_beavan
536770,http://idearq.org/resource/document/536770,Christopher Bronk Ramsey,3,christopher_bronk_ramsey
536770,http://idearq.org/resource/document/536770,Antonio Delgado-Huertas,4,antonio_delgado_huertas
536770,http://idearq.org/resource/document/536770,Marta Díaz-Zorita Bonilla,5,marta_diaz_zorita_bonilla
536770,http://idearq.org/resource/document/536770,Elaine Dunbar,6,elaine_dunbar
536770,http://idearq.org/resource/document/536770,Álvaro Fernández Flores,7,alvaro_fernandez_flores
536770,http://idearq.org/resource/document/536770,Leonardo García Sanjuán,8,leonardo_garcia_sanjuan
536770,http://idearq.org/resource/document/536770,Derek Hamilton,9,derek_hamilton
929380,http://idearq.org/resource/article/929380,Peter Smith,1,peter_smith
929380,http://idearq.org/resource/article/929380,Jesús Ruiz-Cobo,2,jesus_ruiz_cobo
929380,http://idearq.org/resource/article/929380,Anabel Sanz,3,anabel_sanz
929380,http://idearq.org/resource/article/929380,Lourdes Herrasti,4,lourdes_herrasti
929380,http://idearq.org/resource/article/929380,Ignacio Castanedo-Tapia,5,ignacio_castanedo_tapia
929380,http://idearq.org/resource/article/929380,Juan Corrin,6,juan_corrin
958407,http://idearq.org/resource/article/958407,Didac Roman,1,didac_roman
958407,http://idearq.org/resource/article/958407,Jordi Nadal,2,jordi_nadal
958407,http://idearq.org/resource/article/958407,Inés Domingo,3,ines_domingo
958407,http://idearq.org/resource/article/958407,Pilar García-Argüelles,4,pilar_garcia_arguelles
958407,http://idearq.org/resource/article/958407,Lluís Lloveras,5,lluis_lloveras
958407,http://idearq.org/resource/article/958407,Josep Maria Fullola,6,josep_maria_fullola
960089,http://idearq.org/resource/article/960089,Lourdes Montes,1,lourdes_montes
960089,http://idearq.org/resource/article/960089,Manuel Bea,2,manuel_bea
960089,http://idearq.org/resource/article/960089,Rafael Domingo,3,rafael_domingo
960089,http://idearq.org/resource/article/960089,Pilar Sánchez,4,pilar_sanchez
960089,http://idearq.org/resource/article/960089,Marta Alcolea,5,marta_alcolea
960089,http://idearq.org/resource/article/960089,María Sebastián,6,maria_sebastian
958626,http://idearq.org/resource/book/958626,Juan Antonio Cámara Serrano,1,juan_antonio_camara_serrano
106147,http://idearq.org/resource/article/106147,"García-Simón, Luis M.",7,garcia_simon_luis_m
106147,http://idearq.org/resource/article/106147,"Sebastián, María",4,sebastian_maria
106147,http://idearq.org/resource/article/106147,"Domingo, Rafael",2,domingo_rafael
106147,http://idearq.org/resource/article/106147,"Laborda, Rafael",9,laborda_rafael
106147,http://idearq.org/resource/article/106147,"González-Sampériz, Penélope",3,gonzalez_samperiz_penelope
106147,http://idearq.org/resource/article/106147,"Castaños, Pedro",6,castanos_pedro
106147,http://idearq.org/resource/article/106147,"Montes, Lourdes",1,montes_lourdes
106147,http://idearq.org/resource/article/106147,"Aranbarri, Josu",5,aranbarri_josu
106147,http://idearq.org/resource/article/106147,"Alcolea, Marta",8,alcolea_marta
958590,http://idearq.org/resource/article/958590,António M Monge Soares,1,antonio_m_monge_soares
958590,http://idearq.org/resource/article/958590,Igor Gutiérrez-Zugasti,2,igor_gutierrez_zugasti
958590,http://idearq.org/resource/article/958590,Manuel González-Morales,3,manuel_gonzalez_morales
958590,http://idearq.org/resource/article/958590,José M Matos Martins,4,jose_m_matos_martins
958590,http://idearq.org/resource/article/958590,David Cuenca-Solana,5,david_cuenca_solana
958590,http://idearq.org/resource/article/958590,Geoffrey N Bailey,6,geoffrey_n_bailey
959984,http://idearq.org/resource/article/959984,Javier Velasco-Vázquez,1,javier_velasco_vazquez
959984,http://idearq.org/resource/article/959984,Ángel Esparza-Arroyo,2,angel_esparza_arroyo
958370,http://idearq.org/resource/article/958370,Ángel Esparza Arroyo,1,angel_esparza_arroyo
958370,http://idearq.org/resource/article/958370,Javier Velasco Vázquez,2,javier_velasco_vazquez
958370,http://idearq.org/resource/article/958370,Jesús Celis Sánchez,3,jesus_celis_sanchez
958527,http://idearq.org/resource/book/958527,Rita Peyroteo Stjerna,1,rita_peyroteo_stjerna
958867,http://idearq.org/resource/article/958867,Rodrigo Villalobos García,1,rodrigo_villalobos_garcia
958867,http://idearq.org/resource/article/958867,Carlos P. Odriozola,2,carlos_p_odriozola
958827,http://idearq.org/resource/article/958827,Rui Soares,1,rui_soares
958827,http://idearq.org/resource/article/958827,Lídia Baptista,2,lidia_baptista
958827,http://idearq.org/resource/article/958827,Zélia Rodrigues,3,zelia_rodrigues
160669,http://idearq.org/resource/article/160669,"Benítez de Lugo Enrich, Luis",2,benitez_de_lugo_enrich_luis
160669,http://idearq.org/resource/article/160669,"Palomares Zumajo, Norberto",6,palomares_zumajo_norberto
160669,http://idearq.org/resource/article/160669,"Benito Sánchez, María",7,benito_sanchez_maria
160669,http://idearq.org/resource/article/160669,"Villalobos García, Rodrigo",3,villalobos_garcia_rodrigo
160669,http://idearq.org/resource/article/160669,"Odriozola, Carlos P.",1,odriozola_carlos_p
160669,http://idearq.org/resource/article/160669,"Martínez-Blanes, José M.",4,martinez_blanes_jose_m
160669,http://idearq.org/resource/article/160669,"Avilés, Miguel A.",5,aviles_miguel_a
959990,http://idearq.org/resource/article/959990,Gustau Aguilella,1,gustau_aguilella
958852,http://idearq.org/resource/book/958852,Fernando Ricardo Molina González,1,fernando_ricardo_molina_gonzalez
958852,http://idearq.org/resource/book/958852,Juan Antonio Cámara Serrano,2,juan_antonio_camara_serrano
958852,http://idearq.org/resource/book/958852,A. Delgado Huertas,3,a_delgado_huertas
958852,http://idearq.org/resource/book/958852,Sylvia Alejandra Jiménez Brobeil,4,sylvia_alejandra_jimenez_brobeil
958852,http://idearq.org/resource/book/958852,Trinidad Nájera Colino,5,trinidad_najera_colino
958852,http://idearq.org/resource/book/958852,José Antonio Riquelme Cantal,6,jose_antonio_riquelme_cantal
958852,http://idearq.org/resource/book/958852,Liliana Spanedda,7,liliana_spanedda
958777,http://idearq.org/resource/article/958777,Pablo Rosser Limiñana,1,pablo_rosser_liminana
958777,http://idearq.org/resource/article/958777,Seila Soler Ortiz,2,seila_soler_ortiz
105649,http://idearq.org/resource/article/105649,"Gibaja, Juan F.",2,gibaja_juan_f
105649,http://idearq.org/resource/article/105649,"Mazzucco, Niccolò",3,mazzucco_niccolo
105649,http://idearq.org/resource/article/105649,"Guilaine, Jean",4,guilaine_jean
105649,http://idearq.org/resource/article/105649,"Oms, F. Xavier",1,oms_f_xavier
960526,http://idearq.org/resource/article/960526,Pedro Castaños,10,pedro_castanos
960526,http://idearq.org/resource/article/960526,Jone Castaños,11,jone_castanos
960526,http://idearq.org/resource/article/960526,Francisco Etxeberria,12,francisco_etxeberria
960526,http://idearq.org/resource/article/960526,Joseba Garmendia,13,joseba_garmendia
960526,http://idearq.org/resource/article/960526,Lourdes Herrasti,14,lourdes_herrasti
960526,http://idearq.org/resource/article/960526,María José Iriarte-Chiapusso,15,maria_jose_iriarte_chiapusso
960526,http://idearq.org/resource/article/960526,Daniel Pérez,16,daniel_perez
960526,http://idearq.org/resource/article/960526,Ana Uriz,17,ana_uriz
960526,http://idearq.org/resource/article/960526,Lydia Zapata,18,lydia_zapata
960526,http://idearq.org/resource/article/960526,Jesús Tapia,1,jesus_tapia
960526,http://idearq.org/resource/article/960526,Miriam Cubas,2,miriam_cubas
960526,http://idearq.org/resource/article/960526,Manuel Ceberio,3,manuel_ceberio
960526,http://idearq.org/resource/article/960526,Alfredo Moraza,4,alfredo_moraza
960526,http://idearq.org/resource/article/960526,Juantxo Agirre-Mauleón,5,juantxo_agirre_mauleon
960526,http://idearq.org/resource/article/960526,Euken Alonso,6,euken_alonso
960526,http://idearq.org/resource/article/960526,Esteban Álvarez-Fernández,7,esteban_alvarez_fernandez
960526,http://idearq.org/resource/article/960526,Pablo Areso,8,pablo_areso
960526,http://idearq.org/resource/article/960526,Angel Armendariz,9,angel_armendariz
959999,http://idearq.org/resource/book/959999,M. Pilar Prieto-Martínez,1,m_pilar_prieto_martinez
959999,http://idearq.org/resource/book/959999,Mikel Díaz-Rodríguez,2,mikel_diaz_rodriguez
960464,http://idearq.org/resource/book/960464,Corina Liesau von Lettow-Vorbeck,1,corina_liesau_von_lettow_vorbeck
958690,http://idearq.org/resource/article/958690,Sara Ribeiro,10,sara_ribeiro
958690,http://idearq.org/resource/article/958690,José Francisco Santos,11,jose_francisco_santos
958690,http://idearq.org/resource/article/958690,Ana Isabel Janeiro,12,ana_isabel_janeiro
958690,http://idearq.org/resource/article/958690,Cristina Dias Barrocas,13,cristina_dias_barrocas
958690,http://idearq.org/resource/article/958690,Patrícia Saragoça,1,patricia_saragoca
958690,http://idearq.org/resource/article/958690,Anne-France Maurer,2,anne_france_maurer
958690,http://idearq.org/resource/article/958690,Lucija Šoberl,3,lucija_soberl
958690,http://idearq.org/resource/article/958690,Maria da Conceição Lopes,4,maria_da_conceicao_lopes
958690,http://idearq.org/resource/article/958690,Rafael Alfenim,5,rafael_alfenim
958690,http://idearq.org/resource/article/958690,Inês Leandro,6,ines_leandro
958690,http://idearq.org/resource/article/958690,Cláudia Umbelino,7,claudia_umbelino
958690,http://idearq.org/resource/article/958690,Teresa Fernandes,8,teresa_fernandes
958690,http://idearq.org/resource/article/958690,Maria João Valente,9,maria_joao_valente
98328,http://idearq.org/resource/article/98328,"Oliva, Monica",9,oliva_monica
98328,http://idearq.org/resource/article/98328,"Subira, María Eulàlia",13,subira_maria_eulalia
98328,http://idearq.org/resource/article/98328,"Allièse, Florence",3,alliese_florence
98328,http://idearq.org/resource/article/98328,"Fontanals, María",4,fontanals_maria
98328,http://idearq.org/resource/article/98328,"Mozota, Millán",8,mozota_millan
98328,http://idearq.org/resource/article/98328,"Martin, Patricia",5,martin_patricia
98328,http://idearq.org/resource/article/98328,"Mazzucco, Niccolo",7,mazzucco_niccolo
98328,http://idearq.org/resource/article/98328,"Remolins, Gerard",1,remolins_gerard
98328,http://idearq.org/resource/article/98328,"Gibaja, Juan F.",2,gibaja_juan_f
98328,http://idearq.org/resource/article/98328,"Masclans, Alba",6,masclans_alba
98328,http://idearq.org/resource/article/98328,"Terradas, Xavier",12,terradas_xavier
98328,http://idearq.org/resource/article/98328,"Oms, Xavier",10,oms_xavier
98328,http://idearq.org/resource/article/98328,"Santos, Francisco Javier",11,santos_francisco_javier
98328,http://idearq.org/resource/article/98328,"Llovera, Xavier",14,llovera_xavier
958685,http://idearq.org/resource/article/958685,Michael P. Richards,10,michael_p_richards
958685,http://idearq.org/resource/article/958685,Eric J. Guiry,1,eric_j_guiry
958685,http://idearq.org/resource/article/958685,Maria Hillier,2,maria_hillier
958685,http://idearq.org/resource/article/958685,Rui Boaventura,3,rui_boaventura
958685,http://idearq.org/resource/article/958685,Ana Maria Silva,4,ana_maria_silva
958685,http://idearq.org/resource/article/958685,Luiz Oosterbeek,5,luiz_oosterbeek
958685,http://idearq.org/resource/article/958685,Tiago Tomé,6,tiago_tome
958685,http://idearq.org/resource/article/958685,António Valera,7,antonio_valera
958685,http://idearq.org/resource/article/958685,João Luís Cardoso,8,joao_luis_cardoso
958685,http://idearq.org/resource/article/958685,Joseph C. Hepburn,9,joseph_c_hepburn
303772,http://idearq.org/resource/article/303772,"Laguna Montes, María Consuelo",4,laguna_montes_maria_consuelo
303772,http://idearq.org/resource/article/303772,"García Sánchez, David Alejandro",5,garcia_sanchez_david_alejandro
303772,http://idearq.org/resource/article/303772,"Falomir Granell, Ferrán",2,falomir_granell_ferran
303772,http://idearq.org/resource/article/303772,"Arquer Gasch, Neus",6,arquer_gasch_neus
303772,http://idearq.org/resource/article/303772,"Aguilella Arzo, Gustau",1,aguilella_arzo_gustau
303772,http://idearq.org/resource/article/303772,"Pérez Jordà, Guillem",3,perez_jorda_guillem
958678,http://idearq.org/resource/article/958678,Iranzu Guede,1,iranzu_guede
958678,http://idearq.org/resource/article/958678,Luis Angel Ortega,2,luis_angel_ortega
958678,http://idearq.org/resource/article/958678,Maria Cruz Zuluaga,3,maria_cruz_zuluaga
958678,http://idearq.org/resource/article/958678,Ainhoa Alonso-Olazabal,4,ainhoa_alonso_olazabal
958678,http://idearq.org/resource/article/958678,Xabier Murelaga,5,xabier_murelaga
958678,http://idearq.org/resource/article/958678,Miriam Pina,6,miriam_pina
958678,http://idearq.org/resource/article/958678,Francisco Javier Gutierrez,7,francisco_javier_gutierrez
958678,http://idearq.org/resource/article/958678,Paola Iacumin,8,paola_iacumin
959993,http://idearq.org/resource/article/959993,António M. Monge Soares,1,antonio_m_monge_soares
959993,http://idearq.org/resource/article/959993,Ana Margarida Arruda,2,ana_margarida_arruda
958523,http://idearq.org/resource/article/958523,A. Monge,1,a_monge
958523,http://idearq.org/resource/article/958523,Pedro Valério,2,pedro_valerio
958523,http://idearq.org/resource/article/958523,María Fátima Araújo,3,maria_fatima_araujo
958523,http://idearq.org/resource/article/958523,Rui Silva,4,rui_silva
958677,http://idearq.org/resource/article/958677,Sara Palomo-Díez,1,sara_palomo_diez
958677,http://idearq.org/resource/article/958677,Ángel Esparza-Arroyo,2,angel_esparza_arroyo
958677,http://idearq.org/resource/article/958677,Javier Velasco-Vázquez,3,javier_velasco_vazquez
958677,http://idearq.org/resource/article/958677,Cláudia Gomes,4,claudia_gomes
958677,http://idearq.org/resource/article/958677,Ana María López-Parra,5,ana_maria_lopez_parra
958677,http://idearq.org/resource/article/958677,Eduardo Arroyo-Pardo,6,eduardo_arroyo_pardo
958611,http://idearq.org/resource/article/958611,Javier Plasencia Figueroa,1,javier_plasencia_figueroa
958611,http://idearq.org/resource/article/958611,Paloma González Marcén,2,paloma_gonzalez_marcen
958611,http://idearq.org/resource/article/958611,Rafael Mora Torcal,3,rafael_mora_torcal
960455,http://idearq.org/resource/article/960455,Michael Kunst,1,michael_kunst
958834,http://idearq.org/resource/article/958834,Concepción de la Rúa Vaca,1,concepcion_de_la_rua_vaca
958834,http://idearq.org/resource/article/958834,Neskuts Izagirre Arribalzaga,2,neskuts_izagirre_arribalzaga
958834,http://idearq.org/resource/article/958834,Santos Alonso Alegre,3,santos_alonso_alegre
958834,http://idearq.org/resource/article/958834,Montserrat Hervella Afonso,4,montserrat_hervella_afonso
959960,http://idearq.org/resource/book/959960,José Luis López Castro,1,jose_luis_lopez_castro
959960,http://idearq.org/resource/book/959960,Víctor Martínez Hahnmüller,2,victor_martinez_hahnmuller
959960,http://idearq.org/resource/book/959960,Laura Moya Cobos,3,laura_moya_cobos
959960,http://idearq.org/resource/book/959960,Carmen Ana Pardo Barrionuevo,4,carmen_ana_pardo_barrionuevo
960525,http://idearq.org/resource/article/960525,Alberto Mingo Álvarez,1,alberto_mingo_alvarez
960525,http://idearq.org/resource/article/960525,Jesús Barba Rey,2,jesus_barba_rey
960525,http://idearq.org/resource/article/960525,Miriam Cubas Morera,3,miriam_cubas_morera
960525,http://idearq.org/resource/article/960525,Valeria Francés,4,valeria_frances
960525,http://idearq.org/resource/article/960525,Luis Izquierdo,5,luis_izquierdo
960506,http://idearq.org/resource/article/960506,Giacomo Capuzzo,1,giacomo_capuzzo
960506,http://idearq.org/resource/article/960506,Javier López Cachero,2,javier_lopez_cachero
958799,http://idearq.org/resource/article/958799,Verónica Balsera Nieto,1,veronica_balsera_nieto
959974,http://idearq.org/resource/article/959974,Javier González,1,javier_gonzalez
959974,http://idearq.org/resource/article/959974,Adrià Breu,2,adria_breu
959974,http://idearq.org/resource/article/959974,Anna Gómez Bach,3,anna_gomez_bach
959974,http://idearq.org/resource/article/959974,Miquel Molist,4,miquel_molist
815001,http://idearq.org/resource/article/815001,"Martín-Seijo, María",1,martin_seijo_maria
815001,http://idearq.org/resource/article/815001,"Blanco-González, Antonio",2,blanco_gonzalez_antonio
815001,http://idearq.org/resource/article/815001,"Teira-Brión, Andrés",3,teira_brion_andres
815001,http://idearq.org/resource/article/815001,"Rodríguez Rellán, Carlos",4,rodriguez_rellan_carlos
815001,http://idearq.org/resource/article/815001,"Bettencourt, Ana M.S.",5,bettencourt_ana_m_s
815001,http://idearq.org/resource/article/815001,"Rodríguez Sáiz, Eduardo",6,rodriguez_saiz_eduardo
815001,http://idearq.org/resource/article/815001,"Comendador Rey, Beatriz",7,comendador_rey_beatriz
959958,http://idearq.org/resource/article/959958,Mercedes Murillo-Barroso,1,mercedes_murillo_barroso
959958,http://idearq.org/resource/article/959958,Marcos Martinón-Torres,2,marcos_martinon_torres
959958,http://idearq.org/resource/article/959958,Mª Dolores Camalich Massieu,3,ma_dolores_camalich_massieu
959958,http://idearq.org/resource/article/959958,Dimas Martín Socas,4,dimas_martin_socas
959958,http://idearq.org/resource/article/959958,Fernando Molina González,5,fernando_molina_gonzalez
815006,http://idearq.org/resource/article/815006,"Martín-Seijo, María",1,martin_seijo_maria
815006,http://idearq.org/resource/article/815006,"Tereso, João Pedro",2,tereso_joao_pedro
815006,http://idearq.org/resource/article/815006,"Vaz, Filipe Costa",3,vaz_filipe_costa
815006,http://idearq.org/resource/article/815006,"Gaspar, Rita",4,gaspar_rita
815006,http://idearq.org/resource/article/815006,"Rodríguez Rellán, Carlos",5,rodriguez_rellan_carlos
958567,http://idearq.org/resource/article/958567,Rafael María Martínez Sánchez,1,rafael_maria_martinez_sanchez
958567,http://idearq.org/resource/article/958567,Juan Carlos Vera Rodríguez,2,juan_carlos_vera_rodriguez
933135,http://idearq.org/resource/article/933135,Jesús Francisco Torres Martínez,1,jesus_francisco_torres_martinez
933135,http://idearq.org/resource/article/933135,Ángel Fuentes,2,angel_fuentes
933135,http://idearq.org/resource/article/933135,Santiago David Domínguez Solera,3,santiago_david_dominguez_solera
933135,http://idearq.org/resource/article/933135,Ana Rodríguez Trigo,4,ana_rodriguez_trigo
933135,http://idearq.org/resource/article/933135,Christian Hamann,5,christian_hamann
933135,http://idearq.org/resource/article/933135,Ricardo Fernandes,6,ricardo_fernandes
933135,http://idearq.org/resource/article/933135,Antxoka Martínez Velasco,7,antxoka_martinez_velasco
933135,http://idearq.org/resource/article/933135,Alis Serna Gancedo,8,alis_serna_gancedo
933135,http://idearq.org/resource/article/933135,Juan Manuel Sobremazas Martínez,9,juan_manuel_sobremazas_martinez
959981,http://idearq.org/resource/article/959981,Ignacio Pavón Soldevila,1,ignacio_pavon_soldevila
959981,http://idearq.org/resource/article/959981,David M. Duque Espino,2,david_m_duque_espino
959981,http://idearq.org/resource/article/959981,Martina Renzi,3,martina_renzi
959981,http://idearq.org/resource/article/959981,Salvador Rovira Lloréns,4,salvador_rovira_llorens
959981,http://idearq.org/resource/article/959981,Alonso Rodríguez Díaz,5,alonso_rodriguez_diaz
959998,http://idearq.org/resource/article/959998,M.ª del Rosario García Huerta,1,m_a_del_rosario_garcia_huerta
959998,http://idearq.org/resource/article/959998,F. Javier Morales Hervás,2,f_javier_morales_hervas
960109,http://idearq.org/resource/article/960109,Felicitas Schmitt,1,felicitas_schmitt
958551,http://idearq.org/resource/article/958551,Mariana Diniz,1,mariana_diniz
960440,http://idearq.org/resource/article/960440,Rui Boaventura,1,rui_boaventura
960440,http://idearq.org/resource/article/960440,Rui Mataloto,2,rui_mataloto
960440,http://idearq.org/resource/article/960440,Marco António Andrade,3,marco_antonio_andrade
960440,http://idearq.org/resource/article/960440,Diana Nukushina,4,diana_nukushina
958816,http://idearq.org/resource/article/958816,Marian Berihuete Azorín,1,marian_berihuete_azorin
958816,http://idearq.org/resource/article/958816,Marta Alcolea,2,marta_alcolea
958816,http://idearq.org/resource/article/958816,Raquel Piqué i Huerta,3,raquel_pique_i_huerta
958816,http://idearq.org/resource/article/958816,Javier Baena Preysler,4,javier_baena_preysler
958674,http://idearq.org/resource/article/958674,Ángel Esparza,1,angel_esparza
958674,http://idearq.org/resource/article/958674,Sara Palomo?Díez,2,sara_palomo_diez
958674,http://idearq.org/resource/article/958674,Javier Velasco?Vázquez,3,javier_velasco_vazquez
958674,http://idearq.org/resource/article/958674,Germán Delibes,4,german_delibes
958674,http://idearq.org/resource/article/958674,Eduardo Arroyo-Pardo,5,eduardo_arroyo_pardo
958674,http://idearq.org/resource/article/958674,Domingo C. Salazar?García,6,domingo_c_salazar_garcia
960092,http://idearq.org/resource/article/960092,F. Xavier Oms Arias,1,f_xavier_oms_arias
958602,http://idearq.org/resource/article/958602,V. Navarrete,1,v_navarrete
958602,http://idearq.org/resource/article/958602,A. C. Colonese,2,a_c_colonese
958602,http://idearq.org/resource/article/958602,C. Tornero,3,c_tornero
958602,http://idearq.org/resource/article/958602,F. Antolín,4,f_antolin
958602,http://idearq.org/resource/article/958602,M. Von Tersch,5,m_von_tersch
958602,http://idearq.org/resource/article/958602,M. Eulàlia Subirà,6,m_eulalia_subira
958602,http://idearq.org/resource/article/958602,P. Comes,7,p_comes
958602,http://idearq.org/resource/article/958602,A. Rosell?Melé,8,a_rosell_mele
958602,http://idearq.org/resource/article/958602,M. Saña,9,m_sana
958860,http://idearq.org/resource/article/958860,F. Xavier Oms,1,f_xavier_oms
958860,http://idearq.org/resource/article/958860,Joan Daura,2,joan_daura
958860,http://idearq.org/resource/article/958860,Montserrat Sanz,3,montserrat_sanz
958860,http://idearq.org/resource/article/958860,Susana Mendiela,4,susana_mendiela
958860,http://idearq.org/resource/article/958860,Mireia Pedro,5,mireia_pedro
958860,http://idearq.org/resource/article/958860,Pablo Martínez,6,pablo_martinez
958575,http://idearq.org/resource/article/958575,Mª Luisa Cerdeño,1,ma_luisa_cerdeno
958575,http://idearq.org/resource/article/958575,Marta Chordá,2,marta_chorda
134015,http://idearq.org/resource/article/134015,"Gibaja, Juan F.",1,gibaja_juan_f
134015,http://idearq.org/resource/article/134015,"Augé, Anna",5,auge_anna
134015,http://idearq.org/resource/article/134015,"Fontanals-Coll, Maria",2,fontanals_coll_maria
134015,http://idearq.org/resource/article/134015,"Oms, F. Xavier",4,oms_f_xavier
134015,http://idearq.org/resource/article/134015,"Santos, Francisco Javier",6,santos_francisco_javier
134015,http://idearq.org/resource/article/134015,"Dubosq, Stephanie",3,dubosq_stephanie
134015,http://idearq.org/resource/article/134015,"Morell, Berta",7,morell_berta
134015,http://idearq.org/resource/article/134015,"Subirà, M. Eulàlia",8,subira_m_eulalia
538794,http://idearq.org/resource/article/538794,"Jiménez, Gonzalo Aranda",1,jimenez_gonzalo_aranda
538794,http://idearq.org/resource/article/538794,"Medina, Águeda Lozano",2,medina_agueda_lozano
538794,http://idearq.org/resource/article/538794,"Massieu, María Dolores Camalich",3,massieu_maria_dolores_camalich
538794,http://idearq.org/resource/article/538794,"Socas, Dimas Martín",4,socas_dimas_martin
538794,http://idearq.org/resource/article/538794,"Santos, Francisco Javier Rodríguez",5,santos_francisco_javier_rodriguez
538794,http://idearq.org/resource/article/538794,"Mederos, Aioze Trujillo",6,mederos_aioze_trujillo
538794,http://idearq.org/resource/article/538794,"Cabrera, Jonathan Santana",7,cabrera_jonathan_santana
538794,http://idearq.org/resource/article/538794,"Nonza-Micaelli, Angelique",8,nonza_micaelli_angelique
538794,http://idearq.org/resource/article/538794,"García, Xavier Clop",9,garcia_xavier_clop
960121,http://idearq.org/resource/article/960121,Juan Antonio Cano Pan,1,juan_antonio_cano_pan
960121,http://idearq.org/resource/article/960121,María Pilar Prieto Martínez,2,maria_pilar_prieto_martinez
960121,http://idearq.org/resource/article/960121,Pablo Vázquez Liz,3,pablo_vazquez_liz
559314,http://idearq.org/resource/document/559314,Florence Allièse,10,florence_alliese
559314,http://idearq.org/resource/document/559314,Berta Morell,11,berta_morell
559314,http://idearq.org/resource/document/559314,Juan F. Gibaja,1,juan_f_gibaja
559314,http://idearq.org/resource/document/559314,Maria Eulalia Subirà,2,maria_eulalia_subira
559314,http://idearq.org/resource/document/559314,Diego López,3,diego_lopez
559314,http://idearq.org/resource/document/559314,Patricia Martín,4,patricia_martin
559314,http://idearq.org/resource/document/559314,Millán Mozota,5,millan_mozota
559314,http://idearq.org/resource/document/559314,Xavier Oms,6,xavier_oms
559314,http://idearq.org/resource/document/559314,Maria Fontanals,7,maria_fontanals
559314,http://idearq.org/resource/document/559314,Jordi Ruiz,8,jordi_ruiz
559314,http://idearq.org/resource/document/559314,Antoni Palomo,9,antoni_palomo
558869,http://idearq.org/resource/document/558869,A. Palomo,1,a_palomo
558869,http://idearq.org/resource/document/558869,R. Piqué,2,r_pique
558869,http://idearq.org/resource/document/558869,X. Terradas,3,x_terradas
958872,http://idearq.org/resource/article/958872,Gabriel García Atienzar,1,gabriel_garcia_atienzar
959966,http://idearq.org/resource/article/959966,Borja González-Rabanal,1,borja_gonzalez_rabanal
959966,http://idearq.org/resource/article/959966,Manuel Ramón González-Morales,2,manuel_ramon_gonzalez_morales
959966,http://idearq.org/resource/article/959966,Ana B. Marín-Arroyo,3,ana_b_marin_arroyo
960442,http://idearq.org/resource/article/960442,Teresa Femández Crespo,10,teresa_femandez_crespo
960442,http://idearq.org/resource/article/960442,José Antonio Mujika Alustiza,1,jose_antonio_mujika_alustiza
960442,http://idearq.org/resource/article/960442,Xabier Peñalver Iribarren,2,xabier_penalver_iribarren
960442,http://idearq.org/resource/article/960442,Sonia San José Santamarta,3,sonia_san_jose_santamarta
960442,http://idearq.org/resource/article/960442,Ane Lopetegi Galarraga,4,ane_lopetegi_galarraga
960442,http://idearq.org/resource/article/960442,José Miguel Edeso Fito,5,jose_miguel_edeso_fito
960442,http://idearq.org/resource/article/960442,Erik Arévalo Muñoz,6,erik_arevalo_munoz
960442,http://idearq.org/resource/article/960442,Sebastián Pérez Díaz,7,sebastian_perez_diaz
960442,http://idearq.org/resource/article/960442,Mónica Ruiz Alonso,8,monica_ruiz_alonso
960442,http://idearq.org/resource/article/960442,Idoia Goikoetxea Zabaleta,9,idoia_goikoetxea_zabaleta
172110,http://idearq.org/resource/proceedings/172110,"Palomo, Antoni",2,palomo_antoni
172110,http://idearq.org/resource/proceedings/172110,"Terradas, Xavier",5,terradas_xavier
172110,http://idearq.org/resource/proceedings/172110,"Piqué, Raquel",3,pique_raquel
172110,http://idearq.org/resource/proceedings/172110,"Bodganovic, Igor",1,bodganovic_igor
172110,http://idearq.org/resource/proceedings/172110,"Rosillo, Rafel",4,rosillo_rafel
960001,http://idearq.org/resource/document/960001,António Carlos Valera,1,antonio_carlos_valera
960001,http://idearq.org/resource/document/960001,Inês Simão,2,ines_simao
960001,http://idearq.org/resource/document/960001,Tiago Nunes,3,tiago_nunes
960001,http://idearq.org/resource/document/960001,Tiago Do Pereiro,4,tiago_do_pereiro
960001,http://idearq.org/resource/document/960001,Cláudia Costa,5,claudia_costa
135868,http://idearq.org/resource/article/135868,"Javier López-Cachero, F.",10,javier_lopez_cachero_f
135868,http://idearq.org/resource/article/135868,"Oliva, Mònica",6,oliva_monica
135868,http://idearq.org/resource/article/135868,"Rubio, Ángel",5,rubio_angel
135868,http://idearq.org/resource/article/135868,"Franciscogibaja, Juan",7,franciscogibaja_juan
135868,http://idearq.org/resource/article/135868,"Daura, Joan",1,daura_joan
135868,http://idearq.org/resource/article/135868,"Queralt, Ignasi",8,queralt_ignasi
135868,http://idearq.org/resource/article/135868,"Pedro, Mireia",4,pedro_mireia
135868,http://idearq.org/resource/article/135868,"Sanz, Montserrat",2,sanz_montserrat
135868,http://idearq.org/resource/article/135868,"Soriano, Ignacio",3,soriano_ignacio
135868,http://idearq.org/resource/article/135868,"Álvarez, Ramon",9,alvarez_ramon
958632,http://idearq.org/resource/article/958632,Marta Alcolea,1,marta_alcolea
958865,http://idearq.org/resource/article/958865,Dirk Brandherm,1,dirk_brandherm
958865,http://idearq.org/resource/article/958865,Micha? Krueger,2,micha_krueger
958531,http://idearq.org/resource/article/958531,F. Xavier Oms Arias,1,f_xavier_oms_arias
958531,http://idearq.org/resource/article/958531,Josep Mestres Mercade,2,josep_mestres_mercade
958531,http://idearq.org/resource/article/958531,Artur Cebrià,3,artur_cebria
958531,http://idearq.org/resource/article/958531,Juan Ignacio Morales Hidalgo,4,juan_ignacio_morales_hidalgo
958531,http://idearq.org/resource/article/958531,Susana Mendiela,5,susana_mendiela
958531,http://idearq.org/resource/article/958531,Mireia Pedró,6,mireia_pedro
958522,http://idearq.org/resource/article/958522,Nuno Inácio,1,nuno_inacio
958522,http://idearq.org/resource/article/958522,Francisco Nocete Calvo,2,francisco_nocete_calvo
958522,http://idearq.org/resource/article/958522,Ana Pajuelo Pando,3,ana_pajuelo_pando
958522,http://idearq.org/resource/article/958522,Pedro Manuel López Aldana,4,pedro_manuel_lopez_aldana
958522,http://idearq.org/resource/article/958522,Moisés Rodríguez Bayona,5,moises_rodriguez_bayona
959972,http://idearq.org/resource/article/959972,Xavier Clop i García,1,xavier_clop_i_garcia
959972,http://idearq.org/resource/article/959972,Tona Majó,2,tona_majo
958688,http://idearq.org/resource/article/958688,Courtney Merner,1,courtney_merner
960439,http://idearq.org/resource/article/960439,Erik Arévalo Muñoz,10,erik_arevalo_munoz
960439,http://idearq.org/resource/article/960439,Ana Polo Díaz,11,ana_polo_diaz
960439,http://idearq.org/resource/article/960439,Javier Fernández Eraso,1,javier_fernandez_eraso
960439,http://idearq.org/resource/article/960439,Sebastián Pérez Díaz,2,sebastian_perez_diaz
960439,http://idearq.org/resource/article/960439,Mónica Ruiz Alonso,3,monica_ruiz_alonso
960439,http://idearq.org/resource/article/960439,Mónica Alonso Eguíluz,4,monica_alonso_eguiluz
960439,http://idearq.org/resource/article/960439,Maite García Rojas,5,maite_garcia_rojas
960439,http://idearq.org/resource/article/960439,Aitor Sánchez López de Lafuente,6,aitor_sanchez_lopez_de_lafuente
960439,http://idearq.org/resource/article/960439,Antonio Tarriño Vinagre,7,antonio_tarrino_vinagre
960439,http://idearq.org/resource/article/960439,Cristina Camarero Arribas,8,cristina_camarero_arribas
960439,http://idearq.org/resource/article/960439,Iñigo García-Martínez de Lagrán,9,inigo_garcia_martinez_de_lagran
960497,http://idearq.org/resource/article/960497,Nuno Bicho,1,nuno_bicho
960497,http://idearq.org/resource/article/960497,João Cascalheira,2,joao_cascalheira
960497,http://idearq.org/resource/article/960497,Célia Gonçalves,3,celia_goncalves
960497,http://idearq.org/resource/article/960497,Cláudia Umbelino,4,claudia_umbelino
960497,http://idearq.org/resource/article/960497,Daniel García Rivero,5,daniel_garcia_rivero
960497,http://idearq.org/resource/article/960497,Lino André,6,lino_andre
185293,http://idearq.org/resource/bookseries/185293,"Murillo-Barroso, Mercedes",2,murillo_barroso_mercedes
185293,http://idearq.org/resource/bookseries/185293,"Montero-Ruiz, Ignacio",1,montero_ruiz_ignacio
185293,http://idearq.org/resource/bookseries/185293,"Aguilella, Gustau",3,aguilella_gustau
185293,http://idearq.org/resource/bookseries/185293,"Rovira, Salvador",4,rovira_salvador
814996,http://idearq.org/resource/article/814996,"Martín-Seijo, María",1,martin_seijo_maria
814996,http://idearq.org/resource/article/814996,"Pedro Tereso, João",2,pedro_tereso_joao
814996,http://idearq.org/resource/article/814996,"Bettencourt, Ana M.S.",3,bettencourt_ana_m_s
814996,http://idearq.org/resource/article/814996,"Sampaio, Hugo A.",4,sampaio_hugo_a
814996,http://idearq.org/resource/article/814996,"Abad Vidal, Emilio",5,abad_vidal_emilio
814996,http://idearq.org/resource/article/814996,"Vidal Caeiro, Lorena",6,vidal_caeiro_lorena
958804,http://idearq.org/resource/article/958804,Vicente Lull Santiago,1,vicente_lull_santiago
958804,http://idearq.org/resource/article/958804,Rafael Micó Pérez,2,rafael_mico_perez
958804,http://idearq.org/resource/article/958804,Cristina Rihuete Herrada,3,cristina_rihuete_herrada
958804,http://idearq.org/resource/article/958804,Robert Risch,4,robert_risch
958804,http://idearq.org/resource/article/958804,Nicolau Escanilla Artigas,5,nicolau_escanilla_artigas
557018,http://idearq.org/resource/document/557018,"Gassiot Ballbé, E.",1,gassiot_ballbe_e
557018,http://idearq.org/resource/document/557018,"Mazzucco, N.",2,mazzucco_n
557018,http://idearq.org/resource/document/557018,"Clemente Conte, I.",3,clemente_conte_i
557018,http://idearq.org/resource/document/557018,"Rodríguez Antón, D.",4,rodriguez_anton_d
557018,http://idearq.org/resource/document/557018,"Obea Gómez, L.",5,obea_gomez_l
557018,http://idearq.org/resource/document/557018,"Quesada Carrasco, M.",6,quesada_carrasco_m
557018,http://idearq.org/resource/document/557018,"Díaz Bonilla, S.",7,diaz_bonilla_s
412687,http://idearq.org/resource/article/412687,"Waterman, Anna J.",40,waterman_anna_j
412687,http://idearq.org/resource/article/412687,"Kunst, Michael",69,kunst_michael
412687,http://idearq.org/resource/article/412687,"Szécsényi-Nagy, Anna",1,szecsenyi_nagy_anna
412687,http://idearq.org/resource/article/412687,"Liesau Von Lettow-Vorbeck, Corina",52,liesau_von_lettow_vorbeck_corina
412687,http://idearq.org/resource/article/412687,"Araújo, Ana Cristina",51,araujo_ana_cristina
412687,http://idearq.org/resource/article/412687,"Vega Y Miguel, Jorge",62,vega_y_miguel_jorge
412687,http://idearq.org/resource/article/412687,"Avilés Fernández, Azucena",34,aviles_fernandez_azucena
412687,http://idearq.org/resource/article/412687,"Herrero-Corral, Ana M.",17,herrero_corral_ana_m
412687,http://idearq.org/resource/article/412687,"López Padilla, Juan Antonio",29,lopez_padilla_juan_antonio
412687,http://idearq.org/resource/article/412687,"Lull, Vicente",27,lull_vicente
412687,http://idearq.org/resource/article/412687,"Soler Díaz, Jorge",28,soler_diaz_jorge
412687,http://idearq.org/resource/article/412687,"García-Martínez-De-Lagrán, Íñigo",7,garcia_martinez_de_lagran_inigo
412687,http://idearq.org/resource/article/412687,"Alonso Fernández, Carmen",19,alonso_fernandez_carmen
412687,http://idearq.org/resource/article/412687,"Dos Santos Goncalves, Victor Manuel",58,dos_santos_goncalves_victor_manuel
412687,http://idearq.org/resource/article/412687,"Pujante, Ana",55,pujante_ana
412687,http://idearq.org/resource/article/412687,"De Balbín Behrmann, Rodrigo",16,de_balbin_behrmann_rodrigo
412687,http://idearq.org/resource/article/412687,"Micó, Rafael",26,mico_rafael
412687,http://idearq.org/resource/article/412687,"Oliart, Camila",22,oliart_camila
412687,http://idearq.org/resource/article/412687,"Lillios, Katina T.",35,lillios_katina_t
412687,http://idearq.org/resource/article/412687,"Méndez Izquierdo, Elena",61,mendez_izquierdo_elena
412687,http://idearq.org/resource/article/412687,"Silva, Ana Maria",36,silva_ana_maria
412687,http://idearq.org/resource/article/412687,"Oosterbeek, Luiz Miguel",38,oosterbeek_luiz_miguel
412687,http://idearq.org/resource/article/412687,"Flores Fernández, Raúl",18,flores_fernandez_raul
412687,http://idearq.org/resource/article/412687,"Rihuete-Herrada, Cristina",4,rihuete_herrada_cristina
412687,http://idearq.org/resource/article/412687,"Martínez, Andrés",42,martinez_andres
412687,http://idearq.org/resource/article/412687,"Roth, Christina",2,roth_christina
412687,http://idearq.org/resource/article/412687,"Esquembre Beviá, Marco Aurelio",57,esquembre_bevia_marco_aurelio
412687,http://idearq.org/resource/article/412687,"Roig Buxó, Jordi",41,roig_buxo_jordi
412687,http://idearq.org/resource/article/412687,"Cruz-Auñón Briones, Rosario",47,cruz_aunon_briones_rosario
412687,http://idearq.org/resource/article/412687,"Friederich, Susanne",12,friederich_susanne
412687,http://idearq.org/resource/article/412687,"Cardoso, João Luís",50,cardoso_joao_luis
412687,http://idearq.org/resource/article/412687,"Morán Hernández, Elena",60,moran_hernandez_elena
412687,http://idearq.org/resource/article/412687,"Rojo-Guerra, Manuel A.",71,rojo_guerra_manuel_a
412687,http://idearq.org/resource/article/412687,"Knipper, Corina",10,knipper_corina
412687,http://idearq.org/resource/article/412687,"Martínez Calvo, Victoria",64,martinez_calvo_victoria
412687,http://idearq.org/resource/article/412687,"Haak, Wolfgang",72,haak_wolfgang
412687,http://idearq.org/resource/article/412687,"Roca De Togores Muñoz, Consuelo",30,roca_de_togores_munoz_consuelo
412687,http://idearq.org/resource/article/412687,"Krause, Johannes",66,krause_johannes
412687,http://idearq.org/resource/article/412687,"Jiménez Echevarria, Javier",20,jimenez_echevarria_javier
412687,http://idearq.org/resource/article/412687,"Carmona Ballestero, Eduardo",49,carmona_ballestero_eduardo
412687,http://idearq.org/resource/article/412687,"Bánffy, Eszter",11,banffy_eszter
412687,http://idearq.org/resource/article/412687,"Hunt Ortiz, Mark",44,hunt_ortiz_mark
412687,http://idearq.org/resource/article/412687,"Mejías-García, Juan Carlos",45,mejias_garcia_juan_carlos
412687,http://idearq.org/resource/article/412687,"Soriano, Ignacio",24,soriano_ignacio
412687,http://idearq.org/resource/article/412687,"Parreira, Rui",59,parreira_rui
412687,http://idearq.org/resource/article/412687,"Menduiña García, Roberto",63,menduina_garcia_roberto
412687,http://idearq.org/resource/article/412687,"Lomba Maurandi, Joaquín",33,lomba_maurandi_joaquin
412687,http://idearq.org/resource/article/412687,"Brandt, Guido",3,brandt_guido
412687,http://idearq.org/resource/article/412687,"Jover Maestre, Francisco Javier",32,jover_maestre_francisco_javier
412687,http://idearq.org/resource/article/412687,"Pichler, Sandra L.",67,pichler_sandra_l
412687,http://idearq.org/resource/article/412687,"Blasco Bosqued, Concepción",53,blasco_bosqued_concepcion
412687,http://idearq.org/resource/article/412687,"Garrido-Pena, Rafael",68,garrido_pena_rafael
412687,http://idearq.org/resource/article/412687,"Hernández Pérez, Mauro S.",31,hernandez_perez_mauro_s
412687,http://idearq.org/resource/article/412687,"Arcusa Magallón, Héctor",8,arcusa_magallon_hector
412687,http://idearq.org/resource/article/412687,"Risch, Roberto",70,risch_roberto
412687,http://idearq.org/resource/article/412687,"López Jiménez, Oscar",65,lopez_jimenez_oscar
412687,http://idearq.org/resource/article/412687,"Pecero Espín, Juan Carlos",46,pecero_espin_juan_carlos
412687,http://idearq.org/resource/article/412687,"Royo-Guillén, José I.",56,royo_guillen_jose_i
412687,http://idearq.org/resource/article/412687,"Held, Petra",6,held_petra
412687,http://idearq.org/resource/article/412687,"Zesch, Stephanie",9,zesch_stephanie
412687,http://idearq.org/resource/article/412687,"Bueno Ramírez, Primitiva",14,bueno_ramirez_primitiva
412687,http://idearq.org/resource/article/412687,"Magalhães Ramalho, Miguel",37,magalhaes_ramalho_miguel
412687,http://idearq.org/resource/article/412687,"Meller, Harald",13,meller_harald
412687,http://idearq.org/resource/article/412687,"Alt, Kurt W.",73,alt_kurt_w
412687,http://idearq.org/resource/article/412687,"Cunha, Claudia",39,cunha_claudia
412687,http://idearq.org/resource/article/412687,"Vicente, Oriol",25,vicente_oriol
412687,http://idearq.org/resource/article/412687,"Tejedor-Rodríguez, Cristina",5,tejedor_rodriguez_cristina
412687,http://idearq.org/resource/article/412687,"Rindlisbacher, Laura",21,rindlisbacher_laura
412687,http://idearq.org/resource/article/412687,"Fregeiro, María-Inés",23,fregeiro_maria_ines
412687,http://idearq.org/resource/article/412687,"Barroso Bermejo, Rosa",15,barroso_bermejo_rosa
412687,http://idearq.org/resource/article/412687,"Tomé, Tiago",48,tome_tiago
412687,http://idearq.org/resource/article/412687,"Ponce Martínez, Juana",43,ponce_martinez_juana
412687,http://idearq.org/resource/article/412687,"Ríos Mendoza, Patricia",54,rios_mendoza_patricia
959970,http://idearq.org/resource/article/959970,Manuel Edo,10,manuel_edo
959970,http://idearq.org/resource/article/959970,Ferran Antolín i Tutusaus,1,ferran_antolin_i_tutusaus
959970,http://idearq.org/resource/article/959970,Pablo Martínez Rodríguez,2,pablo_martinez_rodriguez
959970,http://idearq.org/resource/article/959970,Elicinia Fierro Milà,3,elicinia_fierro_mila
959970,http://idearq.org/resource/article/959970,María José León Moll,4,maria_jose_leon_moll
959970,http://idearq.org/resource/article/959970,Héctor Martínez,5,hector_martinez
959970,http://idearq.org/resource/article/959970,Mireia Gascón,6,mireia_gascon
959970,http://idearq.org/resource/article/959970,Maria Mercè Bergadà Zapata,7,maria_merce_bergada_zapata
959970,http://idearq.org/resource/article/959970,Georgina Prats Ferrando,8,georgina_prats_ferrando
959970,http://idearq.org/resource/article/959970,Juan Antonio Barceló,9,juan_antonio_barcelo
150319,http://idearq.org/resource/article/150319,"Odriozola, Carlos",10,odriozola_carlos
150319,http://idearq.org/resource/article/150319,"Villalobos, Rodrigo",11,villalobos_rodrigo
150319,http://idearq.org/resource/article/150319,"Peate, David",9,peate_david
150319,http://idearq.org/resource/article/150319,"Díaz-Del-río, Pedro",1,diaz_del_rio_pedro
150319,http://idearq.org/resource/article/150319,"Zapata, Susana",4,zapata_susana
150319,http://idearq.org/resource/article/150319,"Thomas, Jonathan",8,thomas_jonathan
150319,http://idearq.org/resource/article/150319,"González, Armando",6,gonzalez_armando
150319,http://idearq.org/resource/article/150319,"Tykot, Robert H.",13,tykot_robert_h
150319,http://idearq.org/resource/article/150319,"Consuegra, Susana",2,consuegra_susana
150319,http://idearq.org/resource/article/150319,"Bueno, Primitiva",12,bueno_primitiva
150319,http://idearq.org/resource/article/150319,"Waterman, Anna",7,waterman_anna
150319,http://idearq.org/resource/article/150319,"Audije, Julia",3,audije_julia
150319,http://idearq.org/resource/article/150319,"Cambra, Óscar",5,cambra_oscar
959959,http://idearq.org/resource/article/959959,José Luis LÓPEZ CASTRO,1,jose_luis_lopez_castro
959959,http://idearq.org/resource/article/959959,Carmen Ana PARDO BARRIONUEVO,2,carmen_ana_pardo_barrionuevo
959959,http://idearq.org/resource/article/959959,Laura MOYA COBOS,3,laura_moya_cobos
958588,http://idearq.org/resource/article/958588,Raquel Vilaça,1,raquel_vilaca
958588,http://idearq.org/resource/article/958588,Inês Soares,2,ines_soares
958588,http://idearq.org/resource/article/958588,Marcos Osório,3,marcos_osorio
958588,http://idearq.org/resource/article/958588,Francisco Gil,4,francisco_gil
958553,http://idearq.org/resource/article/958553,Cristina Gameiro,1,cristina_gameiro
174734,http://idearq.org/resource/article/174734,"Bayliss, Alex",18,bayliss_alex
174734,http://idearq.org/resource/article/174734,"Puro, Luis Miguel Cáceres",3,puro_luis_miguel_caceres
174734,http://idearq.org/resource/article/174734,"Caramé, Manuel Eleazar Costa",4,carame_manuel_eleazar_costa
174734,http://idearq.org/resource/article/174734,"Delgado-Huertas, Antonio",15,delgado_huertas_antonio
174734,http://idearq.org/resource/article/174734,"González, Adrián Mora",17,gonzalez_adrian_mora
174734,http://idearq.org/resource/article/174734,"Sanjuán, Leonardo García",1,sanjuan_leonardo_garcia
174734,http://idearq.org/resource/article/174734,"Wheatley, David",13,wheatley_david
174734,http://idearq.org/resource/article/174734,"Pando, Ana Pajuelo",11,pando_ana_pajuelo
174734,http://idearq.org/resource/article/174734,"Díaz-Zorita Bonilla, Marta",6,diaz_zorita_bonilla_marta
174734,http://idearq.org/resource/article/174734,"Whittle, Alasdair",21,whittle_alasdair
174734,http://idearq.org/resource/article/174734,"Dunbar, Elaine",16,dunbar_elaine
174734,http://idearq.org/resource/article/174734,"Aldana, Pedro M. López",9,aldana_pedro_m_lopez
174734,http://idearq.org/resource/article/174734,"Izquierdo, Elena Méndez",10,izquierdo_elena_mendez
174734,http://idearq.org/resource/article/174734,"Beavan, Nancy",19,beavan_nancy
174734,http://idearq.org/resource/article/174734,"Flores, Álvaro Fernández",7,flores_alvaro_fernandez
174734,http://idearq.org/resource/article/174734,"Ramsey, Christopher Bronk",14,ramsey_christopher_bronk
174734,http://idearq.org/resource/article/174734,"Jiménez, Juan Manuel Vargas",2,jimenez_juan_manuel_vargas
174734,http://idearq.org/resource/article/174734,"Hamilton, Derek",20,hamilton_derek
174734,http://idearq.org/resource/article/174734,"Díaz-Guardamino Uribe, Marta",5,diaz_guardamino_uribe_marta
174734,http://idearq.org/resource/article/174734,"Vidal, Joaquín Rodríguez",12,vidal_joaquin_rodriguez
174734,http://idearq.org/resource/article/174734,"Pérez, Víctor Hurtado",8,perez_victor_hurtado
958387,http://idearq.org/resource/article/958387,Maria de Jesus Sanches,1,maria_de_jesus_sanches
958387,http://idearq.org/resource/article/958387,Maria Helena Barbosa,2,maria_helena_barbosa
960481,http://idearq.org/resource/article/960481,David Ocio,10,david_ocio
960481,http://idearq.org/resource/article/960481,Ana B. Marín-Arroyo,1,ana_b_marin_arroyo
960481,http://idearq.org/resource/article/960481,Joseba Rios-Garaizar,2,joseba_rios_garaizar
960481,http://idearq.org/resource/article/960481,Lawrence G. Straus,3,lawrence_g_straus
960481,http://idearq.org/resource/article/960481,Jennifer R. Jones,4,jennifer_r_jones
960481,http://idearq.org/resource/article/960481,Marco de la Rasilla,5,marco_de_la_rasilla
960481,http://idearq.org/resource/article/960481,Manuel R. González Morales,6,manuel_r_gonzalez_morales
960481,http://idearq.org/resource/article/960481,Michael Richards,7,michael_richards
960481,http://idearq.org/resource/article/960481,Jesús Altuna,8,jesus_altuna
960481,http://idearq.org/resource/article/960481,Koro Mariezkurrena,9,koro_mariezkurrena
175694,http://idearq.org/resource/article/175694,"Mozota, Millán",10,mozota_millan
175694,http://idearq.org/resource/article/175694,"Duboscq, Stephanie",2,duboscq_stephanie
175694,http://idearq.org/resource/article/175694,"Morell, Berta",1,morell_berta
175694,http://idearq.org/resource/article/175694,"Subirà, Maria Eulàlia",11,subira_maria_eulalia
175694,http://idearq.org/resource/article/175694,"Barceló, Joan Antón",7,barcelo_joan_anton
175694,http://idearq.org/resource/article/175694,"Remolins, Gerard",4,remolins_gerard
175694,http://idearq.org/resource/article/175694,"Gibaja, Juan F.",12,gibaja_juan_f
175694,http://idearq.org/resource/article/175694,"Masclans, Alba",3,masclans_alba
175694,http://idearq.org/resource/article/175694,"Pou, Roser",5,pou_roser
175694,http://idearq.org/resource/article/175694,"Oms, Xavier",8,oms_xavier
175694,http://idearq.org/resource/article/175694,"Santos, Francisco Javier",9,santos_francisco_javier
175694,http://idearq.org/resource/article/175694,"Martí, Miquel",6,marti_miquel
958374,http://idearq.org/resource/article/958374,Vicente Lull,1,vicente_lull
958374,http://idearq.org/resource/article/958374,Rafael Micó Pérez,2,rafael_mico_perez
958374,http://idearq.org/resource/article/958374,Cristina Rihuete Herrada,3,cristina_rihuete_herrada
958675,http://idearq.org/resource/article/958675,Ángel Esparza-Arroyo,1,angel_esparza_arroyo
958675,http://idearq.org/resource/article/958675,Alejandra Sánchez-Polo,2,alejandra_sanchez_polo
958675,http://idearq.org/resource/article/958675,Javier Velasco-Vázquez,3,javier_velasco_vazquez
955771,http://idearq.org/resource/article/955771,"Detry, Cleia",1,detry_cleia
955771,http://idearq.org/resource/article/955771,"Cardoso, João Luís",2,cardoso_joao_luis
955771,http://idearq.org/resource/article/955771,"Heras Mora, Javier",3,heras_mora_javier
955771,http://idearq.org/resource/article/955771,"Bustamante-Álvarez, Macarena",4,bustamante_alvarez_macarena
955771,http://idearq.org/resource/article/955771,"Silva, Ana Maria",5,silva_ana_maria
955771,http://idearq.org/resource/article/955771,"Pimenta, João",6,pimenta_joao
955771,http://idearq.org/resource/article/955771,"Fernandes, Isabel",7,fernandes_isabel
955771,http://idearq.org/resource/article/955771,"Fernandes, Carlos",8,fernandes_carlos
213150,http://idearq.org/resource/article/213150,"Núñez De La Fuente, Sara",10,nunez_de_la_fuente_sara
213150,http://idearq.org/resource/article/213150,"Peña-Chocarro, Leonor",11,pena_chocarro_leonor
213150,http://idearq.org/resource/article/213150,"Pérez-Jordá, Guillem",12,perez_jorda_guillem
213150,http://idearq.org/resource/article/213150,"Rodríguez-Hernández, Jesús",13,rodriguez_hernandez_jesus
213150,http://idearq.org/resource/article/213150,"Tejerizo García, Carlos",14,tejerizo_garcia_carlos
213150,http://idearq.org/resource/article/213150,"Fernández Mier, Margarita",15,fernandez_mier_margarita
213150,http://idearq.org/resource/article/213150,"González Álvarez, David",1,gonzalez_alvarez_david
213150,http://idearq.org/resource/article/213150,"Marín Suárez, Carlos",2,marin_suarez_carlos
213150,http://idearq.org/resource/article/213150,"Farci, Carlotta",3,farci_carlotta
213150,http://idearq.org/resource/article/213150,"López Gómez, Pablo",4,lopez_gomez_pablo
213150,http://idearq.org/resource/article/213150,"López-Sáez, José Antonio",5,lopez_saez_jose_antonio
213150,http://idearq.org/resource/article/213150,"Martínez Barrio, Candela",6,martinez_barrio_candela
213150,http://idearq.org/resource/article/213150,"Martinón-Torres, Marcos",7,martinon_torres_marcos
213150,http://idearq.org/resource/article/213150,"Menéndez Blanco, Andrés",8,menendez_blanco_andres
213150,http://idearq.org/resource/article/213150,"Moreno-García, Marta",9,moreno_garcia_marta
213149,http://idearq.org/resource/article/213149,"Orue-Beltran De Heredia, Iñigo",6,orue_beltran_de_heredia_inigo
213149,http://idearq.org/resource/article/213149,"Pérez-Díaz, Sebastián",7,perez_diaz_sebastian
213149,http://idearq.org/resource/article/213149,"Edeso-Fito, José Miguel",4,edeso_fito_jose_miguel
213149,http://idearq.org/resource/article/213149,"Ruiz-Alonso, Mónica",8,ruiz_alonso_monica
213149,http://idearq.org/resource/article/213149,"Agirre-García, Jaione",2,agirre_garcia_jaione
213149,http://idearq.org/resource/article/213149,"Zaldua-Etxabe, Luis",10,zaldua_etxabe_luis
213149,http://idearq.org/resource/article/213149,"Arévalo-Muñoz, Erik",3,arevalo_munoz_erik
213149,http://idearq.org/resource/article/213149,"Lopetegi-Galarraga, Ane",5,lopetegi_galarraga_ane
213149,http://idearq.org/resource/article/213149,"Mujika-Alustiza, José Antonio",1,mujika_alustiza_jose_antonio
213149,http://idearq.org/resource/article/213149,"Ruiz-Gonzalez, Daniel",9,ruiz_gonzalez_daniel
960114,http://idearq.org/resource/article/960114,Rodrigo Villalobos García,1,rodrigo_villalobos_garcia
960114,http://idearq.org/resource/article/960114,José Antonio Rodríguez-Marcos,2,jose_antonio_rodriguez_marcos
960090,http://idearq.org/resource/article/960090,Mercedes Murillo-Barroso,1,mercedes_murillo_barroso
960090,http://idearq.org/resource/article/960090,Rafael M. Martínez-Sánchez,2,rafael_m_martinez_sanchez
960090,http://idearq.org/resource/article/960090,Juan Carlos Vera-Rodríguez,3,juan_carlos_vera_rodriguez
559613,http://idearq.org/resource/document/559613,Andrés Menéndez Blanco,1,andres_menendez_blanco
559613,http://idearq.org/resource/document/559613,Valentín Álvarez Martínez,2,valentin_alvarez_martinez
559613,http://idearq.org/resource/document/559613,David González Álvarez,3,david_gonzalez_alvarez
958682,http://idearq.org/resource/article/958682,Iranzu Guede,1,iranzu_guede
960107,http://idearq.org/resource/article/960107,Rosa Barroso Bermejo,1,rosa_barroso_bermejo
960107,http://idearq.org/resource/article/960107,Primitiva Bueno Ramírez,2,primitiva_bueno_ramirez
960107,http://idearq.org/resource/article/960107,Rodrigo de Balbín Behrmann,3,rodrigo_de_balbin_behrmann
960107,http://idearq.org/resource/article/960107,Armando González Martín,4,armando_gonzalez_martin
960107,http://idearq.org/resource/article/960107,Juan Manuel Rojas Rodríguez-Malo,5,juan_manuel_rojas_rodriguez_malo
958383,http://idearq.org/resource/article/958383,Igor Gutiérrez Zugasti,1,igor_gutierrez_zugasti
958383,http://idearq.org/resource/article/958383,David Cuenca Solana,2,david_cuenca_solana
958383,http://idearq.org/resource/article/958383,Manuel R. González Morales,3,manuel_r_gonzalez_morales
958383,http://idearq.org/resource/article/958383,Asier García-Escárzaga,4,asier_garcia_escarzaga
958383,http://idearq.org/resource/article/958383,Sergio Salazar Cañarte,5,sergio_salazar_canarte
958383,http://idearq.org/resource/article/958383,Luis César Teira Mayolini,6,luis_cesar_teira_mayolini
958383,http://idearq.org/resource/article/958383,Lucía Agudo Pérez,7,lucia_agudo_perez
185234,http://idearq.org/resource/article/185234,"Beck, Jess",2,beck_jess
185234,http://idearq.org/resource/article/185234,"Díaz-Del-Río, Pedro",4,diaz_del_rio_pedro
185234,http://idearq.org/resource/article/185234,"Díaz-Zorita Bonilla, Marta",1,diaz_zorita_bonilla_marta
185234,http://idearq.org/resource/article/185234,"Bocherens, Hervé",3,bocherens_herve
283740,http://idearq.org/resource/article/283740,"De la Paz Román díaz, María",1,de_la_paz_roman_diaz_maria
283740,http://idearq.org/resource/article/283740,"Ramos, Ruth Maicas",2,ramos_ruth_maicas
958661,http://idearq.org/resource/article/958661,Leonardo García Sanjuán,1,leonardo_garcia_sanjuan
958661,http://idearq.org/resource/article/958661,Coronada Mora Molina,2,coronada_mora_molina
958661,http://idearq.org/resource/article/958661,Agueda Lozano Medina,3,agueda_lozano_medina
958661,http://idearq.org/resource/article/958661,Gonzalo Aranda Jiménez,4,gonzalo_aranda_jimenez
960528,http://idearq.org/resource/book/960528,René-Pierre Carriol,10,rene_pierre_carriol
960528,http://idearq.org/resource/book/960528,Adriana Chauvin,11,adriana_chauvin
960528,http://idearq.org/resource/book/960528,Miriam Cubas,12,miriam_cubas
960528,http://idearq.org/resource/book/960528,Marián Cueto,13,marian_cueto
960528,http://idearq.org/resource/book/960528,Rafael Domingo,14,rafael_domingo
960528,http://idearq.org/resource/book/960528,Katerina Douka,15,katerina_douka
960528,http://idearq.org/resource/book/960528,Carlos Duarte,16,carlos_duarte
960528,http://idearq.org/resource/book/960528,Mikelo Elorza,17,mikelo_elorza
960528,http://idearq.org/resource/book/960528,María José Fernández-Gómez,18,maria_jose_fernandez_gomez
960528,http://idearq.org/resource/book/960528,Sónia Gabriel,19,sonia_gabriel
960528,http://idearq.org/resource/book/960528,Esteban Álvarez-Fernández,1,esteban_alvarez_fernandez
960528,http://idearq.org/resource/book/960528,María Haber,20,maria_haber
960528,http://idearq.org/resource/book/960528,María José Iriarte,21,maria_jose_iriarte
960528,http://idearq.org/resource/book/960528,Marie-Anne Julian,22,marie_anne_julian
960528,http://idearq.org/resource/book/960528,Jacynte Lepage,23,jacynte_lepage
960528,http://idearq.org/resource/book/960528,Carlos Llave,24,carlos_llave
960528,http://idearq.org/resource/book/960528,Sergio Martín-Jarque,25,sergio_martin_jarque
960528,http://idearq.org/resource/book/960528,Xavier Murelaga,26,xavier_murelaga
960528,http://idearq.org/resource/book/960528,M.ª Luisa Osete,27,m_a_luisa_osete
960528,http://idearq.org/resource/book/960528,Alicia Palencia,28,alicia_palencia
960528,http://idearq.org/resource/book/960528,Rodrigo Portero,29,rodrigo_portero
960528,http://idearq.org/resource/book/960528,Julian Bécares,2,julian_becares
960528,http://idearq.org/resource/book/960528,Mercedes Rivero,30,mercedes_rivero
960528,http://idearq.org/resource/book/960528,Olivia Rivero,31,olivia_rivero
960528,http://idearq.org/resource/book/960528,Jesús Tapia,32,jesus_tapia
960528,http://idearq.org/resource/book/960528,Andoni Tarriño,33,andoni_tarrino
960528,http://idearq.org/resource/book/960528,Luis C. Teira,34,luis_c_teira
960528,http://idearq.org/resource/book/960528,Paloma Uzquiano,35,paloma_uzquiano
960528,http://idearq.org/resource/book/960528,Pablo Arias,36,pablo_arias
960528,http://idearq.org/resource/book/960528,Jesús F. Jordá Pardo,3,jesus_f_jorda_pardo
960528,http://idearq.org/resource/book/960528,Amaia Aguirre-Uribesalgo,4,amaia_aguirre_uribesalgo
960528,http://idearq.org/resource/book/960528,David Álvarez-Alonso,5,david_alvarez_alonso
960528,http://idearq.org/resource/book/960528,María de Andrés-Herrero,6,maria_de_andres_herrero
960528,http://idearq.org/resource/book/960528,M.ª Teresa Aparicio,7,m_a_teresa_aparicio
960528,http://idearq.org/resource/book/960528,Inmaculada Barrera-Mellado,8,inmaculada_barrera_mellado
960528,http://idearq.org/resource/book/960528,Pilar Carral,9,pilar_carral
958645,http://idearq.org/resource/article/958645,Coronada Mora Molina,1,coronada_mora_molina
958645,http://idearq.org/resource/article/958645,Leonardo García Sanjuán,2,leonardo_garcia_sanjuan
958645,http://idearq.org/resource/article/958645,Verónica Navarrete Pendón,3,veronica_navarrete_pendon
958645,http://idearq.org/resource/article/958645,Luis Efrén Fernández Rodríguez,4,luis_efren_fernandez_rodriguez
566675,http://idearq.org/resource/document/566675,Juan F. Gibaja,1,juan_f_gibaja
566675,http://idearq.org/resource/document/566675,Lluis Guerrero,2,lluis_guerrero
566675,http://idearq.org/resource/document/566675,Patricia Martin,3,patricia_martin
566675,http://idearq.org/resource/document/566675,Xavier Oms,4,xavier_oms
566675,http://idearq.org/resource/document/566675,Millán Mozota,5,millan_mozota
566675,http://idearq.org/resource/document/566675,María Eulàlia Subira,6,maria_eulalia_subira
566675,http://idearq.org/resource/document/566675,Diego López-Onaindia,7,diego_lopez_onaindia
566675,http://idearq.org/resource/document/566675,Monica Oliva,8,monica_oliva
566675,http://idearq.org/resource/document/566675,Xavier Terradas,9,xavier_terradas
960471,http://idearq.org/resource/article/960471,G.A. Clark,1,g_a_clark
960471,http://idearq.org/resource/article/960471,C. Michael Barton,2,c_michael_barton
960471,http://idearq.org/resource/article/960471,Lawrence G. Straus,3,lawrence_g_straus
958546,http://idearq.org/resource/article/958546,Paloma Aranda Contamina,1,paloma_aranda_contamina
958546,http://idearq.org/resource/article/958546,José María Rodanés Vicente,2,jose_maria_rodanes_vicente
958546,http://idearq.org/resource/article/958546,José Ignacio Lorenzo Lizalde,3,jose_ignacio_lorenzo_lizalde
213148,http://idearq.org/resource/article/213148,"Pastor Quiles, María",4,pastor_quiles_maria
213148,http://idearq.org/resource/article/213148,"Torregrosa Giménez, Palmira",2,torregrosa_gimenez_palmira
213148,http://idearq.org/resource/article/213148,"García Atiénzar, Gabriel",3,garcia_atienzar_gabriel
213148,http://idearq.org/resource/article/213148,"López Sáez, José Antonio",9,lopez_saez_jose_antonio
213148,http://idearq.org/resource/article/213148,"Molina Hernández, Francisco Javier",6,molina_hernandez_francisco_javier
213148,http://idearq.org/resource/article/213148,"Ruiz Alonso, Mónica",8,ruiz_alonso_monica
213148,http://idearq.org/resource/article/213148,"Luján Navas, Alicia",5,lujan_navas_alicia
213148,http://idearq.org/resource/article/213148,"Ferrer García, Carles",10,ferrer_garcia_carles
213148,http://idearq.org/resource/article/213148,"Pérez Díaz, Sebastián",7,perez_diaz_sebastian
213148,http://idearq.org/resource/article/213148,"Jover Maestre, Francisco Javier",1,jover_maestre_francisco_javier
213148,http://idearq.org/resource/article/213148,"Tormo Cuñat, Carmen",11,tormo_cunat_carmen
960457,http://idearq.org/resource/article/960457,Fernando Prados Martínez,1,fernando_prados_martinez
960457,http://idearq.org/resource/article/960457,Antonio García Menárguez,2,antonio_garcia_menarguez
960457,http://idearq.org/resource/article/960457,Helena Jiménez Vialás,3,helena_jimenez_vialas
304213,http://idearq.org/resource/article/304213,"Gibaja, Juan F.",1,gibaja_juan_f
304213,http://idearq.org/resource/article/304213,"Morell, Berta",2,morell_berta
304213,http://idearq.org/resource/article/304213,"López-Onaindía, Diego",3,lopez_onaindia_diego
304213,http://idearq.org/resource/article/304213,"Zemour, Aurélie",4,zemour_aurelie
304213,http://idearq.org/resource/article/304213,"Bosch, Àngel",5,bosch_angel
304213,http://idearq.org/resource/article/304213,"Tarrús, Josep",6,tarrus_josep
304213,http://idearq.org/resource/article/304213,"Eulàlia Subirà, Maria",7,eulalia_subira_maria
960085,http://idearq.org/resource/article/960085,T. F. G. Higham,1,t_f_g_higham
960085,http://idearq.org/resource/article/960085,C. Bronk Ramsey,2,c_bronk_ramsey
960085,http://idearq.org/resource/article/960085,D. Chivall,3,d_chivall
960085,http://idearq.org/resource/article/960085,J. Graystone,4,j_graystone
960085,http://idearq.org/resource/article/960085,D. Baker,5,d_baker
960085,http://idearq.org/resource/article/960085,E. Henderson,6,e_henderson
960085,http://idearq.org/resource/article/960085,P. Ditchfield,7,p_ditchfield
189057,http://idearq.org/resource/article/189057,"Bosch, Delphine",3,bosch_delphine
189057,http://idearq.org/resource/article/189057,"Pellegrini, Maura",4,pellegrini_maura
189057,http://idearq.org/resource/article/189057,"Valenzuela-Lamas, Silvia",1,valenzuela_lamas_silvia
189057,http://idearq.org/resource/article/189057,"Trentacoste, Angela",7,trentacoste_angela
189057,http://idearq.org/resource/article/189057,"Jornet-Niella, Rafel",10,jornet_niella_rafel
189057,http://idearq.org/resource/article/189057,"Halstead, Paul",5,halstead_paul
189057,http://idearq.org/resource/article/189057,"Nieto-Espinet, Ariadna",6,nieto_espinet_ariadna
189057,http://idearq.org/resource/article/189057,"López-Reyes, Dani",9,lopez_reyes_dani
189057,http://idearq.org/resource/article/189057,"Orengo, Hector A.",2,orengo_hector_a
189057,http://idearq.org/resource/article/189057,"Jiménez-Manchón, Sergio",8,jimenez_manchon_sergio
960485,http://idearq.org/resource/article/960485,Douglas J. Kennett,10,douglas_j_kennett
960485,http://idearq.org/resource/article/960485,Alfredo Cortell Nicolau,11,alfredo_cortell_nicolau
960485,http://idearq.org/resource/article/960485,Nefeli Tsante,12,nefeli_tsante
960485,http://idearq.org/resource/article/960485,Martina Basile,13,martina_basile
960485,http://idearq.org/resource/article/960485,Salvador Pardo-Gordó,1,salvador_pardo_gordo
960485,http://idearq.org/resource/article/960485,Oreto García Puchol,2,oreto_garcia_puchol
960485,http://idearq.org/resource/article/960485,Agustín A. Diez Castillo,3,agustin_a_diez_castillo
960485,http://idearq.org/resource/article/960485,Sarah B. McClure,4,sarah_b_mcclure
960485,http://idearq.org/resource/article/960485,Joaquim Juan Cabanilles,5,joaquim_juan_cabanilles
960485,http://idearq.org/resource/article/960485,Manuel Pérez Ripoll,6,manuel_perez_ripoll
960485,http://idearq.org/resource/article/960485,Lluís Molina Balaguer,7,lluis_molina_balaguer
960485,http://idearq.org/resource/article/960485,Joan Bernabeu Aubán,8,joan_bernabeu_auban
960485,http://idearq.org/resource/article/960485,Josep Ll Pascual Benito,9,josep_ll_pascual_benito
180838,http://idearq.org/resource/article/180838,"Kennett, Douglas J.",133,kennett_douglas_j
180838,http://idearq.org/resource/article/180838,"Oppenheimer, Jonas",24,oppenheimer_jonas
180838,http://idearq.org/resource/article/180838,"Fowler, Chris",53,fowler_chris
180838,http://idearq.org/resource/article/180838,"Price, T. Douglas",119,price_t_douglas
180838,http://idearq.org/resource/article/180838,"Sjogren, Karl-Goran",137,sjogren_karl_goran
180838,http://idearq.org/resource/article/180838,"Szeniczey, Tamas",82,szeniczey_tamas
180838,http://idearq.org/resource/article/180838,"Herrero-Corral, Ana-Mercedes",93,herrero_corral_ana_mercedes
180838,http://idearq.org/resource/article/180838,"Szécsényi-Nagy, Anna",9,szecsenyi_nagy_anna
180838,http://idearq.org/resource/article/180838,"Furmanek, Mirosaw",109,furmanek_mirosaw
180838,http://idearq.org/resource/article/180838,"Luke, Mike",104,luke_mike
180838,http://idearq.org/resource/article/180838,"Denaire, Anthony",46,denaire_anthony
180838,http://idearq.org/resource/article/180838,"Altena, Eveline",11,altena_eveline
180838,http://idearq.org/resource/article/180838,"Heyd, Volker",135,heyd_volker
180838,http://idearq.org/resource/article/180838,"Rios, Patricia",29,rios_patricia
180838,http://idearq.org/resource/article/180838,"Hauszko, Agata",110,hauszko_agata
180838,http://idearq.org/resource/article/180838,"Sheridan, Alison",136,sheridan_alison
180838,http://idearq.org/resource/article/180838,"Stockhammer, Philipp W.",138,stockhammer_philipp_w
180838,http://idearq.org/resource/article/180838,"Liesau, Corina",28,liesau_corina
180838,http://idearq.org/resource/article/180838,"Fokkens, Harry",134,fokkens_harry
180838,http://idearq.org/resource/article/180838,"McSweeney, Kathleen",72,mcsweeney_kathleen
180838,http://idearq.org/resource/article/180838,"Gazenbeek, Michiel",54,gazenbeek_michiel
180838,http://idearq.org/resource/article/180838,"Thomas, Mark G.",132,thomas_mark_g
180838,http://idearq.org/resource/article/180838,"Valenti, Antonella",97,valenti_antonella
180838,http://idearq.org/resource/article/180838,"Harney, Eadaoin",21,harney_eadaoin
180838,http://idearq.org/resource/article/180838,"Lillios, Katina T.",115,lillios_katina_t
180838,http://idearq.org/resource/article/180838,"Hajdu, Tamas",81,hajdu_tamas
180838,http://idearq.org/resource/article/180838,"Miguel, Jorge Vega",31,miguel_jorge_vega
180838,http://idearq.org/resource/article/180838,"Mende, Balazs Gusztav",73,mende_balazs_gusztav
180838,http://idearq.org/resource/article/180838,"Brucken, Gunter",108,brucken_gunter
180838,http://idearq.org/resource/article/180838,"De Knijff, Peter",22,de_knijff_peter
180838,http://idearq.org/resource/article/180838,"Faltyskova, Zuzana",18,faltyskova_zuzana
180838,http://idearq.org/resource/article/180838,"Lefranc, Philippe",63,lefranc_philippe
180838,http://idearq.org/resource/article/180838,"Cardoso, Joao Luis",116,cardoso_joao_luis
180838,http://idearq.org/resource/article/180838,"Harper, Thomas K.",14,harper_thomas_k
180838,http://idearq.org/resource/article/180838,"Bonsall, Laura",38,bonsall_laura
180838,http://idearq.org/resource/article/180838,"Prieto, Pilar",120,prieto_pilar
180838,http://idearq.org/resource/article/180838,"Pinhasi, Ron",140,pinhasi_ron
180838,http://idearq.org/resource/article/180838,"Majo, Tona",70,majo_tona
180838,http://idearq.org/resource/article/180838,"Brown, Fraser",91,brown_fraser
180838,http://idearq.org/resource/article/180838,"Bernert, Zsolt",84,bernert_zsolt
180838,http://idearq.org/resource/article/180838,"Higham, Thomas",131,higham_thomas
180838,http://idearq.org/resource/article/180838,"Krause, Johannes",139,krause_johannes
180838,http://idearq.org/resource/article/180838,"Evans, Christopher",50,evans_christopher
180838,http://idearq.org/resource/article/180838,"Haduch, Elzbieta",57,haduch_elzbieta
180838,http://idearq.org/resource/article/180838,"Martinez, Cesar Heras",66,martinez_cesar_heras
180838,http://idearq.org/resource/article/180838,"Neil, Benjamin",102,neil_benjamin
180838,http://idearq.org/resource/article/180838,"Brace, Selina",2,brace_selina
180838,http://idearq.org/resource/article/180838,"Czene, Andras",77,czene_andras
180838,http://idearq.org/resource/article/180838,"Buster, Lindsey",40,buster_lindsey
180838,http://idearq.org/resource/article/180838,"Fernandez, Azucena Aviles",33,fernandez_azucena_aviles
180838,http://idearq.org/resource/article/180838,"Lentini, Luigi",96,lentini_luigi
180838,http://idearq.org/resource/article/180838,"Desideri, Jocelyne",106,desideri_jocelyne
180838,http://idearq.org/resource/article/180838,"Olmo, Virginia Galera",67,olmo_virginia_galera
180838,http://idearq.org/resource/article/180838,"Lalueza-Fox, Carles",143,lalueza_fox_carles
180838,http://idearq.org/resource/article/180838,"Dinwiddy, Kirsten Egging",47,dinwiddy_kirsten_egging
180838,http://idearq.org/resource/article/180838,"Allen, Tim",39,allen_tim
180838,http://idearq.org/resource/article/180838,"Rohland, Nadin",7,rohland_nadin
180838,http://idearq.org/resource/article/180838,"Tusa, Sebastiano",94,tusa_sebastiano
180838,http://idearq.org/resource/article/180838,"Pena, Rafael Garrido",55,pena_rafael_garrido
180838,http://idearq.org/resource/article/180838,"Haber-Uriarte, Maria",56,haber_uriarte_maria
180838,http://idearq.org/resource/article/180838,"Risch, Roberto",122,risch_roberto
180838,http://idearq.org/resource/article/180838,"Farre, Joan Frances",52,farre_joan_frances
180838,http://idearq.org/resource/article/180838,"Blasco, Concepcion",30,blasco_concepcion
180838,http://idearq.org/resource/article/180838,"Fernandez, Raul Flores",92,fernandez_raul_flores
180838,http://idearq.org/resource/article/180838,"Fernandes, Daniel",19,fernandes_daniel
180838,http://idearq.org/resource/article/180838,"Guerra, Manuel A. Rojo",123,guerra_manuel_a_rojo
180838,http://idearq.org/resource/article/180838,"Cheronet, Olivia",86,cheronet_olivia
180838,http://idearq.org/resource/article/180838,"Ramirez, Ana Bastida",68,ramirez_ana_bastida
180838,http://idearq.org/resource/article/180838,"Carver, Sophie",41,carver_sophie
180838,http://idearq.org/resource/article/180838,"Billoin, David",36,billoin_david
180838,http://idearq.org/resource/article/180838,"Keating, Denise",87,keating_denise
180838,http://idearq.org/resource/article/180838,"Mackiewicz, Maksym",111,mackiewicz_maksym
180838,http://idearq.org/resource/article/180838,"Vergnaud, Luc",128,vergnaud_luc
180838,http://idearq.org/resource/article/180838,"Caramelli, David",130,caramelli_david
180838,http://idearq.org/resource/article/180838,"Allentoft, Morten E.",3,allentoft_morten_e
180838,http://idearq.org/resource/article/180838,"Lazaridis, Iosif",13,lazaridis_iosif
180838,http://idearq.org/resource/article/180838,"Mortimer, Richard",105,mortimer_richard
180838,http://idearq.org/resource/article/180838,"Smrcka, Vaclav",127,smrcka_vaclav
180838,http://idearq.org/resource/article/180838,"Kucharik, Milan",51,kucharik_milan
180838,http://idearq.org/resource/article/180838,"Mod, Alessandra",74,mod_alessandra
180838,http://idearq.org/resource/article/180838,"Michel, Megan",23,michel_megan
180838,http://idearq.org/resource/article/180838,"Endrodi, Anna",79,endrodi_anna
180838,http://idearq.org/resource/article/180838,"Lefebvre, Arnaud",65,lefebvre_arnaud
180838,http://idearq.org/resource/article/180838,"Barnes, Ian",142,barnes_ian
180838,http://idearq.org/resource/article/180838,"Carnieri, Emiliano",95,carnieri_emiliano
180838,http://idearq.org/resource/article/180838,"Serralongue, Joel",125,serralongue_joel
180838,http://idearq.org/resource/article/180838,"Candilio, Francesca",90,candilio_francesca
180838,http://idearq.org/resource/article/180838,"Kristiansen, Kristian",5,kristiansen_kristian
180838,http://idearq.org/resource/article/180838,"Hey, Gill",58,hey_gill
180838,http://idearq.org/resource/article/180838,"Delibes, German",100,delibes_german
180838,http://idearq.org/resource/article/180838,"Jowett, Nick",59,jowett_nick
180838,http://idearq.org/resource/article/180838,"Lipson, Mark",12,lipson_mark
180838,http://idearq.org/resource/article/180838,"Mallick, Swapan",8,mallick_swapan
180838,http://idearq.org/resource/article/180838,"Silva, Ana Maria",126,silva_ana_maria
180838,http://idearq.org/resource/article/180838,"Knowles, Timothy",60,knowles_timothy
180838,http://idearq.org/resource/article/180838,"Wodarczak, Piotr",118,wodarczak_piotr
180838,http://idearq.org/resource/article/180838,"Ernee, Michal",49,ernee_michal
180838,http://idearq.org/resource/article/180838,"Zanini, Alessandro",98,zanini_alessandro
180838,http://idearq.org/resource/article/180838,"Craig, Oliver E.",43,craig_oliver_e
180838,http://idearq.org/resource/article/180838,"Maurandi, Joaquin Lomba",69,maurandi_joaquin_lomba
180838,http://idearq.org/resource/article/180838,"Kiss, Viktoria",76,kiss_viktoria
180838,http://idearq.org/resource/article/180838,"Alt, Kurt Werner",27,alt_kurt_werner
180838,http://idearq.org/resource/article/180838,"Cunliffe, Barry",45,cunliffe_barry
180838,http://idearq.org/resource/article/180838,"Zilhao, Joao",129,zilhao_joao
180838,http://idearq.org/resource/article/180838,"Dodwell, Natasha",48,dodwell_natasha
180838,http://idearq.org/resource/article/180838,"Haak, Wolfgang",141,haak_wolfgang
180838,http://idearq.org/resource/article/180838,"Kulcsar, Gabriella",75,kulcsar_gabriella
180838,http://idearq.org/resource/article/180838,"Hoole, Maya",85,hoole_maya
180838,http://idearq.org/resource/article/180838,"Barclay, Alistair",26,barclay_alistair
180838,http://idearq.org/resource/article/180838,"Patterson, Nick",15,patterson_nick
180838,http://idearq.org/resource/article/180838,"Banffy, Eszter",34,banffy_eszter
180838,http://idearq.org/resource/article/180838,"Navarro, Laura Castells",42,navarro_laura_castells
180838,http://idearq.org/resource/article/180838,"Bonsall, Clive",37,bonsall_clive
180838,http://idearq.org/resource/article/180838,"Soriano, Ignacio",114,soriano_ignacio
180838,http://idearq.org/resource/article/180838,"Guerra-Doce, Elisa",101,guerra_doce_elisa
180838,http://idearq.org/resource/article/180838,"Dani, Janos",83,dani_janos
180838,http://idearq.org/resource/article/180838,"Dobe, Miroslav",89,dobe_miroslav
180838,http://idearq.org/resource/article/180838,"Diekmann, Yoan",17,diekmann_yoan
180838,http://idearq.org/resource/article/180838,"Bernabo-Brea, Maria",35,bernabo_brea_maria
180838,http://idearq.org/resource/article/180838,"McKinley, Jacqueline I.",71,mckinley_jacqueline_i
180838,http://idearq.org/resource/article/180838,"Patay, Robert",78,patay_robert
180838,http://idearq.org/resource/article/180838,"Rapinski, Artur",112,rapinski_artur
180838,http://idearq.org/resource/article/180838,"Besse, Marie",107,besse_marie
180838,http://idearq.org/resource/article/180838,"Mittnik, Alissa",10,mittnik_alissa
180838,http://idearq.org/resource/article/180838,"Garcia, Roberto Menduina",32,garcia_roberto_menduina
180838,http://idearq.org/resource/article/180838,"Cook, Gordon T.",44,cook_gordon_t
180838,http://idearq.org/resource/article/180838,"Armit, Ian",4,armit_ian
180838,http://idearq.org/resource/article/180838,"Veleminsky, Petr",88,veleminsky_petr
180838,http://idearq.org/resource/article/180838,"Booth, Thomas",6,booth_thomas
180838,http://idearq.org/resource/article/180838,"Brittain, Marcus",103,brittain_marcus
180838,http://idearq.org/resource/article/180838,"Schmitt, Aurore",124,schmitt_aurore
180838,http://idearq.org/resource/article/180838,"Broomandkhoshbacht, Nasreen",16,broomandkhoshbacht_nasreen
180838,http://idearq.org/resource/article/180838,"Leach, Stephany",113,leach_stephany
180838,http://idearq.org/resource/article/180838,"Stewardson, Kristin",25,stewardson_kristin
180838,http://idearq.org/resource/article/180838,"Reich, David",144,reich_david
180838,http://idearq.org/resource/article/180838,"Kohler, Kitti",80,kohler_kitti
180838,http://idearq.org/resource/article/180838,"Waddington, Clive",99,waddington_clive
180838,http://idearq.org/resource/article/180838,"Massy, Ken",61,massy_ken
180838,http://idearq.org/resource/article/180838,"Rey, Pierre-Jerome",121,rey_pierre_jerome
180838,http://idearq.org/resource/article/180838,"Pfrengle, Saskia",62,pfrengle_saskia
180838,http://idearq.org/resource/article/180838,"Pearson, Michael Parker",117,pearson_michael_parker
180838,http://idearq.org/resource/article/180838,"Olalde, Iñigo",1,olalde_inigo
180838,http://idearq.org/resource/article/180838,"Lemercier, Olivier",64,lemercier_olivier
180838,http://idearq.org/resource/article/180838,"Ferry, Matthew",20,ferry_matthew
172104,http://idearq.org/resource/article/172104,"Morell Rovira, Berta",1,morell_rovira_berta
172104,http://idearq.org/resource/article/172104,"Oms Arias, Xavier F.",3,oms_arias_xavier_f
172104,http://idearq.org/resource/article/172104,"Subirà De Galdàcano, M. Eulàlia",5,subira_de_galdacano_m_eulalia
172104,http://idearq.org/resource/article/172104,"Chambon, Philippe",6,chambon_philippe
172104,http://idearq.org/resource/article/172104,"Barceló Álvarez, Juan Antonio",2,barcelo_alvarez_juan_antonio
172104,http://idearq.org/resource/article/172104,"Remolins Zamora, Gerard",4,remolins_zamora_gerard
172104,http://idearq.org/resource/article/172104,"Gibaja Bao, Juan F.",7,gibaja_bao_juan_f
960458,http://idearq.org/resource/article/960458,António M. Monge Soares,1,antonio_m_monge_soares
960458,http://idearq.org/resource/article/960458,Maria Isabel M. Ribeiro,2,maria_isabel_m_ribeiro
960458,http://idearq.org/resource/article/960458,Maria José Oliveira,3,maria_jose_oliveira
960458,http://idearq.org/resource/article/960458,Lídia Baptista,4,lidia_baptista
960458,http://idearq.org/resource/article/960458,Lília Esteves,5,lilia_esteves
960458,http://idearq.org/resource/article/960458,Pedro Valério,6,pedro_valerio
516753,http://idearq.org/resource/document/516753,ermengol Gassiot Balbé,1,ermengol_gassiot_balbe
516753,http://idearq.org/resource/document/516753,Ignacio Clemente Conte,2,ignacio_clemente_conte
960472,http://idearq.org/resource/article/960472,C Michael Barton,1,c_michael_barton
960472,http://idearq.org/resource/article/960472,Geoffrey A Clark,2,geoffrey_a_clark
960472,http://idearq.org/resource/article/960472,Lawrence G Straus,3,lawrence_g_straus
958692,http://idearq.org/resource/article/958692,Elizabeth Wright,1,elizabeth_wright
958692,http://idearq.org/resource/article/958692,Anna J. Waterman,2,anna_j_waterman
958692,http://idearq.org/resource/article/958692,David W. Peate,3,david_w_peate
958692,http://idearq.org/resource/article/958692,Michael Kunst,4,michael_kunst
958692,http://idearq.org/resource/article/958692,João Luis Cardoso,5,joao_luis_cardoso
958692,http://idearq.org/resource/article/958692,Cleia Detry,6,cleia_detry
958820,http://idearq.org/resource/article/958820,Fernando Molina,1,fernando_molina
958820,http://idearq.org/resource/article/958820,Fernando Molina,2,fernando_molina
958820,http://idearq.org/resource/article/958820,Juan Antonio Cámara,3,juan_antonio_camara
958820,http://idearq.org/resource/article/958820,José A. Afonso,4,jose_a_afonso
958820,http://idearq.org/resource/article/958820,Liliana Spaneda,5,liliana_spaneda
958608,http://idearq.org/resource/book/958608,J. M. Fullola,10,j_m_fullola
958608,http://idearq.org/resource/book/958608,M. Edo,1,m_edo
958608,http://idearq.org/resource/book/958608,F. Antolín,2,f_antolin
958608,http://idearq.org/resource/book/958608,P. Martínez,3,p_martinez
958608,http://idearq.org/resource/book/958608,C. Castellana,4,c_castellana
958608,http://idearq.org/resource/book/958608,R. Bardera,5,r_bardera
958608,http://idearq.org/resource/book/958608,M. Saña,6,m_sana
958608,http://idearq.org/resource/book/958608,M. M. Bergadà,7,m_m_bergada
958608,http://idearq.org/resource/book/958608,C. Barrio,8,c_barrio
958608,http://idearq.org/resource/book/958608,E. Fierro,9,e_fierro
196667,http://idearq.org/resource/article/196667,"Oliva Poveda, Mònica",7,oliva_poveda_monica
196667,http://idearq.org/resource/article/196667,"López-García, Juan Manuel",14,lopez_garcia_juan_manuel
196667,http://idearq.org/resource/article/196667,"Alonso-Eguíluz, Mónica",10,alonso_eguiluz_monica
196667,http://idearq.org/resource/article/196667,"Mendiela, Susana",6,mendiela_susana
196667,http://idearq.org/resource/article/196667,"Fullola, Josep Maria",16,fullola_josep_maria
196667,http://idearq.org/resource/article/196667,"Allué, Ethel",12,allue_ethel
196667,http://idearq.org/resource/article/196667,"Martínez, Pablo",5,martinez_pablo
196667,http://idearq.org/resource/article/196667,"Santos Arévalo, Francisco Javier",15,santos_arevalo_francisco_javier
196667,http://idearq.org/resource/article/196667,"Bañuls-Cardona, Sandra",13,banuls_cardona_sandra
196667,http://idearq.org/resource/article/196667,"Sanz, Montserrat",2,sanz_montserrat
196667,http://idearq.org/resource/article/196667,"Albert, Rosa M.",11,albert_rosa_m
196667,http://idearq.org/resource/article/196667,"Mozota, Millán",9,mozota_millan
196667,http://idearq.org/resource/article/196667,"Oms, F. Xavier",3,oms_f_xavier
196667,http://idearq.org/resource/article/196667,"Gibaja, Juan F.",8,gibaja_juan_f
196667,http://idearq.org/resource/article/196667,"Daura, Joan",1,daura_joan
196667,http://idearq.org/resource/article/196667,"Pedro, Mireia",4,pedro_mireia
958583,http://idearq.org/resource/article/958583,Germán Delibes de Castro,1,german_delibes_de_castro
958583,http://idearq.org/resource/article/958583,Ángel Esparza Arroyo,2,angel_esparza_arroyo
958583,http://idearq.org/resource/article/958583,Javier Velasco Vázquez,3,javier_velasco_vazquez
958583,http://idearq.org/resource/article/958583,Marcos García García,4,marcos_garcia_garcia
958583,http://idearq.org/resource/article/958583,Angélica Santa Cruz del Barrio,5,angelica_santa_cruz_del_barrio
958583,http://idearq.org/resource/article/958583,Jesús Misiego Tejeda,6,jesus_misiego_tejeda
958798,http://idearq.org/resource/article/958798,Alfonso Monsalve Romera,1,alfonso_monsalve_romera
958798,http://idearq.org/resource/article/958798,María Isabel Escribano Castro,2,maria_isabel_escribano_castro
958798,http://idearq.org/resource/article/958798,Eduardo Sevillano de la Puente,3,eduardo_sevillano_de_la_puente
958798,http://idearq.org/resource/article/958798,María Balmaseda Riega,4,maria_balmaseda_riega
958798,http://idearq.org/resource/article/958798,Gonzalo De Pedro Andrés,5,gonzalo_de_pedro_andres
958721,http://idearq.org/resource/book/958721,Mercedes Pérez Bartolomé,1,mercedes_perez_bartolome
797971,http://idearq.org/resource/article/797971,"Pérez-López, Lartaun",10,perez_lopez_lartaun
797971,http://idearq.org/resource/article/797971,"Ruiz-Alonso, Mónica",11,ruiz_alonso_monica
797971,http://idearq.org/resource/article/797971,"Ruiz-González, Daniel",12,ruiz_gonzalez_daniel
797971,http://idearq.org/resource/article/797971,"Zaldua-Etxabe, Luis",13,zaldua_etxabe_luis
797971,http://idearq.org/resource/article/797971,"Mujika-Alustiza, José Antonio",1,mujika_alustiza_jose_antonio
797971,http://idearq.org/resource/article/797971,"Agirre-García, Jaione",2,agirre_garcia_jaione
797971,http://idearq.org/resource/article/797971,"Aiestaran-De La Sotilla, Mattin",3,aiestaran_de_la_sotilla_mattin
797971,http://idearq.org/resource/article/797971,"Arevalo-Muñoz, Erik",4,arevalo_munoz_erik
797971,http://idearq.org/resource/article/797971,"Edeso-Fito, José Miguel",5,edeso_fito_jose_miguel
797971,http://idearq.org/resource/article/797971,"Goikoetxea-Zabaleta, Idoia",6,goikoetxea_zabaleta_idoia
797971,http://idearq.org/resource/article/797971,"Lopetegi-Galarraga, Ane",7,lopetegi_galarraga_ane
797971,http://idearq.org/resource/article/797971,"Orue-Beltran De Heredia, Iñigo",8,orue_beltran_de_heredia_inigo
797971,http://idearq.org/resource/article/797971,"Pérez-Díaz, Sebastián",9,perez_diaz_sebastian
212807,http://idearq.org/resource/article/212807,"Albizuri, S.",1,albizuri_s
212807,http://idearq.org/resource/article/212807,"Valenzuela-Lamas, S.",2,valenzuela_lamas_s
212807,http://idearq.org/resource/article/212807,"Fernandez, M.",4,fernandez_m
212807,http://idearq.org/resource/article/212807,"Bosch, D.",3,bosch_d
212807,http://idearq.org/resource/article/212807,"López-Cachero, F.J.",5,lopez_cachero_f_j
959988,http://idearq.org/resource/article/959988,Mauro S. Hernández Pérez,1,mauro_s_hernandez_perez
959988,http://idearq.org/resource/article/959988,Juan A. López Padilla,2,juan_a_lopez_padilla
959988,http://idearq.org/resource/article/959988,Francisco Javier Jover Maestre,3,francisco_javier_jover_maestre
960483,http://idearq.org/resource/article/960483,Alfonso Monsalve,1,alfonso_monsalve
958569,http://idearq.org/resource/article/958569,Carlos Rodriguez-Rellán,1,carlos_rodriguez_rellan
958569,http://idearq.org/resource/article/958569,Ramón Fábregas-Valcarce,2,ramon_fabregas_valcarce
958569,http://idearq.org/resource/article/958569,Fernando Carrera-Ramírez,3,fernando_carrera_ramirez
958676,http://idearq.org/resource/article/958676,S. Palomo-Díez,1,s_palomo_diez
958676,http://idearq.org/resource/article/958676,C. Baeza-Richer,2,c_baeza_richer
958676,http://idearq.org/resource/article/958676,A. Esparza-Arroyo,3,a_esparza_arroyo
958676,http://idearq.org/resource/article/958676,J. Velasco-Vázquez,4,j_velasco_vazquez
958676,http://idearq.org/resource/article/958676,C. Gomes,5,c_gomes
958676,http://idearq.org/resource/article/958676,A. Sánchez-Polo,6,a_sanchez_polo
958676,http://idearq.org/resource/article/958676,A.M. López-Parra,7,a_m_lopez_parra
958676,http://idearq.org/resource/article/958676,A. Blanco-González,8,a_blanco_gonzalez
958676,http://idearq.org/resource/article/958676,E. Arroyo-Pardo,9,e_arroyo_pardo
958410,http://idearq.org/resource/article/958410,Rosa Barroso Bermejo,1,rosa_barroso_bermejo
960116,http://idearq.org/resource/article/960116,Margarita VADILLO CONESA,1,margarita_vadillo_conesa
960116,http://idearq.org/resource/article/960116,Paula JARDÓN GINER,2,paula_jardon_giner
960116,http://idearq.org/resource/article/960116,J. Emili AURA TORTOSA,3,j_emili_aura_tortosa
958550,http://idearq.org/resource/article/958550,António Faustino Carvalho,1,antonio_faustino_carvalho
958550,http://idearq.org/resource/article/958550,David Gonçalves,2,david_goncalves
958550,http://idearq.org/resource/article/958550,Marta Díaz-Zorita Bonilla,3,marta_diaz_zorita_bonilla
958550,http://idearq.org/resource/article/958550,Maria João Valente,4,maria_joao_valente
210810,http://idearq.org/resource/article/210810,"Rafel, Núria",1,rafel_nuria
210810,http://idearq.org/resource/article/210810,"Ortiz, Mark A. Hunt",2,ortiz_mark_a_hunt
210810,http://idearq.org/resource/article/210810,"Delgado-Raack, Selina",5,delgado_raack_selina
210810,http://idearq.org/resource/article/210810,"Montero, Ignacio",3,montero_ignacio
210810,http://idearq.org/resource/article/210810,"Marín, Dioscórides",6,marin_dioscorides
210810,http://idearq.org/resource/article/210810,"Soriano, Ignacio",4,soriano_ignacio
955776,http://idearq.org/resource/article/955776,"Domínguez García, Ángel C.",1,dominguez_garcia_angel_c
955776,http://idearq.org/resource/article/955776,"Laplana, César",2,laplana_cesar
955776,http://idearq.org/resource/article/955776,"Sevilla, Paloma",3,sevilla_paloma
955776,http://idearq.org/resource/article/955776,"Blain, Hugues-Alexandre",4,blain_hugues_alexandre
955776,http://idearq.org/resource/article/955776,"Zumajo, Norberto Palomares",5,zumajo_norberto_palomares
955776,http://idearq.org/resource/article/955776,"Benítez de Lugo Enrich, Luis",6,benitez_de_lugo_enrich_luis
960443,http://idearq.org/resource/article/960443,F. Xavier Oms,1,f_xavier_oms
960443,http://idearq.org/resource/article/960443,Juan I. Morales,2,juan_i_morales
960443,http://idearq.org/resource/article/960443,Artur Cebrià,3,artur_cebria
960443,http://idearq.org/resource/article/960443,Josep Mestres,4,josep_mestres
960443,http://idearq.org/resource/article/960443,Josep M. Fullola,5,josep_m_fullola
955787,http://idearq.org/resource/article/955787,"Oms, F. Xavier",1,oms_f_xavier
955787,http://idearq.org/resource/article/955787,"Sánchez De La Torre, Marta",2,sanchez_de_la_torre_marta
955787,http://idearq.org/resource/article/955787,"Petit, M. Àngels",3,petit_m_angels
955787,http://idearq.org/resource/article/955787,"López-Cachero, F. Javier",4,lopez_cachero_f_javier
955787,http://idearq.org/resource/article/955787,"Mangado, Xavier",5,mangado_xavier
960490,http://idearq.org/resource/article/960490,Lydia P. Sánchez-Barba Muñoz,1,lydia_p_sanchez_barba_munoz
960490,http://idearq.org/resource/article/960490,Eduardo Vijande Vila,2,eduardo_vijande_vila
960490,http://idearq.org/resource/article/960490,Ángel Rubio Salvador,3,angel_rubio_salvador
960490,http://idearq.org/resource/article/960490,Inmaculada Alemán Aguilera,4,inmaculada_aleman_aguilera
960490,http://idearq.org/resource/article/960490,Marta Díaz-Zorita Bonilla,5,marta_diaz_zorita_bonilla
960490,http://idearq.org/resource/article/960490,Adolfo Moreno Márquez,6,adolfo_moreno_marquez
960490,http://idearq.org/resource/article/960490,Salvador Domínguez-Bella,7,salvador_dominguez_bella
960490,http://idearq.org/resource/article/960490,José Ramos Muñoz,8,jose_ramos_munoz
960490,http://idearq.org/resource/article/960490,Miguel C. Botella López,9,miguel_c_botella_lopez
960101,http://idearq.org/resource/book/960101,Ana Catarina Sousa,1,ana_catarina_sousa
960101,http://idearq.org/resource/book/960101,Victor S. Gonçalves,2,victor_s_goncalves
958526,http://idearq.org/resource/article/958526,Francisco Javier Jover Maestre,1,francisco_javier_jover_maestre
958526,http://idearq.org/resource/article/958526,María Pastor Quiles,2,maria_pastor_quiles
958526,http://idearq.org/resource/article/958526,Ricardo E. Basso Rial,3,ricardo_e_basso_rial
958526,http://idearq.org/resource/article/958526,Sergio Martínez Monleón,4,sergio_martinez_monleon
958526,http://idearq.org/resource/article/958526,Juan Antonio López Padilla,5,juan_antonio_lopez_padilla
958392,http://idearq.org/resource/article/958392,Margarita Fernández Mier,1,margarita_fernandez_mier
958392,http://idearq.org/resource/article/958392,Jesús Fernández Fernández,2,jesus_fernandez_fernandez
960527,http://idearq.org/resource/article/960527,Ramón Fábregas Valcarce,1,ramon_fabregas_valcarce
960527,http://idearq.org/resource/article/960527,António Faustino Carvalho,2,antonio_faustino_carvalho
960527,http://idearq.org/resource/article/960527,Arturo De Lombera-Hermida,3,arturo_de_lombera_hermida
960527,http://idearq.org/resource/article/960527,Miriam Cubas,4,miriam_cubas
960527,http://idearq.org/resource/article/960527,Alexandre Lucquin,5,alexandre_lucquin
960527,http://idearq.org/resource/article/960527,Oliver Edward Craig,6,oliver_edward_craig
960527,http://idearq.org/resource/article/960527,Xosé Pedro Rodríguez-Álvarez,7,xose_pedro_rodriguez_alvarez
955778,http://idearq.org/resource/article/955778,"Aranda Jiménez, Gonzalo",1,aranda_jimenez_gonzalo
955778,http://idearq.org/resource/article/955778,"Díaz-Zorita Bonilla, Marta",2,diaz_zorita_bonilla_marta
955778,http://idearq.org/resource/article/955778,"Hamilton, Derek",3,hamilton_derek
955778,http://idearq.org/resource/article/955778,"Milesi, Lara",4,milesi_lara
955778,http://idearq.org/resource/article/955778,"Sánchez Romero, Margarita",5,sanchez_romero_margarita
958696,http://idearq.org/resource/article/958696,A.C. Valera,1,a_c_valera
958696,http://idearq.org/resource/article/958696,I. Žalait?,2,i_zalait
958696,http://idearq.org/resource/article/958696,A.F. Maurer,3,a_f_maurer
958696,http://idearq.org/resource/article/958696,V. Grimes,4,v_grimes
958696,http://idearq.org/resource/article/958696,A.M. Silva,5,a_m_silva
958696,http://idearq.org/resource/article/958696,S. Ribeiro,6,s_ribeiro
958696,http://idearq.org/resource/article/958696,J.F. Santos,7,j_f_santos
958696,http://idearq.org/resource/article/958696,C. Barrocas Dias,8,c_barrocas_dias
958554,http://idearq.org/resource/article/958554,Carmen Manzano,10,carmen_manzano
958554,http://idearq.org/resource/article/958554,João Marreiros,11,joao_marreiros
958554,http://idearq.org/resource/article/958554,Cláudia Oliveira,12,claudia_oliveira
958554,http://idearq.org/resource/article/958554,André Tomás Santos,13,andre_tomas_santos
958554,http://idearq.org/resource/article/958554,Maria João Silva,14,maria_joao_silva
958554,http://idearq.org/resource/article/958554,João Pedro Tereso,15,joao_pedro_tereso
958554,http://idearq.org/resource/article/958554,Pedro Xavier,16,pedro_xavier
958554,http://idearq.org/resource/article/958554,Cristina Gameiro,1,cristina_gameiro
958554,http://idearq.org/resource/article/958554,Thierry Aubry,2,thierry_aubry
958554,http://idearq.org/resource/article/958554,Francisco Almeida,3,francisco_almeida
958554,http://idearq.org/resource/article/958554,Luca Dimuccio,4,luca_dimuccio
958554,http://idearq.org/resource/article/958554,Sónia Gabriel,5,sonia_gabriel
958554,http://idearq.org/resource/article/958554,Rita Gaspar,6,rita_gaspar
958554,http://idearq.org/resource/article/958554,Sérgio Gomes,7,sergio_gomes
958554,http://idearq.org/resource/article/958554,Ramón Fábregas Valcarce,8,ramon_fabregas_valcarce
958554,http://idearq.org/resource/article/958554,Sofia Figueiredo,9,sofia_figueiredo
571460,http://idearq.org/resource/document/571460,Ignacio Clemente Conte,1,ignacio_clemente_conte
571460,http://idearq.org/resource/document/571460,Javier Rey Lanaspa,2,javier_rey_lanaspa
571460,http://idearq.org/resource/document/571460,Ermengil Gassiot Ballbè,3,ermengil_gassiot_ballbe
257046,http://idearq.org/resource/article/257046,"García, Marisa Cisneros",5,garcia_marisa_cisneros
257046,http://idearq.org/resource/article/257046,"Lozano Rodríguez, José Antonio",7,lozano_rodriguez_jose_antonio
257046,http://idearq.org/resource/article/257046,"Mora Molina, Coronada",4,mora_molina_coronada
257046,http://idearq.org/resource/article/257046,"Díaz, Sebastián Pérez",8,diaz_sebastian_perez
257046,http://idearq.org/resource/article/257046,"Rodríguez Ariza, Oliva",6,rodriguez_ariza_oliva
257046,http://idearq.org/resource/article/257046,"García Sanjuán, Leonardo",1,garcia_sanjuan_leonardo
257046,http://idearq.org/resource/article/257046,"Luelmo Lautenschlaeger, Reyes",9,luelmo_lautenschlaeger_reyes
257046,http://idearq.org/resource/article/257046,"López Sáez, José Antonio",10,lopez_saez_jose_antonio
257046,http://idearq.org/resource/article/257046,"Rodríguez, Luis Efrén Fernández",2,rodriguez_luis_efren_fernandez
257046,http://idearq.org/resource/article/257046,"Nieto, Verónica Balsera",3,nieto_veronica_balsera
958385,http://idearq.org/resource/article/958385,Carmen Rosa Olaria Puyoles,1,carmen_rosa_olaria_puyoles
958385,http://idearq.org/resource/article/958385,Félix Roberto García Botón,2,felix_roberto_garcia_boton
958413,http://idearq.org/resource/article/958413,Joao Pedro V. Tereso,1,joao_pedro_v_tereso
958413,http://idearq.org/resource/article/958413,Raquel Vilaça,2,raquel_vilaca
958413,http://idearq.org/resource/article/958413,Marcos Osório,3,marcos_osorio
958413,http://idearq.org/resource/article/958413,Leonardo da Fonte,4,leonardo_da_fonte
958413,http://idearq.org/resource/article/958413,Luís Seabra Lopes,5,luis_seabra_lopes
291531,http://idearq.org/resource/article/291531,"Giménez, Palmira Torregrosa",11,gimenez_palmira_torregrosa
291531,http://idearq.org/resource/article/291531,"Maestre, Francisco Javier Jover",4,maestre_francisco_javier_jover
291531,http://idearq.org/resource/article/291531,"del Pino Curbelo, Miguel",8,del_pino_curbelo_miguel
291531,http://idearq.org/resource/article/291531,"Hernández, Francisco Javier Molina",5,hernandez_francisco_javier_molina
291531,http://idearq.org/resource/article/291531,"Atiénzar, Gabriel García",1,atienzar_gabriel_garcia
291531,http://idearq.org/resource/article/291531,"Marco, Yolanda Carrión",14,marco_yolanda_carrion
291531,http://idearq.org/resource/article/291531,"Amorós, Silvia Martínez",3,amoros_silvia_martinez
291531,http://idearq.org/resource/article/291531,"Jordà, Guillem Pérez",13,jorda_guillem_perez
291531,http://idearq.org/resource/article/291531,"Quiles, María Pastor",7,quiles_maria_pastor
291531,http://idearq.org/resource/article/291531,"Sirvent Cañada, Laura M.",16,sirvent_canada_laura_m
291531,http://idearq.org/resource/article/291531,"Paz de Miguel Ibáñez, M.",9,paz_de_miguel_ibanez_m
291531,http://idearq.org/resource/article/291531,"García, Carles Ferrer",12,garcia_carles_ferrer
291531,http://idearq.org/resource/article/291531,"Seguí, Eduardo López",10,segui_eduardo_lopez
291531,http://idearq.org/resource/article/291531,"Cuñat, Carmen Tormo",6,cunat_carmen_tormo
291531,http://idearq.org/resource/article/291531,"González, Virginia Barciela",2,gonzalez_virginia_barciela
291531,http://idearq.org/resource/article/291531,"Sáez, José Antonio López",15,saez_jose_antonio_lopez
958368,http://idearq.org/resource/book/958368,María del Rosario García Huerta,1,maria_del_rosario_garcia_huerta
958368,http://idearq.org/resource/book/958368,Francisco Javier Morales Hervás,2,francisco_javier_morales_hervas
958368,http://idearq.org/resource/book/958368,David Rodríguez González,3,david_rodriguez_gonzalez
958391,http://idearq.org/resource/article/958391,Gabriel García Atienzar,1,gabriel_garcia_atienzar
958391,http://idearq.org/resource/article/958391,José David Busquier Corbí,2,jose_david_busquier_corbi
311485,http://idearq.org/resource/article/311485,"Martín, Sergio Fernández",6,martin_sergio_fernandez
311485,http://idearq.org/resource/article/311485,"Romero, Margarita Sánchez",3,romero_margarita_sanchez
311485,http://idearq.org/resource/article/311485,"Díaz, Sebastián Pérez",5,diaz_sebastian_perez
311485,http://idearq.org/resource/article/311485,"Martínez-Sevilla, Francisco",7,martinez_sevilla_francisco
311485,http://idearq.org/resource/article/311485,"García, Lara Milesi",1,garcia_lara_milesi
311485,http://idearq.org/resource/article/311485,"Jiménez, Gonzalo Aranda",2,jimenez_gonzalo_aranda
311485,http://idearq.org/resource/article/311485,"López Sáez, José Antonio",4,lopez_saez_jose_antonio
311485,http://idearq.org/resource/article/311485,"Díaz-Zorita Bonilla, Marta",8,diaz_zorita_bonilla_marta
958680,http://idearq.org/resource/article/958680,Antonio Jesús Ortiz Villarejo,1,antonio_jesus_ortiz_villarejo
958680,http://idearq.org/resource/article/958680,Luis María Gutiérrez Soler,2,luis_maria_gutierrez_soler
958680,http://idearq.org/resource/article/958680,María Alejo Armijo,3,maria_alejo_armijo
958382,http://idearq.org/resource/article/958382,Luis Benítez de Lugo Enrich,1,luis_benitez_de_lugo_enrich
958382,http://idearq.org/resource/article/958382,Mª Ángeles Galindo?Pellicena,2,ma_angeles_galindo_pellicena
958382,http://idearq.org/resource/article/958382,Ángel C. Domínguez García,3,angel_c_dominguez_garcia
958382,http://idearq.org/resource/article/958382,César Laplana Conesa,4,cesar_laplana_conesa
958382,http://idearq.org/resource/article/958382,Gabriel Menchén Herreros,5,gabriel_menchen_herreros
958382,http://idearq.org/resource/article/958382,Norberto Palomares Zumajo,6,norberto_palomares_zumajo
958382,http://idearq.org/resource/article/958382,Amalia Pérez Romero,7,amalia_perez_romero
958382,http://idearq.org/resource/article/958382,José Luis Fuentes Sánchez,8,jose_luis_fuentes_sanchez
958382,http://idearq.org/resource/article/958382,Domingo C. Salazar?García,9,domingo_c_salazar_garcia
958800,http://idearq.org/resource/article/958800,Elisabet Conlin Hayes,1,elisabet_conlin_hayes
958800,http://idearq.org/resource/article/958800,Rafael M. Martínez Sánchez,2,rafael_m_martinez_sanchez
958800,http://idearq.org/resource/article/958800,Antonio Morgado,3,antonio_morgado
958532,http://idearq.org/resource/book/958532,María Dolores Cámalich Massieu,1,maria_dolores_camalich_massieu
958532,http://idearq.org/resource/book/958532,Francisco Javier Rodríguez Santos,2,francisco_javier_rodriguez_santos
958532,http://idearq.org/resource/book/958532,Jonathan Santana Cabrera,3,jonathan_santana_cabrera
958532,http://idearq.org/resource/book/958532,José Luis Caro Herrero,4,jose_luis_caro_herrero
958532,http://idearq.org/resource/book/958532,Juan Antonio Martos Romero,5,juan_antonio_martos_romero
958532,http://idearq.org/resource/book/958532,Carmen Cacho Quesada,6,carmen_cacho_quesada
958532,http://idearq.org/resource/book/958532,Dimas Martín Socas,7,dimas_martin_socas
958591,http://idearq.org/resource/article/958591,Fernando Rodríguez del Cueto,1,fernando_rodriguez_del_cueto
958591,http://idearq.org/resource/article/958591,Miguel Busto Zapico,2,miguel_busto_zapico
958375,http://idearq.org/resource/article/958375,José Suárez Padilla,1,jose_suarez_padilla
958375,http://idearq.org/resource/article/958375,Joan Ramon Torres,2,joan_ramon_torres
958375,http://idearq.org/resource/article/958375,Bartolomé Mora Serrano,3,bartolome_mora_serrano
958375,http://idearq.org/resource/article/958375,Leticia Salvago Soto,4,leticia_salvago_soto
958375,http://idearq.org/resource/article/958375,Cristina Chacón Mohedano,5,cristina_chacon_mohedano
958367,http://idearq.org/resource/book/958367,Alfredo Mederos Martín,1,alfredo_mederos_martin
958367,http://idearq.org/resource/book/958367,Javier Jiménez Ávila,2,javier_jimenez_avila
958710,http://idearq.org/resource/article/958710,Francisco Javier Jover Maestre,1,francisco_javier_jover_maestre
958710,http://idearq.org/resource/article/958710,Juan Antonio López Padilla,2,juan_antonio_lopez_padilla
958563,http://idearq.org/resource/article/958563,Elena María Maestro Zaldívar,1,elena_maria_maestro_zaldivar
958563,http://idearq.org/resource/article/958563,Ignacio Lafragüeta Puente,2,ignacio_lafragueta_puente
958599,http://idearq.org/resource/article/958599,Ángel Esparza Arroyo,1,angel_esparza_arroyo
958599,http://idearq.org/resource/article/958599,Javier Velasco Vázquez,2,javier_velasco_vazquez
958599,http://idearq.org/resource/article/958599,Alejandra Sánchez Polo,3,alejandra_sanchez_polo
955774,http://idearq.org/resource/article/955774,"Villalba-Mouco, Vanessa",1,villalba_mouco_vanessa
955774,http://idearq.org/resource/article/955774,"Bea, Manuel",2,bea_manuel
955774,http://idearq.org/resource/article/955774,"Montes, Lourdes",3,montes_lourdes
955774,http://idearq.org/resource/article/955774,"Salazar-García, Domingo C.",4,salazar_garcia_domingo_c
958691,http://idearq.org/resource/article/958691,T. Fernández-Crespo,1,t_fernandez_crespo
958691,http://idearq.org/resource/article/958691,C. Snoeck,2,c_snoeck
958691,http://idearq.org/resource/article/958691,J. Ordoño,3,j_ordono
958691,http://idearq.org/resource/article/958691,N. J. de Winter,4,n_j_de_winter
958691,http://idearq.org/resource/article/958691,A. Czermak,5,a_czermak
958691,http://idearq.org/resource/article/958691,N. Mattielli,6,n_mattielli
958691,http://idearq.org/resource/article/958691,J. A. Lee-Thorp,7,j_a_lee_thorp
958691,http://idearq.org/resource/article/958691,R. J. Schulting,8,r_j_schulting
939294,http://idearq.org/resource/article/939294,"Avezuela, Bárbara",10,avezuela_barbara
939294,http://idearq.org/resource/article/939294,"Jordá Pardo, Jesús F.",11,jorda_pardo_jesus_f
939294,http://idearq.org/resource/article/939294,"Uzquiano, Paloma",12,uzquiano_paloma
939294,http://idearq.org/resource/article/939294,"Riquelme, José A.",13,riquelme_jose_a
939294,http://idearq.org/resource/article/939294,"Ruiz-Zapata, Blanca",14,ruiz_zapata_blanca
939294,http://idearq.org/resource/article/939294,"Gil-García, María J.",15,gil_garcia_maria_j
939294,http://idearq.org/resource/article/939294,"Ramos Muñoz, José",16,ramos_munoz_jose
939294,http://idearq.org/resource/article/939294,"Weniger, Gerd-Christian",17,weniger_gerd_christian
939294,http://idearq.org/resource/article/939294,"Palomo, Alfonso",18,palomo_alfonso
939294,http://idearq.org/resource/article/939294,"Smith, Víctor Manuel",19,smith_victor_manuel
939294,http://idearq.org/resource/article/939294,"Cabello, Lidia",1,cabello_lidia
939294,http://idearq.org/resource/article/939294,"Becerra, Serafín",20,becerra_serafin
939294,http://idearq.org/resource/article/939294,"Salvador Fernández, Diego",21,salvador_fernandez_diego
939294,http://idearq.org/resource/article/939294,"Dominguez-Bella, Salvador",22,dominguez_bella_salvador
939294,http://idearq.org/resource/article/939294,"Tafelmaier, Yvonne",23,tafelmaier_yvonne
939294,http://idearq.org/resource/article/939294,"Vijande-Vila, Eduardo",24,vijande_vila_eduardo
939294,http://idearq.org/resource/article/939294,"Cantalejo, Pedro",2,cantalejo_pedro
939294,http://idearq.org/resource/article/939294,"Espejo, Mª de Mar",3,espejo_ma_de_mar
939294,http://idearq.org/resource/article/939294,"Buendía, Antonio F.",4,buendia_antonio_f
939294,http://idearq.org/resource/article/939294,"Fernández, José M.",5,fernandez_jose_m
939294,http://idearq.org/resource/article/939294,"González Ríos, Manuel",6,gonzalez_rios_manuel
939294,http://idearq.org/resource/article/939294,"González, Olga",7,gonzalez_olga
939294,http://idearq.org/resource/article/939294,"Durán, Juan José",8,duran_juan_jose
939294,http://idearq.org/resource/article/939294,"Robledo, Pedro",9,robledo_pedro
960494,http://idearq.org/resource/book/960494,Filipa Rodrigues,1,filipa_rodrigues
960494,http://idearq.org/resource/book/960494,Pedro Souto,2,pedro_souto
960494,http://idearq.org/resource/book/960494,Artur Ferreira,3,artur_ferreira
960494,http://idearq.org/resource/book/960494,Alexandre Varanda,4,alexandre_varanda
960494,http://idearq.org/resource/book/960494,Luís Gomes,5,luis_gomes
960494,http://idearq.org/resource/book/960494,Helena Gomes,6,helena_gomes
960494,http://idearq.org/resource/book/960494,João Zilhão,7,joao_zilhao
960112,http://idearq.org/resource/article/960112,Angélica Santa Cruz del Barrio,1,angelica_santa_cruz_del_barrio
960112,http://idearq.org/resource/article/960112,Rodrigo Villalobos García,2,rodrigo_villalobos_garcia
960112,http://idearq.org/resource/article/960112,Germán Delibes de Castro,3,german_delibes_de_castro
958364,http://idearq.org/resource/article/958364,Rafael Bolado del Castillo,1,rafael_bolado_del_castillo
958364,http://idearq.org/resource/article/958364,Enrique Gutiérrez Cuenca,2,enrique_gutierrez_cuenca
958364,http://idearq.org/resource/article/958364,José Ángel Hierro Gárate,3,jose_angel_hierro_garate
960496,http://idearq.org/resource/article/960496,David Anthony,10,david_anthony
960496,http://idearq.org/resource/article/960496,Ekaterina Antipina,11,ekaterina_antipina
960496,http://idearq.org/resource/article/960496,Sarieh Amiri,12,sarieh_amiri
960496,http://idearq.org/resource/article/960496,Guy Bar-Oz,13,guy_bar_oz
960496,http://idearq.org/resource/article/960496,Vladimir I. Bazaliiskii,14,vladimir_i_bazaliiskii
960496,http://idearq.org/resource/article/960496,Jelena Bulatovi?,15,jelena_bulatovi
960496,http://idearq.org/resource/article/960496,Dorcas Brown,16,dorcas_brown
960496,http://idearq.org/resource/article/960496,Alberto Carmagnini,17,alberto_carmagnini
960496,http://idearq.org/resource/article/960496,Tom Davy,18,tom_davy
960496,http://idearq.org/resource/article/960496,Sergey Fedorov,19,sergey_fedorov
960496,http://idearq.org/resource/article/960496,Anders Bergström,1,anders_bergstrom
960496,http://idearq.org/resource/article/960496,Ivana Fiore,20,ivana_fiore
960496,http://idearq.org/resource/article/960496,Deirdre Fulton,21,deirdre_fulton
960496,http://idearq.org/resource/article/960496,Mietje Germonpré,22,mietje_germonpre
960496,http://idearq.org/resource/article/960496,James Haile,23,james_haile
960496,http://idearq.org/resource/article/960496,Evan K. Irving-Pease,24,evan_k_irving_pease
960496,http://idearq.org/resource/article/960496,Alexandra Jamieson,25,alexandra_jamieson
960496,http://idearq.org/resource/article/960496,Luc Janssens,26,luc_janssens
960496,http://idearq.org/resource/article/960496,Irina Kirillova,27,irina_kirillova
960496,http://idearq.org/resource/article/960496,Liora Kolska Horwitz,28,liora_kolska_horwitz
960496,http://idearq.org/resource/article/960496,Julka Kuzmanovic-Cvetkovi?,29,julka_kuzmanovic_cvetkovi
960496,http://idearq.org/resource/article/960496,Laurent Frantz,2,laurent_frantz
960496,http://idearq.org/resource/article/960496,Yaroslav Kuzmin,30,yaroslav_kuzmin
960496,http://idearq.org/resource/article/960496,Robert J. Losey,31,robert_j_losey
960496,http://idearq.org/resource/article/960496,Daria Ložnjak Dizdar,32,daria_loznjak_dizdar
960496,http://idearq.org/resource/article/960496,Marjan Mashkour,33,marjan_mashkour
960496,http://idearq.org/resource/article/960496,Mario Novak,34,mario_novak
960496,http://idearq.org/resource/article/960496,Vedat Onar,35,vedat_onar
960496,http://idearq.org/resource/article/960496,David Orton,36,david_orton
960496,http://idearq.org/resource/article/960496,Maja Pasari?,37,maja_pasari
960496,http://idearq.org/resource/article/960496,Miljana Radivojevi?,38,miljana_radivojevi
960496,http://idearq.org/resource/article/960496,Dragana Rajkovi?,39,dragana_rajkovi
960496,http://idearq.org/resource/article/960496,Ryan Schmidt,3,ryan_schmidt
960496,http://idearq.org/resource/article/960496,Benjamin Roberts,40,benjamin_roberts
960496,http://idearq.org/resource/article/960496,Hannah Ryan,41,hannah_ryan
960496,http://idearq.org/resource/article/960496,Mikhail Sablin,42,mikhail_sablin
960496,http://idearq.org/resource/article/960496,Fedor Shidlovskiy,43,fedor_shidlovskiy
960496,http://idearq.org/resource/article/960496,Ivana Stojanovi?,44,ivana_stojanovi
960496,http://idearq.org/resource/article/960496,Antonio Tagliacozzo,45,antonio_tagliacozzo
960496,http://idearq.org/resource/article/960496,Katerina Trantalidou,46,katerina_trantalidou
960496,http://idearq.org/resource/article/960496,Inga Ullén,47,inga_ullen
960496,http://idearq.org/resource/article/960496,Aritza Villaluenga,48,aritza_villaluenga
960496,http://idearq.org/resource/article/960496,Paula Wapnish,49,paula_wapnish
960496,http://idearq.org/resource/article/960496,Erik Ersmark,4,erik_ersmark
960496,http://idearq.org/resource/article/960496,Keith Dobney,50,keith_dobney
960496,http://idearq.org/resource/article/960496,Anders Götherström,51,anders_gotherstrom
960496,http://idearq.org/resource/article/960496,Anna Linderholm,52,anna_linderholm
960496,http://idearq.org/resource/article/960496,Love Dalén,53,love_dalen
960496,http://idearq.org/resource/article/960496,Ron Pinhasi,54,ron_pinhasi
960496,http://idearq.org/resource/article/960496,Greger Larson,55,greger_larson
960496,http://idearq.org/resource/article/960496,Pontus Skoglund,56,pontus_skoglund
960496,http://idearq.org/resource/article/960496,Ophelie Lebrasseur,5,ophelie_lebrasseur
960496,http://idearq.org/resource/article/960496,Linus Girdland-Flink,6,linus_girdland_flink
960496,http://idearq.org/resource/article/960496,Audrey T. Lin,7,audrey_t_lin
960496,http://idearq.org/resource/article/960496,Jan Storå,8,jan_stora
960496,http://idearq.org/resource/article/960496,Karl-Göran Sjögren,9,karl_goran_sjogren
958548,http://idearq.org/resource/article/958548,Abel Berdejo Arceiz,1,abel_berdejo_arceiz
958548,http://idearq.org/resource/article/958548,Andrés Rodríguez Sobrino,2,andres_rodriguez_sobrino
958548,http://idearq.org/resource/article/958548,Alberto Obón Zúñiga,3,alberto_obon_zuniga
958548,http://idearq.org/resource/article/958548,Hugo Ábalos Aguilar,4,hugo_abalos_aguilar
958548,http://idearq.org/resource/article/958548,Paula Gallego Fernández,5,paula_gallego_fernandez
958548,http://idearq.org/resource/article/958548,Ester Pardina Morlanez,6,ester_pardina_morlanez
958548,http://idearq.org/resource/article/958548,Marta Alcolea,7,marta_alcolea
958548,http://idearq.org/resource/article/958548,Alejandro Sierra Sáinz Aja,8,alejandro_sierra_sainz_aja
958525,http://idearq.org/resource/book/958525,Fernando Molina González,1,fernando_molina_gonzalez
958525,http://idearq.org/resource/book/958525,José Andrés Afonso Marrero,2,jose_andres_afonso_marrero
958525,http://idearq.org/resource/book/958525,Juan Antonio Cámara Serrano,3,juan_antonio_camara_serrano
958525,http://idearq.org/resource/book/958525,Alberto Dorado Alejos,4,alberto_dorado_alejos
958525,http://idearq.org/resource/book/958525,Rafael María Martínez Sánchez,5,rafael_maria_martinez_sanchez
958525,http://idearq.org/resource/book/958525,Liliana Spanedda,6,liliana_spanedda
958377,http://idearq.org/resource/article/958377,M. Díaz-Zorita Bonilla,1,m_diaz_zorita_bonilla
958377,http://idearq.org/resource/article/958377,J. Beck,2,j_beck
958377,http://idearq.org/resource/article/958377,G. Aranda Jiménez,3,g_aranda_jimenez
958377,http://idearq.org/resource/article/958377,L. Milesi García,4,l_milesi_garcia
958377,http://idearq.org/resource/article/958377,M. Sánchez Romero,5,m_sanchez_romero
958377,http://idearq.org/resource/article/958377,A. Lozano Medina,6,a_lozano_medina
958377,http://idearq.org/resource/article/958377,J. Escudero Carrillo,7,j_escudero_carrillo
958377,http://idearq.org/resource/article/958377,C. Knipper,8,c_knipper
960498,http://idearq.org/resource/article/960498,Andrea García-Sagastibelza,1,andrea_garcia_sagastibelza
960498,http://idearq.org/resource/article/960498,José Luis Arribas,2,jose_luis_arribas
960498,http://idearq.org/resource/article/960498,Diego López-Onaindia,3,diego_lopez_onaindia
960498,http://idearq.org/resource/article/960498,Emma Pomeroy,4,emma_pomeroy
960498,http://idearq.org/resource/article/960498,Antonio Rodríguez-Hidalgo,5,antonio_rodriguez_hidalgo
960498,http://idearq.org/resource/article/960498,Dominique Castex,6,dominique_castex
960498,http://idearq.org/resource/article/960498,Christine Couture-Veschambre,7,christine_couture_veschambre
960498,http://idearq.org/resource/article/960498,Asier Gómez-Olivencia,8,asier_gomez_olivencia
958521,http://idearq.org/resource/article/958521,T. Fernández-Crespo,1,t_fernandez_crespo
958521,http://idearq.org/resource/article/958521,P.J. le Roux,2,p_j_le_roux
958521,http://idearq.org/resource/article/958521,J. Ordoño,3,j_ordono
958521,http://idearq.org/resource/article/958521,P.W. Ditchfield,4,p_w_ditchfield
958521,http://idearq.org/resource/article/958521,R.J. Schulting,5,r_j_schulting
958660,http://idearq.org/resource/article/958660,Gonzalo Aranda Jiménez,1,gonzalo_aranda_jimenez
958660,http://idearq.org/resource/article/958660,Marta Díaz-Zorita Bonilla,2,marta_diaz_zorita_bonilla
958660,http://idearq.org/resource/article/958660,Derek Hamilton,3,derek_hamilton
958660,http://idearq.org/resource/article/958660,Lara Milesi,4,lara_milesi
958660,http://idearq.org/resource/article/958660,Margarita Sánchez Romero,5,margarita_sanchez_romero
958714,http://idearq.org/resource/article/958714,Rafael Bolado del Castillo,1,rafael_bolado_del_castillo
958714,http://idearq.org/resource/article/958714,Oriol López?Bultó,2,oriol_lopez_bulto
958714,http://idearq.org/resource/article/958714,Miriam Cubas,3,miriam_cubas
958596,http://idearq.org/resource/article/958596,NELSON J. ALMEIDA,1,nelson_j_almeida
958596,http://idearq.org/resource/article/958596,ANTÓNIO CARLOS VALERA,2,antonio_carlos_valera
958639,http://idearq.org/resource/article/958639,Dídac Roman Monroig,1,didac_roman_monroig
958639,http://idearq.org/resource/article/958639,Inés Domingo Sanz,2,ines_domingo_sanz
960487,http://idearq.org/resource/article/960487,Rachel J A Hopkins,1,rachel_j_a_hopkins
960487,http://idearq.org/resource/article/960487,Lawrence Guy Straus,2,lawrence_guy_straus
960487,http://idearq.org/resource/article/960487,Manuel R González Morales,3,manuel_r_gonzalez_morales
958646,http://idearq.org/resource/article/958646,Beatriz Gavilán Ceballos,1,beatriz_gavilan_ceballos
958646,http://idearq.org/resource/article/958646,Martí Mas Cornellà,2,marti_mas_cornella
958652,http://idearq.org/resource/article/958652,Silvia Carnicero-Cáceres,1,silvia_carnicero_caceres
958652,http://idearq.org/resource/article/958652,Jesús F. Torres-Martínez,2,jesus_f_torres_martinez
958666,http://idearq.org/resource/article/958666,Alfredo Mederos Martin,1,alfredo_mederos_martin
958666,http://idearq.org/resource/article/958666,Thomas X. Schuhmacher,2,thomas_x_schuhmacher
958666,http://idearq.org/resource/article/958666,Frank Falkenstein,3,frank_falkenstein
958666,http://idearq.org/resource/article/958666,Nils Ostermeier,4,nils_ostermeier
958666,http://idearq.org/resource/article/958666,Charles Bashore,5,charles_bashore
958666,http://idearq.org/resource/article/958666,Juan Manuel Vargas,6,juan_manuel_vargas
958666,http://idearq.org/resource/article/958666,Marlene Ruppert,7,marlene_ruppert
958658,http://idearq.org/resource/article/958658,Alberto Dorado Alejos,1,alberto_dorado_alejos
958658,http://idearq.org/resource/article/958658,María Pastor Quiles,2,maria_pastor_quiles
958658,http://idearq.org/resource/article/958658,Gabriel García Atiénzar,3,gabriel_garcia_atienzar
958658,http://idearq.org/resource/article/958658,Virginia Barciela González,4,virginia_barciela_gonzalez
958658,http://idearq.org/resource/article/958658,Mauro S. Hernández Pérez,5,mauro_s_hernandez_perez
958420,http://idearq.org/resource/article/958420,Carlos Velasco-Felipe,10,carlos_velasco_felipe
958420,http://idearq.org/resource/article/958420,Lourdes Andúgar,11,lourdes_andugar
958420,http://idearq.org/resource/article/958420,Wolfgang Haak,12,wolfgang_haak
958420,http://idearq.org/resource/article/958420,Vanessa Villalba-Mouco,13,vanessa_villalba_mouco
958420,http://idearq.org/resource/article/958420,Rafael Micó,14,rafael_mico
958420,http://idearq.org/resource/article/958420,Vicente Lull,1,vicente_lull
958420,http://idearq.org/resource/article/958420,Cristina Rihuete-Herrada,2,cristina_rihuete_herrada
958420,http://idearq.org/resource/article/958420,Roberto Risch,3,roberto_risch
958420,http://idearq.org/resource/article/958420,Bárbara Bonora,4,barbara_bonora
958420,http://idearq.org/resource/article/958420,Eva Celdrán-Beltrán,5,eva_celdran_beltran
958420,http://idearq.org/resource/article/958420,Maria Inés Fregeiro,6,maria_ines_fregeiro
958420,http://idearq.org/resource/article/958420,Claudia Molero,7,claudia_molero
958420,http://idearq.org/resource/article/958420,Adrià Moreno,8,adria_moreno
958420,http://idearq.org/resource/article/958420,Camila Oliart,9,camila_oliart
958560,http://idearq.org/resource/article/958560,Marie Gurke,1,marie_gurke
958560,http://idearq.org/resource/article/958560,Amalia Vidal-Gorosquieta,2,amalia_vidal_gorosquieta
958560,http://idearq.org/resource/article/958560,Johanna L. A. Pajimans,3,johanna_l_a_pajimans
958560,http://idearq.org/resource/article/958560,Karolina W?cek,4,karolina_w_cek
958560,http://idearq.org/resource/article/958560,Axel Barlow,5,axel_barlow
958560,http://idearq.org/resource/article/958560,Gloria González-Fortes,6,gloria_gonzalez_fortes
958560,http://idearq.org/resource/article/958560,Stefanie Hartmann,7,stefanie_hartmann
958560,http://idearq.org/resource/article/958560,Aurora Grandal-d’Anglade,8,aurora_grandal_danglade
958560,http://idearq.org/resource/article/958560,Michael Hofreiter,9,michael_hofreiter
377090,http://idearq.org/resource/article/377090,"Peraza, Alfonso Fanjul",3,peraza_alfonso_fanjul
377090,http://idearq.org/resource/article/377090,"de Luis Mariño, Susana",1,de_luis_marino_susana
377090,http://idearq.org/resource/article/377090,"Gancedo, Mariano Luis Serna",2,gancedo_mariano_luis_serna
958616,http://idearq.org/resource/article/958616,Margarita Gleba,1,margarita_gleba
958616,http://idearq.org/resource/article/958616,M. Dolores Bretones-García,2,m_dolores_bretones_garcia
958616,http://idearq.org/resource/article/958616,Corrado Cimarelli,3,corrado_cimarelli
958616,http://idearq.org/resource/article/958616,Juan Carlos Vera-Rodríguez,4,juan_carlos_vera_rodriguez
958616,http://idearq.org/resource/article/958616,Rafael M. Martínez-Sánchez,5,rafael_m_martinez_sanchez
293681,http://idearq.org/resource/article/293681,"Morell, B.",7,morell_b
293681,http://idearq.org/resource/article/293681,"González Marcén, P.",11,gonzalez_marcen_p
293681,http://idearq.org/resource/article/293681,"Alonzi, E.",5,alonzi_e
293681,http://idearq.org/resource/article/293681,"Gibaja, J.F.",14,gibaja_j_f
293681,http://idearq.org/resource/article/293681,"Remolins, G.",8,remolins_g
293681,http://idearq.org/resource/article/293681,"Knudson, K.J.",4,knudson_k_j
293681,http://idearq.org/resource/article/293681,"Roig, J.",9,roig_j
293681,http://idearq.org/resource/article/293681,"Martín, A.",10,martin_a
293681,http://idearq.org/resource/article/293681,"Plasencia, J.",12,plasencia_j
293681,http://idearq.org/resource/article/293681,"Bolhofner, K.",6,bolhofner_k
293681,http://idearq.org/resource/article/293681,"Coll, J.M.",13,coll_j_m
293681,http://idearq.org/resource/article/293681,"Díaz-Zorita Bonilla, M.",1,diaz_zorita_bonilla_m
293681,http://idearq.org/resource/article/293681,"Fontanals-Coll, M.",3,fontanals_coll_m
293681,http://idearq.org/resource/article/293681,"Subirá, M.E.",2,subira_m_e
572727,http://idearq.org/resource/document/572727,Josep Pascual Beneyto,1,josep_pascual_beneyto
572727,http://idearq.org/resource/document/572727,Llorenç Alapont,2,llorenc_alapont
572727,http://idearq.org/resource/document/572727,Mercedes Murillo-Barroso,3,mercedes_murillo_barroso
572727,http://idearq.org/resource/document/572727,Ignacio Montero-Ruiz,4,ignacio_montero_ruiz
958679,http://idearq.org/resource/article/958679,María Alejo Armijo,1,maria_alejo_armijo
958679,http://idearq.org/resource/article/958679,Luis María Gutiérrez Sole,2,luis_maria_gutierrez_sole
958679,http://idearq.org/resource/article/958679,Antonio Jesús Ortiz Villarejo,3,antonio_jesus_ortiz_villarejo
958679,http://idearq.org/resource/article/958679,José Antonio Alejo Sáez,4,jose_antonio_alejo_saez
958679,http://idearq.org/resource/article/958679,José Antonio Riquelme Cantal,5,jose_antonio_riquelme_cantal
958651,http://idearq.org/resource/article/958651,Rosa Barroso Bermejo,1,rosa_barroso_bermejo
958651,http://idearq.org/resource/article/958651,Enrique Cerrillo Cuenca,2,enrique_cerrillo_cuenca
958651,http://idearq.org/resource/article/958651,Primitiva Bueno Ramírez,3,primitiva_bueno_ramirez
958651,http://idearq.org/resource/article/958651,Armando González Martín,4,armando_gonzalez_martin
958655,http://idearq.org/resource/article/958655,Javier Aragoncillo,1,javier_aragoncillo
958655,http://idearq.org/resource/article/958655,Ignacio Triguero,2,ignacio_triguero
958556,http://idearq.org/resource/article/958556,T. Fernández-Crespo,1,t_fernandez_crespo
958556,http://idearq.org/resource/article/958556,J. Ordoño,2,j_ordono
958556,http://idearq.org/resource/article/958556,R.J. Schulting,3,r_j_schulting
958606,http://idearq.org/resource/article/958606,Susana Vega Bolivar,1,susana_vega_bolivar
958606,http://idearq.org/resource/article/958606,Rafael Laborda Lorente,2,rafael_laborda_lorente
958606,http://idearq.org/resource/article/958606,Paloma Lanau Hernáez,3,paloma_lanau_hernaez
958606,http://idearq.org/resource/article/958606,Xavier Roda Gilabert,4,xavier_roda_gilabert
958606,http://idearq.org/resource/article/958606,Paloma González Marcén,5,paloma_gonzalez_marcen
958606,http://idearq.org/resource/article/958606,Rafael Mora Torcal,6,rafael_mora_torcal
958606,http://idearq.org/resource/article/958606,Jorge Martínez-Moreno,7,jorge_martinez_moreno
958662,http://idearq.org/resource/article/958662,Luis María Gutiérrez Soler,1,luis_maria_gutierrez_soler
958649,http://idearq.org/resource/article/958649,María Pastor Quiles,1,maria_pastor_quiles
958649,http://idearq.org/resource/article/958649,Francisco Javier Jover Maestre,2,francisco_javier_jover_maestre
958649,http://idearq.org/resource/article/958649,Emiliano Hernández Carrión,3,emiliano_hernandez_carrion
958649,http://idearq.org/resource/article/958649,Ricardo E. Basso Rial,4,ricardo_e_basso_rial
958649,http://idearq.org/resource/article/958649,Juan Antonio López Padilla,5,juan_antonio_lopez_padilla
960518,http://idearq.org/resource/article/960518,Diego Salvador Fernández-Sánchez,10,diego_salvador_fernandez_sanchez
960518,http://idearq.org/resource/article/960518,Juan Jesús Cantillo-Duarte,11,juan_jesus_cantillo_duarte
960518,http://idearq.org/resource/article/960518,Inmaculada Alemán-Aguilera,12,inmaculada_aleman_aguilera
960518,http://idearq.org/resource/article/960518,Adolfo Moreno-Márquez,13,adolfo_moreno_marquez
960518,http://idearq.org/resource/article/960518,Eduardo Molina-Piernas,14,eduardo_molina_piernas
960518,http://idearq.org/resource/article/960518,José Luis Ramírez-Amador,15,jose_luis_ramirez_amador
960518,http://idearq.org/resource/article/960518,María Leticia Gómez-Sánchez,16,maria_leticia_gomez_sanchez
960518,http://idearq.org/resource/article/960518,Miguel C. Botella-López,17,miguel_c_botella_lopez
960518,http://idearq.org/resource/article/960518,Joaquín Rodríguez-Vidal,18,joaquin_rodriguez_vidal
960518,http://idearq.org/resource/article/960518,José Ramos-Muñoz,19,jose_ramos_munoz
960518,http://idearq.org/resource/article/960518,Eduardo Vijande-Vila,1,eduardo_vijande_vila
960518,http://idearq.org/resource/article/960518,Marta Díaz-Zorita Bonilla,2,marta_diaz_zorita_bonilla
960518,http://idearq.org/resource/article/960518,Berta Morell-Rovira,3,berta_morell_rovira
960518,http://idearq.org/resource/article/960518,Íñigo Olalde,4,inigo_olalde
960518,http://idearq.org/resource/article/960518,Lydia P. Sánchez-Barba Muñoz,5,lydia_p_sanchez_barba_munoz
960518,http://idearq.org/resource/article/960518,Salvador Domínguez-Bella,6,salvador_dominguez_bella
960518,http://idearq.org/resource/article/960518,Steven D. Emslie,7,steven_d_emslie
960518,http://idearq.org/resource/article/960518,Serafín Becerra-Martín,8,serafin_becerra_martin
960518,http://idearq.org/resource/article/960518,Ángel Rubio-Salvador,9,angel_rubio_salvador
958726,http://idearq.org/resource/article/958726,Jose Luis Escacena Carrasco,1,jose_luis_escacena_carrasco
958726,http://idearq.org/resource/article/958726,Micha? Krueger,2,micha_krueger
958726,http://idearq.org/resource/article/958726,Alfredo Mederos Martin,3,alfredo_mederos_martin
589070,http://idearq.org/resource/document/589070,Pedro Mateos Cruz,1,pedro_mateos_cruz
958659,http://idearq.org/resource/article/958659,Daniel García Rivero,1,daniel_garcia_rivero
958659,http://idearq.org/resource/article/958659,María Barrera Cruz,2,maria_barrera_cruz
958659,http://idearq.org/resource/article/958659,Manuel J Diaz Rodriguez,3,manuel_j_diaz_rodriguez
958659,http://idearq.org/resource/article/958659,Juan C. Vera Rodriguez,4,juan_c_vera_rodriguez
958659,http://idearq.org/resource/article/958659,Ruth Taylor,5,ruth_taylor
960530,http://idearq.org/resource/article/960530,"Cubas, Miriam",10,cubas_miriam
960530,http://idearq.org/resource/article/960530,"del Castillo, Rafael Bolado",1,del_castillo_rafael_bolado
960530,http://idearq.org/resource/article/960530,"Sagarna, Jesus Tapia",2,sagarna_jesus_tapia
960530,http://idearq.org/resource/article/960530,"Lopez-Bulto, Oriol",3,lopez_bulto_oriol
960530,http://idearq.org/resource/article/960530,"Pena-Chocarro, Leonor",4,pena_chocarro_leonor
960530,http://idearq.org/resource/article/960530,"Lopez-Doriga, Ines",5,lopez_doriga_ines
960530,http://idearq.org/resource/article/960530,"Rapado, Marian Cueto",6,rapado_marian_cueto
960530,http://idearq.org/resource/article/960530,"Cuenca, Enrique Gutierrez",7,cuenca_enrique_gutierrez
960530,http://idearq.org/resource/article/960530,"Garate, Jose Angel Hierro",8,garate_jose_angel_hierro
960530,http://idearq.org/resource/article/960530,"Vidiella, Pablo Perez",9,vidiella_pablo_perez
958713,http://idearq.org/resource/article/958713,Silvia Calvo Peña,1,silvia_calvo_pena
958654,http://idearq.org/resource/article/958654,María Alejo Armijo,1,maria_alejo_armijo
958654,http://idearq.org/resource/article/958654,Luis María Gutiérrez Soler,2,luis_maria_gutierrez_soler
958654,http://idearq.org/resource/article/958654,Fernando Prados Martínez,3,fernando_prados_martinez
958654,http://idearq.org/resource/article/958654,Antonio Jesús Ortiz Villarejo,4,antonio_jesus_ortiz_villarejo
958654,http://idearq.org/resource/article/958654,José Antonio Alejo Sáez,5,jose_antonio_alejo_saez
960517,http://idearq.org/resource/article/960517,Pedro Ángel Fernández Vega,1,pedro_angel_fernandez_vega
960517,http://idearq.org/resource/article/960517,Lino Mantecón Callejo,2,lino_mantecon_callejo
960517,http://idearq.org/resource/article/960517,Rafael Bolado del Castillo,3,rafael_bolado_del_castillo
958649,http://idearq.org/resource/article/958649,María Pastor Quiles,1,maria_pastor_quiles
958649,http://idearq.org/resource/article/958649,Francisco Javier Jover Maestre,2,francisco_javier_jover_maestre
958649,http://idearq.org/resource/article/958649,Emiliano Hernández Carrión,3,emiliano_hernandez_carrion
958649,http://idearq.org/resource/article/958649,Ricardo E. Basso Rial,4,ricardo_e_basso_rial
958649,http://idearq.org/resource/article/958649,Juan Antonio López Padilla,5,juan_antonio_lopez_padilla
958663,http://idearq.org/resource/article/958663,José E. Márquez-Romero,1,jose_e_marquez_romero
958663,http://idearq.org/resource/article/958663,José L. Caro,2,jose_l_caro
958663,http://idearq.org/resource/article/958663,José Suárez-Padilla,3,jose_suarez_padilla
958719,http://idearq.org/resource/article/958719,Daniel García Rivero,1,daniel_garcia_rivero
958719,http://idearq.org/resource/article/958719,Patricia Virino Gabella,2,patricia_virino_gabella
958719,http://idearq.org/resource/article/958719,Ruth Taylor,3,ruth_taylor
958719,http://idearq.org/resource/article/958719,David López Carmona,4,david_lopez_carmona
958719,http://idearq.org/resource/article/958719,Beatriz Gavilán Ceballos,5,beatriz_gavilan_ceballos
958719,http://idearq.org/resource/article/958719,Martí Mas Cornellà,6,marti_mas_cornella
958707,http://idearq.org/resource/article/958707,Christopher M. Gerrard,1,christopher_m_gerrard
958669,http://idearq.org/resource/article/958669,Elena Vega Rivas,1,elena_vega_rivas
958701,http://idearq.org/resource/article/958701,Luis Benítez de Lugo Enrich,1,luis_benitez_de_lugo_enrich
958701,http://idearq.org/resource/article/958701,Alfredo Mederos Martín,2,alfredo_mederos_martin
958701,http://idearq.org/resource/article/958701,César Esteban López,3,cesar_esteban_lopez
958701,http://idearq.org/resource/article/958701,José Luis Fuentes Sánchez,4,jose_luis_fuentes_sanchez
958701,http://idearq.org/resource/article/958701,Mª Ángeles Galindo-Pellicena,5,ma_angeles_galindo_pellicena
958701,http://idearq.org/resource/article/958701,Gabriel Menchén Herreros,6,gabriel_menchen_herreros
958701,http://idearq.org/resource/article/958701,Jaime Moraleda Sierra,7,jaime_moraleda_sierra
958701,http://idearq.org/resource/article/958701,Victoria Peña Romo,8,victoria_pena_romo
960516,http://idearq.org/resource/article/960516,Ana Catarina Sousa,1,ana_catarina_sousa
960516,http://idearq.org/resource/article/960516,Marta Miranda,2,marta_miranda
960516,http://idearq.org/resource/article/960516,Ana Maria Costa,3,ana_maria_costa
960516,http://idearq.org/resource/article/960516,João Tereso,4,joao_tereso
960516,http://idearq.org/resource/article/960516,Pedro Valério,5,pedro_valerio
960516,http://idearq.org/resource/article/960516,António Monge Soares,6,antonio_monge_soares
958708,http://idearq.org/resource/article/958708,Virginia Barciela González,1,virginia_barciela_gonzalez
958708,http://idearq.org/resource/article/958708,Gabriel García Atiénzar,2,gabriel_garcia_atienzar
958708,http://idearq.org/resource/article/958708,Juan Antonio López Padilla,3,juan_antonio_lopez_padilla
958708,http://idearq.org/resource/article/958708,Mauro S. Hernández Pérez,4,mauro_s_hernandez_perez
960491,http://idearq.org/resource/article/960491,Salvador Pardo-Gordó,1,salvador_pardo_gordo
960491,http://idearq.org/resource/article/960491,Joan Bernabeu Aubán,2,joan_bernabeu_auban
960491,http://idearq.org/resource/article/960491,Joaquín Jiménez-Puerto,3,joaquin_jimenez_puerto
960491,http://idearq.org/resource/article/960491,Carmen Armero,4,carmen_armero
960491,http://idearq.org/resource/article/960491,Gonzalo García-Donato,5,gonzalo_garcia_donato
958631,http://idearq.org/resource/article/958631,Geoffrey A. CLARK,1,geoffrey_a_clark
958631,http://idearq.org/resource/article/958631,C. Michael BARTON,2,c_michael_barton
958695,http://idearq.org/resource/article/958695,Gonzalo Aranda Jiménez,1,gonzalo_aranda_jimenez
958695,http://idearq.org/resource/article/958695,Lara Milesi García,2,lara_milesi_garcia
958695,http://idearq.org/resource/article/958695,Derek Hamilton,3,derek_hamilton
958695,http://idearq.org/resource/article/958695,Marta Díaz-Zorita Bonilla,4,marta_diaz_zorita_bonilla
958695,http://idearq.org/resource/article/958695,Miriam Vílchez Suárez,5,miriam_vilchez_suarez
958695,http://idearq.org/resource/article/958695,Sonia Robles Carrasco,6,sonia_robles_carrasco
958695,http://idearq.org/resource/article/958695,Margarita Sánchez Romero,7,margarita_sanchez_romero
958695,http://idearq.org/resource/article/958695,José A. Benavides López,8,jose_a_benavides_lopez
487907,http://idearq.org/resource/article/487907,"Ruiz, Ignacio Montero",8,ruiz_ignacio_montero
487907,http://idearq.org/resource/article/487907,"Chocarro, Leonor Pena",11,chocarro_leonor_pena
487907,http://idearq.org/resource/article/487907,"Saez, Carmen Gutierrez",3,saez_carmen_gutierrez
487907,http://idearq.org/resource/article/487907,"Redondo, Ana Maria Herranz",5,redondo_ana_maria_herranz
487907,http://idearq.org/resource/article/487907,"Herreros, Gabriel Menchen",7,herreros_gabriel_menchen
487907,http://idearq.org/resource/article/487907,"De Lugo Enrich, Luis Benitez",13,de_lugo_enrich_luis_benitez
487907,http://idearq.org/resource/article/487907,"Sierra, Jaime Moraleda",9,sierra_jaime_moraleda
487907,http://idearq.org/resource/article/487907,"Castellanos, Eduardo Vera",12,castellanos_eduardo_vera
487907,http://idearq.org/resource/article/487907,"Jimenez, Gonzalo Aranda",2,jimenez_gonzalo_aranda
487907,http://idearq.org/resource/article/487907,"Moro, Pedro Munoz",10,moro_pedro_munoz
487907,http://idearq.org/resource/article/487907,"Martin, Alfredo Mederos",6,martin_alfredo_mederos
487907,http://idearq.org/resource/article/487907,"Sanchez, Jose Luis Fuentes",4,sanchez_jose_luis_fuentes
823963,http://idearq.org/resource/document/823963,"Bosch, J.",1,bosch_j
823963,http://idearq.org/resource/document/823963,"Gibaja, J.F.",2,gibaja_j_f
823963,http://idearq.org/resource/document/823963,"Subirà, M.E.",3,subira_m_e
823963,http://idearq.org/resource/document/823963,"Santos, F.J.",4,santos_f_j
823963,http://idearq.org/resource/document/823963,"Morell, B.",5,morell_b
955775,http://idearq.org/resource/article/955775,"Ramacciotti, Mirco",10,ramacciotti_mirco
955775,http://idearq.org/resource/article/955775,"Molina- Balaguer, Lluís",11,molina_balaguer_lluis
955775,http://idearq.org/resource/article/955775,"López-Montalvo, Esther",12,lopez_montalvo_esther
955775,http://idearq.org/resource/article/955775,"Bernabeu-Aubán, Joan",13,bernabeu_auban_joan
955775,http://idearq.org/resource/article/955775,"Basile, Martina",14,basile_martina
955775,http://idearq.org/resource/article/955775,"Real-Margalef, Cristina",15,real_margalef_cristina
955775,http://idearq.org/resource/article/955775,"Sanchis-Serra, Alfred",16,sanchis_serra_alfred
955775,http://idearq.org/resource/article/955775,"Pérez-Fernández, Ángela",17,perez_fernandez_angela
955775,http://idearq.org/resource/article/955775,"Orozco-Köhler, Teresa",18,orozco_kohler_teresa
955775,http://idearq.org/resource/article/955775,"Carrión-Marco, Yolanda",19,carrion_marco_yolanda
955775,http://idearq.org/resource/article/955775,"García-Puchol, Oreto",1,garcia_puchol_oreto
955775,http://idearq.org/resource/article/955775,"Pérez-Jordà, Guillem",20,perez_jorda_guillem
955775,http://idearq.org/resource/article/955775,"Barrera-Cruz, María",21,barrera_cruz_maria
955775,http://idearq.org/resource/article/955775,"Escribá-Ruiz, Pilar",22,escriba_ruiz_pilar
955775,http://idearq.org/resource/article/955775,"Jiménez-Puerto, Joaquín",23,jimenez_puerto_joaquin
955775,http://idearq.org/resource/article/955775,"McClure, Sarah B.",2,mcclure_sarah_b
955775,http://idearq.org/resource/article/955775,"Juan-Cabanilles, Joaquim",3,juan_cabanilles_joaquim
955775,http://idearq.org/resource/article/955775,"Cortell-Nicolau, Alfredo",4,cortell_nicolau_alfredo
955775,http://idearq.org/resource/article/955775,"Diez-Castillo, Agustín",5,diez_castillo_agustin
955775,http://idearq.org/resource/article/955775,"Pascual Benito, Josep Lluís",6,pascual_benito_josep_lluis
955775,http://idearq.org/resource/article/955775,"Pérez-Ripoll, Manuel",7,perez_ripoll_manuel
955775,http://idearq.org/resource/article/955775,"Pardo-Gordó, Salvador",8,pardo_gordo_salvador
955775,http://idearq.org/resource/article/955775,"Gallello, Gianni",9,gallello_gianni
960470,http://idearq.org/resource/article/960470,Nelson J. Almeida,1,nelson_j_almeida
960470,http://idearq.org/resource/article/960470,Miguel Serra,2,miguel_serra
960470,http://idearq.org/resource/article/960470,Eduardo Porfírio,3,eduardo_porfirio
960470,http://idearq.org/resource/article/960470,Sofia Silva,4,sofia_silva
960492,http://idearq.org/resource/article/960492,Pilar Escribá Ruiz,1,pilar_escriba_ruiz
960492,http://idearq.org/resource/article/960492,Joaquín Rafael Jiménez-Puerto,2,joaquin_rafael_jimenez_puerto
960492,http://idearq.org/resource/article/960492,Joan Bernabeu Auban,3,joan_bernabeu_auban
960492,http://idearq.org/resource/article/960492,Josep Pascual-Beneyto,4,josep_pascual_beneyto
824157,http://idearq.org/resource/article/824157,"Morell-Rovira, Berta",1,morell_rovira_berta
824157,http://idearq.org/resource/article/824157,"Villalba, María Josefa",2,villalba_maria_josefa
824157,http://idearq.org/resource/article/824157,"Edo, Manuel",3,edo_manuel
824157,http://idearq.org/resource/article/824157,"Oms, Xavier F.",4,oms_xavier_f
824157,http://idearq.org/resource/article/824157,"Subirà, Ma Eulàlia",5,subira_ma_eulalia
824157,http://idearq.org/resource/article/824157,"Santos, Francisco Javier",6,santos_francisco_javier
824157,http://idearq.org/resource/article/824157,"Fontanals-Coll, Maria",7,fontanals_coll_maria
824157,http://idearq.org/resource/article/824157,"Remolins, Gerard",8,remolins_gerard
824157,http://idearq.org/resource/article/824157,"Gibaja, Juan F.",9,gibaja_juan_f
810166,http://idearq.org/resource/article/810166,"Nión-Álvare, Samuel",1,nion_alvare_samuel
810166,http://idearq.org/resource/article/810166,"González, María Guadalupe Castro",2,gonzalez_maria_guadalupe_castro
810166,http://idearq.org/resource/article/810166,"Alonso, Alba Lucía Carneiro",3,alonso_alba_lucia_carneiro
955790,http://idearq.org/resource/article/955790,Lara Milesi García,1,lara_milesi_garcia
955790,http://idearq.org/resource/article/955790,Gonzalo Aranda Jiménez,2,gonzalo_aranda_jimenez
955790,http://idearq.org/resource/article/955790,Marta Díaz-Zorita Bonilla,3,marta_diaz_zorita_bonilla
955790,http://idearq.org/resource/article/955790,Sonia Robles Carrasco,4,sonia_robles_carrasco
955790,http://idearq.org/resource/article/955790,Derek Hamilton,5,derek_hamilton
955790,http://idearq.org/resource/article/955790,Miriam Vílchez Suárez,6,miriam_vilchez_suarez
955790,http://idearq.org/resource/article/955790,Margarita Sánchez Romero,7,margarita_sanchez_romero
955790,http://idearq.org/resource/article/955790,Paula Becerra Fuello,8,paula_becerra_fuello
784215,http://idearq.org/resource/article/784215,"Kanz, Fabian",10,kanz_fabian
784215,http://idearq.org/resource/article/784215,"Rebay-Salisbury, Katharina",11,rebay_salisbury_katharina
784215,http://idearq.org/resource/article/784215,"Jiménez Espejo, Francisco J.",12,jimenez_espejo_francisco_j
784215,http://idearq.org/resource/article/784215,"Rivera Jiménez, Timoteo",13,rivera_jimenez_timoteo
784215,http://idearq.org/resource/article/784215,"García Sanjuán, Leonardo",1,garcia_sanjuan_leonardo
784215,http://idearq.org/resource/article/784215,"Wheatley, David W.",2,wheatley_david_w
784215,http://idearq.org/resource/article/784215,"Lozano Rodríguez, José Antonio",3,lozano_rodriguez_jose_antonio
784215,http://idearq.org/resource/article/784215,"Evangelista, Lucy S.",4,evangelista_lucy_s
784215,http://idearq.org/resource/article/784215,"González García, Antonio César",5,gonzalez_garcia_antonio_cesar
784215,http://idearq.org/resource/article/784215,"Cintas-Peña, Marta",6,cintas_pena_marta
784215,http://idearq.org/resource/article/784215,"Díaz-Guardamino, Marta",7,diaz_guardamino_marta
784215,http://idearq.org/resource/article/784215,"Nieto, Verónica Balsera",8,nieto_veronica_balsera
784215,http://idearq.org/resource/article/784215,"Montero Artús, Raquel",9,montero_artus_raquel
960484,http://idearq.org/resource/article/960484,Dídac Román,1,didac_roman
960484,http://idearq.org/resource/article/960484,Inés Domingo,2,ines_domingo
960484,http://idearq.org/resource/article/960484,M. Mercè Bergadà,3,m_merce_bergada
960484,http://idearq.org/resource/article/960484,Lluís Lloveras,4,lluis_lloveras
960484,http://idearq.org/resource/article/960484,Jordi Nadal,5,jordi_nadal
960478,http://idearq.org/resource/article/960478,Julián Cuesta Romero,1,julian_cuesta_romero
960478,http://idearq.org/resource/article/960478,Ignacio Ruiz Vélez,2,ignacio_ruiz_velez
960478,http://idearq.org/resource/article/960478,Marta Francés Negro,3,marta_frances_negro
960478,http://idearq.org/resource/article/960478,Eduardo Bartolomé Monzón,4,eduardo_bartolome_monzon
960478,http://idearq.org/resource/article/960478,María Victoria Palacios Palacios,5,maria_victoria_palacios_palacios
960478,http://idearq.org/resource/article/960478,Desiderio Marina González,6,desiderio_marina_gonzalez
960478,http://idearq.org/resource/article/960478,Doroteo González Mozo,7,doroteo_gonzalez_mozo
960478,http://idearq.org/resource/article/960478,Miguel Arribas Alonso,8,miguel_arribas_alonso
815509,http://idearq.org/resource/article/815509,"Bertin, Ingrid",10,bertin_ingrid
815509,http://idearq.org/resource/article/815509,"Barroso Bermejo, Rosa",11,barroso_bermejo_rosa
815509,http://idearq.org/resource/article/815509,"Bueno Ramírez, Primitiva",12,bueno_ramirez_primitiva
815509,http://idearq.org/resource/article/815509,"de Balbín Behrmann, Rodrigo",13,de_balbin_behrmann_rodrigo
815509,http://idearq.org/resource/article/815509,"Palomo Pérez, Antoni",14,palomo_perez_antoni
815509,http://idearq.org/resource/article/815509,"Álvarez-Valero, Antonio M.",15,alvarez_valero_antonio_m
815509,http://idearq.org/resource/article/815509,"Peña-Chocarro, Leonor",16,pena_chocarro_leonor
815509,http://idearq.org/resource/article/815509,"Murillo-Barroso, Mercedes",17,murillo_barroso_mercedes
815509,http://idearq.org/resource/article/815509,"Fernández-Domínguez, Eva",18,fernandez_dominguez_eva
815509,http://idearq.org/resource/article/815509,"Altamirano García, Manuel",19,altamirano_garcia_manuel
815509,http://idearq.org/resource/article/815509,"Martínez-Sevilla, Francisco",1,martinez_sevilla_francisco
815509,http://idearq.org/resource/article/815509,"Pardo Martínez, Rubén",20,pardo_martinez_ruben
815509,http://idearq.org/resource/article/815509,"Iriarte Cela, Mercedes",21,iriarte_cela_mercedes
815509,http://idearq.org/resource/article/815509,"Carrasco Rus, Javier L.",22,carrasco_rus_javier_l
815509,http://idearq.org/resource/article/815509,"Alfaro Giner, Carmen",23,alfaro_giner_carmen
815509,http://idearq.org/resource/article/815509,"Piqué Huerta, Raquel",24,pique_huerta_raquel
815509,http://idearq.org/resource/article/815509,"Herrero-Otal, Maria",2,herrero_otal_maria
815509,http://idearq.org/resource/article/815509,"Martín-Seijo, María",3,martin_seijo_maria
815509,http://idearq.org/resource/article/815509,"Santana, Jonathan",4,santana_jonathan
815509,http://idearq.org/resource/article/815509,"Lozano Rodríguez, José A",5,lozano_rodriguez_jose_a
815509,http://idearq.org/resource/article/815509,"Maicas Ramos, Ruth",6,maicas_ramos_ruth
815509,http://idearq.org/resource/article/815509,"Cubas, Miriam",7,cubas_miriam
815509,http://idearq.org/resource/article/815509,"Homs, Anna",8,homs_anna
815509,http://idearq.org/resource/article/815509,"Martínez Sánchez, Rafael M.",9,martinez_sanchez_rafael_m
960534,http://idearq.org/resource/book/960534,Lara Milesi García,1,lara_milesi_garcia
960534,http://idearq.org/resource/book/960534,Víctor Jiménez-Jáimez,2,victor_jimenez_jaimez
960534,http://idearq.org/resource/book/960534,Alfonso Palomo Laburu,3,alfonso_palomo_laburu
960533,http://idearq.org/resource/book/960533,Mª José Armenteros Lojo,10,ma_jose_armenteros_lojo
960533,http://idearq.org/resource/book/960533,José Suárez Padilla,11,jose_suarez_padilla
960533,http://idearq.org/resource/book/960533,María Morente del Monte,12,maria_morente_del_monte
960533,http://idearq.org/resource/book/960533,José Luis Caro Herrero,13,jose_luis_caro_herrero
960533,http://idearq.org/resource/book/960533,Ignacio Marqués Merelo,1,ignacio_marques_merelo
960533,http://idearq.org/resource/book/960533,Teresa Aguado Mancha,2,teresa_aguado_mancha
960533,http://idearq.org/resource/book/960533,José Enrique Márquez Romero,3,jose_enrique_marquez_romero
960533,http://idearq.org/resource/book/960533,Elena Mata Vivar,4,elena_mata_vivar
960533,http://idearq.org/resource/book/960533,Sylvia A. Jiménez-Brobeil,5,sylvia_a_jimenez_brobeil
960533,http://idearq.org/resource/book/960533,Lara Milesi García,6,lara_milesi_garcia
960533,http://idearq.org/resource/book/960533,Víctor Jiménez-Jáimez,7,victor_jimenez_jaimez
960533,http://idearq.org/resource/book/960533,Alfonso Palomo Laburu,8,alfonso_palomo_laburu
960533,http://idearq.org/resource/book/960533,Lidia Cabello Ligero,9,lidia_cabello_ligero
823496,http://idearq.org/resource/article/823496,"Huet, Thomas",1,huet_thomas
823496,http://idearq.org/resource/article/823496,"Basílio, Ana Catarina",2,basilio_ana_catarina
823496,http://idearq.org/resource/article/823496,"Carvalho, António Faustino",3,carvalho_antonio_faustino
823496,http://idearq.org/resource/article/823496,"Cubas, Miriam",4,cubas_miriam
823496,http://idearq.org/resource/article/823496,"Gibaja, Juan F.",5,gibaja_juan_f
823496,http://idearq.org/resource/article/823496,"López-Romero, Elías",6,lopez_romero_elias
823496,http://idearq.org/resource/article/823496,"Oms, F. Xavier",7,oms_f_xavier
823496,http://idearq.org/resource/article/823496,"Mazzucco, Niccolò",8,mazzucco_niccolo
